Date,Evap,,,,,,,,
10/1/1971,0.0771,,,,,,,,
10/2/1971,0.0771,,,,,,,,
10/3/1971,0.0771,,,,,,,,
10/4/1971,0.0771,,,,,,,,
10/5/1971,0.0771,,,,,,,,
10/6/1971,0.0771,,,,,,,,
10/7/1971,0.0771,,,,,,,,
10/8/1971,0.0771,,,,,,,,
10/9/1971,0.0771,,,,,,,,
10/10/1971,0.0771,,,,,,,,
10/11/1971,0.0771,,,,,,,,
10/12/1971,0.0771,,,,,,,,
10/13/1971,0.0771,,,,,,,,
10/14/1971,0.0771,,,,,,,,
10/15/1971,0.0771,,,,,,,,
10/16/1971,0.0771,,,,,,,,
10/17/1971,0.0771,,,,,,,,
10/18/1971,0.0771,,,,,,,,
10/19/1971,0.0771,,,,,,,,
10/20/1971,0.0771,,,,,,,,
10/21/1971,0.0771,,,,,,,,
10/22/1971,0.0771,,,,,,,,
10/23/1971,0.0771,,,,,,,,
10/24/1971,0.0771,,,,,,,,
10/25/1971,0.0771,,,,,,,,
10/26/1971,0.0771,,,,,,,,
10/27/1971,0.0771,,,,,,,,
10/28/1971,0.0771,,,,,,,,
10/29/1971,0.0771,,,,,,,,
10/30/1971,0.0771,,,,,,,,
10/31/1971,0.0771,,,,,,,,
11/1/1971,0.035,,,,,,,,
11/2/1971,0.035,,,,,,,,
11/3/1971,0.035,,,,,,,,
11/4/1971,0.035,,,,,,,,
11/5/1971,0.035,,,,,,,,
11/6/1971,0.035,,,,,,,,
11/7/1971,0.035,,,,,,,,
11/8/1971,0.035,,,,,,,,
11/9/1971,0.035,,,,,,,,
11/10/1971,0.035,,,,,,,,
11/11/1971,0.035,,,,,,,,
11/12/1971,0.035,,,,,,,,
11/13/1971,0.035,,,,,,,,
11/14/1971,0.035,,,,,,,,
11/15/1971,0.035,,,,,,,,
11/16/1971,0.035,,,,,,,,
11/17/1971,0.035,,,,,,,,
11/18/1971,0.035,,,,,,,,
11/19/1971,0.035,,,,,,,,
11/20/1971,0.035,,,,,,,,
11/21/1971,0.035,,,,,,,,
11/22/1971,0.035,,,,,,,,
11/23/1971,0.035,,,,,,,,
11/24/1971,0.035,,,,,,,,
11/25/1971,0.035,,,,,,,,
11/26/1971,0.035,,,,,,,,
11/27/1971,0.035,,,,,,,,
11/28/1971,0.035,,,,,,,,
11/29/1971,0.035,,,,,,,,
11/30/1971,0.035,,,,,,,,
12/1/1971,0.01839,,,,,,,,
12/2/1971,0.01839,,,,,,,,
12/3/1971,0.01839,,,,,,,,
12/4/1971,0.01839,,,,,,,,
12/5/1971,0.01839,,,,,,,,
12/6/1971,0.01839,,,,,,,,
12/7/1971,0.01839,,,,,,,,
12/8/1971,0.01839,,,,,,,,
12/9/1971,0.01839,,,,,,,,
12/10/1971,0.01839,,,,,,,,
12/11/1971,0.01839,,,,,,,,
12/12/1971,0.01839,,,,,,,,
12/13/1971,0.01839,,,,,,,,
12/14/1971,0.01839,,,,,,,,
12/15/1971,0.01839,,,,,,,,
12/16/1971,0.01839,,,,,,,,
12/17/1971,0.01839,,,,,,,,
12/18/1971,0.01839,,,,,,,,
12/19/1971,0.01839,,,,,,,,
12/20/1971,0.01839,,,,,,,,
12/21/1971,0.01839,,,,,,,,
12/22/1971,0.01839,,,,,,,,
12/23/1971,0.01839,,,,,,,,
12/24/1971,0.01839,,,,,,,,
12/25/1971,0.01839,,,,,,,,
12/26/1971,0.01839,,,,,,,,
12/27/1971,0.01839,,,,,,,,
12/28/1971,0.01839,,,,,,,,
12/29/1971,0.01839,,,,,,,,
12/30/1971,0.01839,,,,,,,,
12/31/1971,0.01839,,,,,,,,
1/1/1972,0.02032,,,,,,,,
1/2/1972,0.02032,,,,,,,,
1/3/1972,0.02032,,,,,,,,
1/4/1972,0.02032,,,,,,,,
1/5/1972,0.02032,,,,,,,,
1/6/1972,0.02032,,,,,,,,
1/7/1972,0.02032,,,,,,,,
1/8/1972,0.02032,,,,,,,,
1/9/1972,0.02032,,,,,,,,
1/10/1972,0.02032,,,,,,,,
1/11/1972,0.02032,,,,,,,,
1/12/1972,0.02032,,,,,,,,
1/13/1972,0.02032,,,,,,,,
1/14/1972,0.02032,,,,,,,,
1/15/1972,0.02032,,,,,,,,
1/16/1972,0.02032,,,,,,,,
1/17/1972,0.02032,,,,,,,,
1/18/1972,0.02032,,,,,,,,
1/19/1972,0.02032,,,,,,,,
1/20/1972,0.02032,,,,,,,,
1/21/1972,0.02032,,,,,,,,
1/22/1972,0.02032,,,,,,,,
1/23/1972,0.02032,,,,,,,,
1/24/1972,0.02032,,,,,,,,
1/25/1972,0.02032,,,,,,,,
1/26/1972,0.02032,,,,,,,,
1/27/1972,0.02032,,,,,,,,
1/28/1972,0.02032,,,,,,,,
1/29/1972,0.02032,,,,,,,,
1/30/1972,0.02032,,,,,,,,
1/31/1972,0.02032,,,,,,,,
2/1/1972,0.04214,,,,,,,,
2/2/1972,0.04214,,,,,,,,
2/3/1972,0.04214,,,,,,,,
2/4/1972,0.04214,,,,,,,,
2/5/1972,0.04214,,,,,,,,
2/6/1972,0.04214,,,,,,,,
2/7/1972,0.04214,,,,,,,,
2/8/1972,0.04214,,,,,,,,
2/9/1972,0.04214,,,,,,,,
2/10/1972,0.04214,,,,,,,,
2/11/1972,0.04214,,,,,,,,
2/12/1972,0.04214,,,,,,,,
2/13/1972,0.04214,,,,,,,,
2/14/1972,0.04214,,,,,,,,
2/15/1972,0.04214,,,,,,,,
2/16/1972,0.04214,,,,,,,,
2/17/1972,0.04214,,,,,,,,
2/18/1972,0.04214,,,,,,,,
2/19/1972,0.04214,,,,,,,,
2/20/1972,0.04214,,,,,,,,
2/21/1972,0.04214,,,,,,,,
2/22/1972,0.04214,,,,,,,,
2/23/1972,0.04214,,,,,,,,
2/24/1972,0.04214,,,,,,,,
2/25/1972,0.04214,,,,,,,,
2/26/1972,0.04214,,,,,,,,
2/27/1972,0.04214,,,,,,,,
2/28/1972,0.04214,,,,,,,,
2/29/1972,0.04214,,,,,,,,
3/1/1972,0.07387,,,,,,,,
3/2/1972,0.07387,,,,,,,,
3/3/1972,0.07387,,,,,,,,
3/4/1972,0.07387,,,,,,,,
3/5/1972,0.07387,,,,,,,,
3/6/1972,0.07387,,,,,,,,
3/7/1972,0.07387,,,,,,,,
3/8/1972,0.07387,,,,,,,,
3/9/1972,0.07387,,,,,,,,
3/10/1972,0.07387,,,,,,,,
3/11/1972,0.07387,,,,,,,,
3/12/1972,0.07387,,,,,,,,
3/13/1972,0.07387,,,,,,,,
3/14/1972,0.07387,,,,,,,,
3/15/1972,0.07387,,,,,,,,
3/16/1972,0.07387,,,,,,,,
3/17/1972,0.07387,,,,,,,,
3/18/1972,0.07387,,,,,,,,
3/19/1972,0.07387,,,,,,,,
3/20/1972,0.07387,,,,,,,,
3/21/1972,0.07387,,,,,,,,
3/22/1972,0.07387,,,,,,,,
3/23/1972,0.07387,,,,,,,,
3/24/1972,0.07387,,,,,,,,
3/25/1972,0.07387,,,,,,,,
3/26/1972,0.07387,,,,,,,,
3/27/1972,0.07387,,,,,,,,
3/28/1972,0.07387,,,,,,,,
3/29/1972,0.07387,,,,,,,,
3/30/1972,0.07387,,,,,,,,
3/31/1972,0.07387,,,,,,,,
4/1/1972,0.11033,,,,,,,,
4/2/1972,0.11033,,,,,,,,
4/3/1972,0.11033,,,,,,,,
4/4/1972,0.11033,,,,,,,,
4/5/1972,0.11033,,,,,,,,
4/6/1972,0.11033,,,,,,,,
4/7/1972,0.11033,,,,,,,,
4/8/1972,0.11033,,,,,,,,
4/9/1972,0.11033,,,,,,,,
4/10/1972,0.11033,,,,,,,,
4/11/1972,0.11033,,,,,,,,
4/12/1972,0.11033,,,,,,,,
4/13/1972,0.11033,,,,,,,,
4/14/1972,0.11033,,,,,,,,
4/15/1972,0.11033,,,,,,,,
4/16/1972,0.11033,,,,,,,,
4/17/1972,0.11033,,,,,,,,
4/18/1972,0.11033,,,,,,,,
4/19/1972,0.11033,,,,,,,,
4/20/1972,0.11033,,,,,,,,
4/21/1972,0.11033,,,,,,,,
4/22/1972,0.11033,,,,,,,,
4/23/1972,0.11033,,,,,,,,
4/24/1972,0.11033,,,,,,,,
4/25/1972,0.11033,,,,,,,,
4/26/1972,0.11033,,,,,,,,
4/27/1972,0.11033,,,,,,,,
4/28/1972,0.11033,,,,,,,,
4/29/1972,0.11033,,,,,,,,
4/30/1972,0.11033,,,,,,,,
5/1/1972,0.16613,,,,,,,,
5/2/1972,0.16613,,,,,,,,
5/3/1972,0.16613,,,,,,,,
5/4/1972,0.16613,,,,,,,,
5/5/1972,0.16613,,,,,,,,
5/6/1972,0.16613,,,,,,,,
5/7/1972,0.16613,,,,,,,,
5/8/1972,0.16613,,,,,,,,
5/9/1972,0.16613,,,,,,,,
5/10/1972,0.16613,,,,,,,,
5/11/1972,0.16613,,,,,,,,
5/12/1972,0.16613,,,,,,,,
5/13/1972,0.16613,,,,,,,,
5/14/1972,0.16613,,,,,,,,
5/15/1972,0.16613,,,,,,,,
5/16/1972,0.16613,,,,,,,,
5/17/1972,0.16613,,,,,,,,
5/18/1972,0.16613,,,,,,,,
5/19/1972,0.16613,,,,,,,,
5/20/1972,0.16613,,,,,,,,
5/21/1972,0.16613,,,,,,,,
5/22/1972,0.16613,,,,,,,,
5/23/1972,0.16613,,,,,,,,
5/24/1972,0.16613,,,,,,,,
5/25/1972,0.16613,,,,,,,,
5/26/1972,0.16613,,,,,,,,
5/27/1972,0.16613,,,,,,,,
5/28/1972,0.16613,,,,,,,,
5/29/1972,0.16613,,,,,,,,
5/30/1972,0.16613,,,,,,,,
5/31/1972,0.16613,,,,,,,,
6/1/1972,0.20033,,,,,,,,
6/2/1972,0.20033,,,,,,,,
6/3/1972,0.20033,,,,,,,,
6/4/1972,0.20033,,,,,,,,
6/5/1972,0.20033,,,,,,,,
6/6/1972,0.20033,,,,,,,,
6/7/1972,0.20033,,,,,,,,
6/8/1972,0.20033,,,,,,,,
6/9/1972,0.20033,,,,,,,,
6/10/1972,0.20033,,,,,,,,
6/11/1972,0.20033,,,,,,,,
6/12/1972,0.20033,,,,,,,,
6/13/1972,0.20033,,,,,,,,
6/14/1972,0.20033,,,,,,,,
6/15/1972,0.20033,,,,,,,,
6/16/1972,0.20033,,,,,,,,
6/17/1972,0.20033,,,,,,,,
6/18/1972,0.20033,,,,,,,,
6/19/1972,0.20033,,,,,,,,
6/20/1972,0.20033,,,,,,,,
6/21/1972,0.20033,,,,,,,,
6/22/1972,0.20033,,,,,,,,
6/23/1972,0.20033,,,,,,,,
6/24/1972,0.20033,,,,,,,,
6/25/1972,0.20033,,,,,,,,
6/26/1972,0.20033,,,,,,,,
6/27/1972,0.20033,,,,,,,,
6/28/1972,0.20033,,,,,,,,
6/29/1972,0.20033,,,,,,,,
6/30/1972,0.20033,,,,,,,,
7/1/1972,0.23871,,,,,,,,
7/2/1972,0.23871,,,,,,,,
7/3/1972,0.23871,,,,,,,,
7/4/1972,0.23871,,,,,,,,
7/5/1972,0.23871,,,,,,,,
7/6/1972,0.23871,,,,,,,,
7/7/1972,0.23871,,,,,,,,
7/8/1972,0.23871,,,,,,,,
7/9/1972,0.23871,,,,,,,,
7/10/1972,0.23871,,,,,,,,
7/11/1972,0.23871,,,,,,,,
7/12/1972,0.23871,,,,,,,,
7/13/1972,0.23871,,,,,,,,
7/14/1972,0.23871,,,,,,,,
7/15/1972,0.23871,,,,,,,,
7/16/1972,0.23871,,,,,,,,
7/17/1972,0.23871,,,,,,,,
7/18/1972,0.23871,,,,,,,,
7/19/1972,0.23871,,,,,,,,
7/20/1972,0.23871,,,,,,,,
7/21/1972,0.23871,,,,,,,,
7/22/1972,0.23871,,,,,,,,
7/23/1972,0.23871,,,,,,,,
7/24/1972,0.23871,,,,,,,,
7/25/1972,0.23871,,,,,,,,
7/26/1972,0.23871,,,,,,,,
7/27/1972,0.23871,,,,,,,,
7/28/1972,0.23871,,,,,,,,
7/29/1972,0.23871,,,,,,,,
7/30/1972,0.23871,,,,,,,,
7/31/1972,0.23871,,,,,,,,
8/1/1972,0.21871,,,,,,,,
8/2/1972,0.21871,,,,,,,,
8/3/1972,0.21871,,,,,,,,
8/4/1972,0.21871,,,,,,,,
8/5/1972,0.21871,,,,,,,,
8/6/1972,0.21871,,,,,,,,
8/7/1972,0.21871,,,,,,,,
8/8/1972,0.21871,,,,,,,,
8/9/1972,0.21871,,,,,,,,
8/10/1972,0.21871,,,,,,,,
8/11/1972,0.21871,,,,,,,,
8/12/1972,0.21871,,,,,,,,
8/13/1972,0.21871,,,,,,,,
8/14/1972,0.21871,,,,,,,,
8/15/1972,0.21871,,,,,,,,
8/16/1972,0.21871,,,,,,,,
8/17/1972,0.21871,,,,,,,,
8/18/1972,0.21871,,,,,,,,
8/19/1972,0.21871,,,,,,,,
8/20/1972,0.21871,,,,,,,,
8/21/1972,0.21871,,,,,,,,
8/22/1972,0.21871,,,,,,,,
8/23/1972,0.21871,,,,,,,,
8/24/1972,0.21871,,,,,,,,
8/25/1972,0.21871,,,,,,,,
8/26/1972,0.21871,,,,,,,,
8/27/1972,0.21871,,,,,,,,
8/28/1972,0.21871,,,,,,,,
8/29/1972,0.21871,,,,,,,,
8/30/1972,0.21871,,,,,,,,
8/31/1972,0.21871,,,,,,,,
9/1/1972,0.156,,,,,,,,
9/2/1972,0.156,,,,,,,,
9/3/1972,0.156,,,,,,,,
9/4/1972,0.156,,,,,,,,
9/5/1972,0.156,,,,,,,,
9/6/1972,0.156,,,,,,,,
9/7/1972,0.156,,,,,,,,
9/8/1972,0.156,,,,,,,,
9/9/1972,0.156,,,,,,,,
9/10/1972,0.156,,,,,,,,
9/11/1972,0.156,,,,,,,,
9/12/1972,0.156,,,,,,,,
9/13/1972,0.156,,,,,,,,
9/14/1972,0.156,,,,,,,,
9/15/1972,0.156,,,,,,,,
9/16/1972,0.156,,,,,,,,
9/17/1972,0.156,,,,,,,,
9/18/1972,0.156,,,,,,,,
9/19/1972,0.156,,,,,,,,
9/20/1972,0.156,,,,,,,,
9/21/1972,0.156,,,,,,,,
9/22/1972,0.156,,,,,,,,
9/23/1972,0.156,,,,,,,,
9/24/1972,0.156,,,,,,,,
9/25/1972,0.156,,,,,,,,
9/26/1972,0.156,,,,,,,,
9/27/1972,0.156,,,,,,,,
9/28/1972,0.156,,,,,,,,
9/29/1972,0.156,,,,,,,,
9/30/1972,0.156,,,,,,,,
10/1/1972,0.0771,,,,,,,,
10/2/1972,0.0771,,,,,,,,
10/3/1972,0.0771,,,,,,,,
10/4/1972,0.0771,,,,,,,,
10/5/1972,0.0771,,,,,,,,
10/6/1972,0.0771,,,,,,,,
10/7/1972,0.0771,,,,,,,,
10/8/1972,0.0771,,,,,,,,
10/9/1972,0.0771,,,,,,,,
10/10/1972,0.0771,,,,,,,,
10/11/1972,0.0771,,,,,,,,
10/12/1972,0.0771,,,,,,,,
10/13/1972,0.0771,,,,,,,,
10/14/1972,0.0771,,,,,,,,
10/15/1972,0.0771,,,,,,,,
10/16/1972,0.0771,,,,,,,,
10/17/1972,0.0771,,,,,,,,
10/18/1972,0.0771,,,,,,,,
10/19/1972,0.0771,,,,,,,,
10/20/1972,0.0771,,,,,,,,
10/21/1972,0.0771,,,,,,,,
10/22/1972,0.0771,,,,,,,,
10/23/1972,0.0771,,,,,,,,
10/24/1972,0.0771,,,,,,,,
10/25/1972,0.0771,,,,,,,,
10/26/1972,0.0771,,,,,,,,
10/27/1972,0.0771,,,,,,,,
10/28/1972,0.0771,,,,,,,,
10/29/1972,0.0771,,,,,,,,
10/30/1972,0.0771,,,,,,,,
10/31/1972,0.0771,,,,,,,,
11/1/1972,0.035,,,,,,,,
11/2/1972,0.035,,,,,,,,
11/3/1972,0.035,,,,,,,,
11/4/1972,0.035,,,,,,,,
11/5/1972,0.035,,,,,,,,
11/6/1972,0.035,,,,,,,,
11/7/1972,0.035,,,,,,,,
11/8/1972,0.035,,,,,,,,
11/9/1972,0.035,,,,,,,,
11/10/1972,0.035,,,,,,,,
11/11/1972,0.035,,,,,,,,
11/12/1972,0.035,,,,,,,,
11/13/1972,0.035,,,,,,,,
11/14/1972,0.035,,,,,,,,
11/15/1972,0.035,,,,,,,,
11/16/1972,0.035,,,,,,,,
11/17/1972,0.035,,,,,,,,
11/18/1972,0.035,,,,,,,,
11/19/1972,0.035,,,,,,,,
11/20/1972,0.035,,,,,,,,
11/21/1972,0.035,,,,,,,,
11/22/1972,0.035,,,,,,,,
11/23/1972,0.035,,,,,,,,
11/24/1972,0.035,,,,,,,,
11/25/1972,0.035,,,,,,,,
11/26/1972,0.035,,,,,,,,
11/27/1972,0.035,,,,,,,,
11/28/1972,0.035,,,,,,,,
11/29/1972,0.035,,,,,,,,
11/30/1972,0.035,,,,,,,,
12/1/1972,0.01839,,,,,,,,
12/2/1972,0.01839,,,,,,,,
12/3/1972,0.01839,,,,,,,,
12/4/1972,0.01839,,,,,,,,
12/5/1972,0.01839,,,,,,,,
12/6/1972,0.01839,,,,,,,,
12/7/1972,0.01839,,,,,,,,
12/8/1972,0.01839,,,,,,,,
12/9/1972,0.01839,,,,,,,,
12/10/1972,0.01839,,,,,,,,
12/11/1972,0.01839,,,,,,,,
12/12/1972,0.01839,,,,,,,,
12/13/1972,0.01839,,,,,,,,
12/14/1972,0.01839,,,,,,,,
12/15/1972,0.01839,,,,,,,,
12/16/1972,0.01839,,,,,,,,
12/17/1972,0.01839,,,,,,,,
12/18/1972,0.01839,,,,,,,,
12/19/1972,0.01839,,,,,,,,
12/20/1972,0.01839,,,,,,,,
12/21/1972,0.01839,,,,,,,,
12/22/1972,0.01839,,,,,,,,
12/23/1972,0.01839,,,,,,,,
12/24/1972,0.01839,,,,,,,,
12/25/1972,0.01839,,,,,,,,
12/26/1972,0.01839,,,,,,,,
12/27/1972,0.01839,,,,,,,,
12/28/1972,0.01839,,,,,,,,
12/29/1972,0.01839,,,,,,,,
12/30/1972,0.01839,,,,,,,,
12/31/1972,0.01839,,,,,,,,
1/1/1973,0.02032,,,,,,,,
1/2/1973,0.02032,,,,,,,,
1/3/1973,0.02032,,,,,,,,
1/4/1973,0.02032,,,,,,,,
1/5/1973,0.02032,,,,,,,,
1/6/1973,0.02032,,,,,,,,
1/7/1973,0.02032,,,,,,,,
1/8/1973,0.02032,,,,,,,,
1/9/1973,0.02032,,,,,,,,
1/10/1973,0.02032,,,,,,,,
1/11/1973,0.02032,,,,,,,,
1/12/1973,0.02032,,,,,,,,
1/13/1973,0.02032,,,,,,,,
1/14/1973,0.02032,,,,,,,,
1/15/1973,0.02032,,,,,,,,
1/16/1973,0.02032,,,,,,,,
1/17/1973,0.02032,,,,,,,,
1/18/1973,0.02032,,,,,,,,
1/19/1973,0.02032,,,,,,,,
1/20/1973,0.02032,,,,,,,,
1/21/1973,0.02032,,,,,,,,
1/22/1973,0.02032,,,,,,,,
1/23/1973,0.02032,,,,,,,,
1/24/1973,0.02032,,,,,,,,
1/25/1973,0.02032,,,,,,,,
1/26/1973,0.02032,,,,,,,,
1/27/1973,0.02032,,,,,,,,
1/28/1973,0.02032,,,,,,,,
1/29/1973,0.02032,,,,,,,,
1/30/1973,0.02032,,,,,,,,
1/31/1973,0.02032,,,,,,,,
2/1/1973,0.04214,,,,,,,,
2/2/1973,0.04214,,,,,,,,
2/3/1973,0.04214,,,,,,,,
2/4/1973,0.04214,,,,,,,,
2/5/1973,0.04214,,,,,,,,
2/6/1973,0.04214,,,,,,,,
2/7/1973,0.04214,,,,,,,,
2/8/1973,0.04214,,,,,,,,
2/9/1973,0.04214,,,,,,,,
2/10/1973,0.04214,,,,,,,,
2/11/1973,0.04214,,,,,,,,
2/12/1973,0.04214,,,,,,,,
2/13/1973,0.04214,,,,,,,,
2/14/1973,0.04214,,,,,,,,
2/15/1973,0.04214,,,,,,,,
2/16/1973,0.04214,,,,,,,,
2/17/1973,0.04214,,,,,,,,
2/18/1973,0.04214,,,,,,,,
2/19/1973,0.04214,,,,,,,,
2/20/1973,0.04214,,,,,,,,
2/21/1973,0.04214,,,,,,,,
2/22/1973,0.04214,,,,,,,,
2/23/1973,0.04214,,,,,,,,
2/24/1973,0.04214,,,,,,,,
2/25/1973,0.04214,,,,,,,,
2/26/1973,0.04214,,,,,,,,
2/27/1973,0.04214,,,,,,,,
2/28/1973,0.04214,,,,,,,,
3/1/1973,0.07387,,,,,,,,
3/2/1973,0.07387,,,,,,,,
3/3/1973,0.07387,,,,,,,,
3/4/1973,0.07387,,,,,,,,
3/5/1973,0.07387,,,,,,,,
3/6/1973,0.07387,,,,,,,,
3/7/1973,0.07387,,,,,,,,
3/8/1973,0.07387,,,,,,,,
3/9/1973,0.07387,,,,,,,,
3/10/1973,0.07387,,,,,,,,
3/11/1973,0.07387,,,,,,,,
3/12/1973,0.07387,,,,,,,,
3/13/1973,0.07387,,,,,,,,
3/14/1973,0.07387,,,,,,,,
3/15/1973,0.07387,,,,,,,,
3/16/1973,0.07387,,,,,,,,
3/17/1973,0.07387,,,,,,,,
3/18/1973,0.07387,,,,,,,,
3/19/1973,0.07387,,,,,,,,
3/20/1973,0.07387,,,,,,,,
3/21/1973,0.07387,,,,,,,,
3/22/1973,0.07387,,,,,,,,
3/23/1973,0.07387,,,,,,,,
3/24/1973,0.07387,,,,,,,,
3/25/1973,0.07387,,,,,,,,
3/26/1973,0.07387,,,,,,,,
3/27/1973,0.07387,,,,,,,,
3/28/1973,0.07387,,,,,,,,
3/29/1973,0.07387,,,,,,,,
3/30/1973,0.07387,,,,,,,,
3/31/1973,0.07387,,,,,,,,
4/1/1973,0.11033,,,,,,,,
4/2/1973,0.11033,,,,,,,,
4/3/1973,0.11033,,,,,,,,
4/4/1973,0.11033,,,,,,,,
4/5/1973,0.11033,,,,,,,,
4/6/1973,0.11033,,,,,,,,
4/7/1973,0.11033,,,,,,,,
4/8/1973,0.11033,,,,,,,,
4/9/1973,0.11033,,,,,,,,
4/10/1973,0.11033,,,,,,,,
4/11/1973,0.11033,,,,,,,,
4/12/1973,0.11033,,,,,,,,
4/13/1973,0.11033,,,,,,,,
4/14/1973,0.11033,,,,,,,,
4/15/1973,0.11033,,,,,,,,
4/16/1973,0.11033,,,,,,,,
4/17/1973,0.11033,,,,,,,,
4/18/1973,0.11033,,,,,,,,
4/19/1973,0.11033,,,,,,,,
4/20/1973,0.11033,,,,,,,,
4/21/1973,0.11033,,,,,,,,
4/22/1973,0.11033,,,,,,,,
4/23/1973,0.11033,,,,,,,,
4/24/1973,0.11033,,,,,,,,
4/25/1973,0.11033,,,,,,,,
4/26/1973,0.11033,,,,,,,,
4/27/1973,0.11033,,,,,,,,
4/28/1973,0.11033,,,,,,,,
4/29/1973,0.11033,,,,,,,,
4/30/1973,0.11033,,,,,,,,
5/1/1973,0.16613,,,,,,,,
5/2/1973,0.16613,,,,,,,,
5/3/1973,0.16613,,,,,,,,
5/4/1973,0.16613,,,,,,,,
5/5/1973,0.16613,,,,,,,,
5/6/1973,0.16613,,,,,,,,
5/7/1973,0.16613,,,,,,,,
5/8/1973,0.16613,,,,,,,,
5/9/1973,0.16613,,,,,,,,
5/10/1973,0.16613,,,,,,,,
5/11/1973,0.16613,,,,,,,,
5/12/1973,0.16613,,,,,,,,
5/13/1973,0.16613,,,,,,,,
5/14/1973,0.16613,,,,,,,,
5/15/1973,0.16613,,,,,,,,
5/16/1973,0.16613,,,,,,,,
5/17/1973,0.16613,,,,,,,,
5/18/1973,0.16613,,,,,,,,
5/19/1973,0.16613,,,,,,,,
5/20/1973,0.16613,,,,,,,,
5/21/1973,0.16613,,,,,,,,
5/22/1973,0.16613,,,,,,,,
5/23/1973,0.16613,,,,,,,,
5/24/1973,0.16613,,,,,,,,
5/25/1973,0.16613,,,,,,,,
5/26/1973,0.16613,,,,,,,,
5/27/1973,0.16613,,,,,,,,
5/28/1973,0.16613,,,,,,,,
5/29/1973,0.16613,,,,,,,,
5/30/1973,0.16613,,,,,,,,
5/31/1973,0.16613,,,,,,,,
6/1/1973,0.20033,,,,,,,,
6/2/1973,0.20033,,,,,,,,
6/3/1973,0.20033,,,,,,,,
6/4/1973,0.20033,,,,,,,,
6/5/1973,0.20033,,,,,,,,
6/6/1973,0.20033,,,,,,,,
6/7/1973,0.20033,,,,,,,,
6/8/1973,0.20033,,,,,,,,
6/9/1973,0.20033,,,,,,,,
6/10/1973,0.20033,,,,,,,,
6/11/1973,0.20033,,,,,,,,
6/12/1973,0.20033,,,,,,,,
6/13/1973,0.20033,,,,,,,,
6/14/1973,0.20033,,,,,,,,
6/15/1973,0.20033,,,,,,,,
6/16/1973,0.20033,,,,,,,,
6/17/1973,0.20033,,,,,,,,
6/18/1973,0.20033,,,,,,,,
6/19/1973,0.20033,,,,,,,,
6/20/1973,0.20033,,,,,,,,
6/21/1973,0.20033,,,,,,,,
6/22/1973,0.20033,,,,,,,,
6/23/1973,0.20033,,,,,,,,
6/24/1973,0.20033,,,,,,,,
6/25/1973,0.20033,,,,,,,,
6/26/1973,0.20033,,,,,,,,
6/27/1973,0.20033,,,,,,,,
6/28/1973,0.20033,,,,,,,,
6/29/1973,0.20033,,,,,,,,
6/30/1973,0.20033,,,,,,,,
7/1/1973,0.23871,,,,,,,,
7/2/1973,0.23871,,,,,,,,
7/3/1973,0.23871,,,,,,,,
7/4/1973,0.23871,,,,,,,,
7/5/1973,0.23871,,,,,,,,
7/6/1973,0.23871,,,,,,,,
7/7/1973,0.23871,,,,,,,,
7/8/1973,0.23871,,,,,,,,
7/9/1973,0.23871,,,,,,,,
7/10/1973,0.23871,,,,,,,,
7/11/1973,0.23871,,,,,,,,
7/12/1973,0.23871,,,,,,,,
7/13/1973,0.23871,,,,,,,,
7/14/1973,0.23871,,,,,,,,
7/15/1973,0.23871,,,,,,,,
7/16/1973,0.23871,,,,,,,,
7/17/1973,0.23871,,,,,,,,
7/18/1973,0.23871,,,,,,,,
7/19/1973,0.23871,,,,,,,,
7/20/1973,0.23871,,,,,,,,
7/21/1973,0.23871,,,,,,,,
7/22/1973,0.23871,,,,,,,,
7/23/1973,0.23871,,,,,,,,
7/24/1973,0.23871,,,,,,,,
7/25/1973,0.23871,,,,,,,,
7/26/1973,0.23871,,,,,,,,
7/27/1973,0.23871,,,,,,,,
7/28/1973,0.23871,,,,,,,,
7/29/1973,0.23871,,,,,,,,
7/30/1973,0.23871,,,,,,,,
7/31/1973,0.23871,,,,,,,,
8/1/1973,0.21871,,,,,,,,
8/2/1973,0.21871,,,,,,,,
8/3/1973,0.21871,,,,,,,,
8/4/1973,0.21871,,,,,,,,
8/5/1973,0.21871,,,,,,,,
8/6/1973,0.21871,,,,,,,,
8/7/1973,0.21871,,,,,,,,
8/8/1973,0.21871,,,,,,,,
8/9/1973,0.21871,,,,,,,,
8/10/1973,0.21871,,,,,,,,
8/11/1973,0.21871,,,,,,,,
8/12/1973,0.21871,,,,,,,,
8/13/1973,0.21871,,,,,,,,
8/14/1973,0.21871,,,,,,,,
8/15/1973,0.21871,,,,,,,,
8/16/1973,0.21871,,,,,,,,
8/17/1973,0.21871,,,,,,,,
8/18/1973,0.21871,,,,,,,,
8/19/1973,0.21871,,,,,,,,
8/20/1973,0.21871,,,,,,,,
8/21/1973,0.21871,,,,,,,,
8/22/1973,0.21871,,,,,,,,
8/23/1973,0.21871,,,,,,,,
8/24/1973,0.21871,,,,,,,,
8/25/1973,0.21871,,,,,,,,
8/26/1973,0.21871,,,,,,,,
8/27/1973,0.21871,,,,,,,,
8/28/1973,0.21871,,,,,,,,
8/29/1973,0.21871,,,,,,,,
8/30/1973,0.21871,,,,,,,,
8/31/1973,0.21871,,,,,,,,
9/1/1973,0.156,,,,,,,,
9/2/1973,0.156,,,,,,,,
9/3/1973,0.156,,,,,,,,
9/4/1973,0.156,,,,,,,,
9/5/1973,0.156,,,,,,,,
9/6/1973,0.156,,,,,,,,
9/7/1973,0.156,,,,,,,,
9/8/1973,0.156,,,,,,,,
9/9/1973,0.156,,,,,,,,
9/10/1973,0.156,,,,,,,,
9/11/1973,0.156,,,,,,,,
9/12/1973,0.156,,,,,,,,
9/13/1973,0.156,,,,,,,,
9/14/1973,0.156,,,,,,,,
9/15/1973,0.156,,,,,,,,
9/16/1973,0.156,,,,,,,,
9/17/1973,0.156,,,,,,,,
9/18/1973,0.156,,,,,,,,
9/19/1973,0.156,,,,,,,,
9/20/1973,0.156,,,,,,,,
9/21/1973,0.156,,,,,,,,
9/22/1973,0.156,,,,,,,,
9/23/1973,0.156,,,,,,,,
9/24/1973,0.156,,,,,,,,
9/25/1973,0.156,,,,,,,,
9/26/1973,0.156,,,,,,,,
9/27/1973,0.156,,,,,,,,
9/28/1973,0.156,,,,,,,,
9/29/1973,0.156,,,,,,,,
9/30/1973,0.156,,,,,,,,
10/1/1973,0.0771,,,,,,,,
10/2/1973,0.0771,,,,,,,,
10/3/1973,0.0771,,,,,,,,
10/4/1973,0.0771,,,,,,,,
10/5/1973,0.0771,,,,,,,,
10/6/1973,0.0771,,,,,,,,
10/7/1973,0.0771,,,,,,,,
10/8/1973,0.0771,,,,,,,,
10/9/1973,0.0771,,,,,,,,
10/10/1973,0.0771,,,,,,,,
10/11/1973,0.0771,,,,,,,,
10/12/1973,0.0771,,,,,,,,
10/13/1973,0.0771,,,,,,,,
10/14/1973,0.0771,,,,,,,,
10/15/1973,0.0771,,,,,,,,
10/16/1973,0.0771,,,,,,,,
10/17/1973,0.0771,,,,,,,,
10/18/1973,0.0771,,,,,,,,
10/19/1973,0.0771,,,,,,,,
10/20/1973,0.0771,,,,,,,,
10/21/1973,0.0771,,,,,,,,
10/22/1973,0.0771,,,,,,,,
10/23/1973,0.0771,,,,,,,,
10/24/1973,0.0771,,,,,,,,
10/25/1973,0.0771,,,,,,,,
10/26/1973,0.0771,,,,,,,,
10/27/1973,0.0771,,,,,,,,
10/28/1973,0.0771,,,,,,,,
10/29/1973,0.0771,,,,,,,,
10/30/1973,0.0771,,,,,,,,
10/31/1973,0.0771,,,,,,,,
11/1/1973,0.035,,,,,,,,
11/2/1973,0.035,,,,,,,,
11/3/1973,0.035,,,,,,,,
11/4/1973,0.035,,,,,,,,
11/5/1973,0.035,,,,,,,,
11/6/1973,0.035,,,,,,,,
11/7/1973,0.035,,,,,,,,
11/8/1973,0.035,,,,,,,,
11/9/1973,0.035,,,,,,,,
11/10/1973,0.035,,,,,,,,
11/11/1973,0.035,,,,,,,,
11/12/1973,0.035,,,,,,,,
11/13/1973,0.035,,,,,,,,
11/14/1973,0.035,,,,,,,,
11/15/1973,0.035,,,,,,,,
11/16/1973,0.035,,,,,,,,
11/17/1973,0.035,,,,,,,,
11/18/1973,0.035,,,,,,,,
11/19/1973,0.035,,,,,,,,
11/20/1973,0.035,,,,,,,,
11/21/1973,0.035,,,,,,,,
11/22/1973,0.035,,,,,,,,
11/23/1973,0.035,,,,,,,,
11/24/1973,0.035,,,,,,,,
11/25/1973,0.035,,,,,,,,
11/26/1973,0.035,,,,,,,,
11/27/1973,0.035,,,,,,,,
11/28/1973,0.035,,,,,,,,
11/29/1973,0.035,,,,,,,,
11/30/1973,0.035,,,,,,,,
12/1/1973,0.01839,,,,,,,,
12/2/1973,0.01839,,,,,,,,
12/3/1973,0.01839,,,,,,,,
12/4/1973,0.01839,,,,,,,,
12/5/1973,0.01839,,,,,,,,
12/6/1973,0.01839,,,,,,,,
12/7/1973,0.01839,,,,,,,,
12/8/1973,0.01839,,,,,,,,
12/9/1973,0.01839,,,,,,,,
12/10/1973,0.01839,,,,,,,,
12/11/1973,0.01839,,,,,,,,
12/12/1973,0.01839,,,,,,,,
12/13/1973,0.01839,,,,,,,,
12/14/1973,0.01839,,,,,,,,
12/15/1973,0.01839,,,,,,,,
12/16/1973,0.01839,,,,,,,,
12/17/1973,0.01839,,,,,,,,
12/18/1973,0.01839,,,,,,,,
12/19/1973,0.01839,,,,,,,,
12/20/1973,0.01839,,,,,,,,
12/21/1973,0.01839,,,,,,,,
12/22/1973,0.01839,,,,,,,,
12/23/1973,0.01839,,,,,,,,
12/24/1973,0.01839,,,,,,,,
12/25/1973,0.01839,,,,,,,,
12/26/1973,0.01839,,,,,,,,
12/27/1973,0.01839,,,,,,,,
12/28/1973,0.01839,,,,,,,,
12/29/1973,0.01839,,,,,,,,
12/30/1973,0.01839,,,,,,,,
12/31/1973,0.01839,,,,,,,,
1/1/1974,0.02032,,,,,,,,
1/2/1974,0.02032,,,,,,,,
1/3/1974,0.02032,,,,,,,,
1/4/1974,0.02032,,,,,,,,
1/5/1974,0.02032,,,,,,,,
1/6/1974,0.02032,,,,,,,,
1/7/1974,0.02032,,,,,,,,
1/8/1974,0.02032,,,,,,,,
1/9/1974,0.02032,,,,,,,,
1/10/1974,0.02032,,,,,,,,
1/11/1974,0.02032,,,,,,,,
1/12/1974,0.02032,,,,,,,,
1/13/1974,0.02032,,,,,,,,
1/14/1974,0.02032,,,,,,,,
1/15/1974,0.02032,,,,,,,,
1/16/1974,0.02032,,,,,,,,
1/17/1974,0.02032,,,,,,,,
1/18/1974,0.02032,,,,,,,,
1/19/1974,0.02032,,,,,,,,
1/20/1974,0.02032,,,,,,,,
1/21/1974,0.02032,,,,,,,,
1/22/1974,0.02032,,,,,,,,
1/23/1974,0.02032,,,,,,,,
1/24/1974,0.02032,,,,,,,,
1/25/1974,0.02032,,,,,,,,
1/26/1974,0.02032,,,,,,,,
1/27/1974,0.02032,,,,,,,,
1/28/1974,0.02032,,,,,,,,
1/29/1974,0.02032,,,,,,,,
1/30/1974,0.02032,,,,,,,,
1/31/1974,0.02032,,,,,,,,
2/1/1974,0.04214,,,,,,,,
2/2/1974,0.04214,,,,,,,,
2/3/1974,0.04214,,,,,,,,
2/4/1974,0.04214,,,,,,,,
2/5/1974,0.04214,,,,,,,,
2/6/1974,0.04214,,,,,,,,
2/7/1974,0.04214,,,,,,,,
2/8/1974,0.04214,,,,,,,,
2/9/1974,0.04214,,,,,,,,
2/10/1974,0.04214,,,,,,,,
2/11/1974,0.04214,,,,,,,,
2/12/1974,0.04214,,,,,,,,
2/13/1974,0.04214,,,,,,,,
2/14/1974,0.04214,,,,,,,,
2/15/1974,0.04214,,,,,,,,
2/16/1974,0.04214,,,,,,,,
2/17/1974,0.04214,,,,,,,,
2/18/1974,0.04214,,,,,,,,
2/19/1974,0.04214,,,,,,,,
2/20/1974,0.04214,,,,,,,,
2/21/1974,0.04214,,,,,,,,
2/22/1974,0.04214,,,,,,,,
2/23/1974,0.04214,,,,,,,,
2/24/1974,0.04214,,,,,,,,
2/25/1974,0.04214,,,,,,,,
2/26/1974,0.04214,,,,,,,,
2/27/1974,0.04214,,,,,,,,
2/28/1974,0.04214,,,,,,,,
3/1/1974,0.07387,,,,,,,,
3/2/1974,0.07387,,,,,,,,
3/3/1974,0.07387,,,,,,,,
3/4/1974,0.07387,,,,,,,,
3/5/1974,0.07387,,,,,,,,
3/6/1974,0.07387,,,,,,,,
3/7/1974,0.07387,,,,,,,,
3/8/1974,0.07387,,,,,,,,
3/9/1974,0.07387,,,,,,,,
3/10/1974,0.07387,,,,,,,,
3/11/1974,0.07387,,,,,,,,
3/12/1974,0.07387,,,,,,,,
3/13/1974,0.07387,,,,,,,,
3/14/1974,0.07387,,,,,,,,
3/15/1974,0.07387,,,,,,,,
3/16/1974,0.07387,,,,,,,,
3/17/1974,0.07387,,,,,,,,
3/18/1974,0.07387,,,,,,,,
3/19/1974,0.07387,,,,,,,,
3/20/1974,0.07387,,,,,,,,
3/21/1974,0.07387,,,,,,,,
3/22/1974,0.07387,,,,,,,,
3/23/1974,0.07387,,,,,,,,
3/24/1974,0.07387,,,,,,,,
3/25/1974,0.07387,,,,,,,,
3/26/1974,0.07387,,,,,,,,
3/27/1974,0.07387,,,,,,,,
3/28/1974,0.07387,,,,,,,,
3/29/1974,0.07387,,,,,,,,
3/30/1974,0.07387,,,,,,,,
3/31/1974,0.07387,,,,,,,,
4/1/1974,0.11033,,,,,,,,
4/2/1974,0.11033,,,,,,,,
4/3/1974,0.11033,,,,,,,,
4/4/1974,0.11033,,,,,,,,
4/5/1974,0.11033,,,,,,,,
4/6/1974,0.11033,,,,,,,,
4/7/1974,0.11033,,,,,,,,
4/8/1974,0.11033,,,,,,,,
4/9/1974,0.11033,,,,,,,,
4/10/1974,0.11033,,,,,,,,
4/11/1974,0.11033,,,,,,,,
4/12/1974,0.11033,,,,,,,,
4/13/1974,0.11033,,,,,,,,
4/14/1974,0.11033,,,,,,,,
4/15/1974,0.11033,,,,,,,,
4/16/1974,0.11033,,,,,,,,
4/17/1974,0.11033,,,,,,,,
4/18/1974,0.11033,,,,,,,,
4/19/1974,0.11033,,,,,,,,
4/20/1974,0.11033,,,,,,,,
4/21/1974,0.11033,,,,,,,,
4/22/1974,0.11033,,,,,,,,
4/23/1974,0.11033,,,,,,,,
4/24/1974,0.11033,,,,,,,,
4/25/1974,0.11033,,,,,,,,
4/26/1974,0.11033,,,,,,,,
4/27/1974,0.11033,,,,,,,,
4/28/1974,0.11033,,,,,,,,
4/29/1974,0.11033,,,,,,,,
4/30/1974,0.11033,,,,,,,,
5/1/1974,0.16613,,,,,,,,
5/2/1974,0.16613,,,,,,,,
5/3/1974,0.16613,,,,,,,,
5/4/1974,0.16613,,,,,,,,
5/5/1974,0.16613,,,,,,,,
5/6/1974,0.16613,,,,,,,,
5/7/1974,0.16613,,,,,,,,
5/8/1974,0.16613,,,,,,,,
5/9/1974,0.16613,,,,,,,,
5/10/1974,0.16613,,,,,,,,
5/11/1974,0.16613,,,,,,,,
5/12/1974,0.16613,,,,,,,,
5/13/1974,0.16613,,,,,,,,
5/14/1974,0.16613,,,,,,,,
5/15/1974,0.16613,,,,,,,,
5/16/1974,0.16613,,,,,,,,
5/17/1974,0.16613,,,,,,,,
5/18/1974,0.16613,,,,,,,,
5/19/1974,0.16613,,,,,,,,
5/20/1974,0.16613,,,,,,,,
5/21/1974,0.16613,,,,,,,,
5/22/1974,0.16613,,,,,,,,
5/23/1974,0.16613,,,,,,,,
5/24/1974,0.16613,,,,,,,,
5/25/1974,0.16613,,,,,,,,
5/26/1974,0.16613,,,,,,,,
5/27/1974,0.16613,,,,,,,,
5/28/1974,0.16613,,,,,,,,
5/29/1974,0.16613,,,,,,,,
5/30/1974,0.16613,,,,,,,,
5/31/1974,0.16613,,,,,,,,
6/1/1974,0.20033,,,,,,,,
6/2/1974,0.20033,,,,,,,,
6/3/1974,0.20033,,,,,,,,
6/4/1974,0.20033,,,,,,,,
6/5/1974,0.20033,,,,,,,,
6/6/1974,0.20033,,,,,,,,
6/7/1974,0.20033,,,,,,,,
6/8/1974,0.20033,,,,,,,,
6/9/1974,0.20033,,,,,,,,
6/10/1974,0.20033,,,,,,,,
6/11/1974,0.20033,,,,,,,,
6/12/1974,0.20033,,,,,,,,
6/13/1974,0.20033,,,,,,,,
6/14/1974,0.20033,,,,,,,,
6/15/1974,0.20033,,,,,,,,
6/16/1974,0.20033,,,,,,,,
6/17/1974,0.20033,,,,,,,,
6/18/1974,0.20033,,,,,,,,
6/19/1974,0.20033,,,,,,,,
6/20/1974,0.20033,,,,,,,,
6/21/1974,0.20033,,,,,,,,
6/22/1974,0.20033,,,,,,,,
6/23/1974,0.20033,,,,,,,,
6/24/1974,0.20033,,,,,,,,
6/25/1974,0.20033,,,,,,,,
6/26/1974,0.20033,,,,,,,,
6/27/1974,0.20033,,,,,,,,
6/28/1974,0.20033,,,,,,,,
6/29/1974,0.20033,,,,,,,,
6/30/1974,0.20033,,,,,,,,
7/1/1974,0.23871,,,,,,,,
7/2/1974,0.23871,,,,,,,,
7/3/1974,0.23871,,,,,,,,
7/4/1974,0.23871,,,,,,,,
7/5/1974,0.23871,,,,,,,,
7/6/1974,0.23871,,,,,,,,
7/7/1974,0.23871,,,,,,,,
7/8/1974,0.23871,,,,,,,,
7/9/1974,0.23871,,,,,,,,
7/10/1974,0.23871,,,,,,,,
7/11/1974,0.23871,,,,,,,,
7/12/1974,0.23871,,,,,,,,
7/13/1974,0.23871,,,,,,,,
7/14/1974,0.23871,,,,,,,,
7/15/1974,0.23871,,,,,,,,
7/16/1974,0.23871,,,,,,,,
7/17/1974,0.23871,,,,,,,,
7/18/1974,0.23871,,,,,,,,
7/19/1974,0.23871,,,,,,,,
7/20/1974,0.23871,,,,,,,,
7/21/1974,0.23871,,,,,,,,
7/22/1974,0.23871,,,,,,,,
7/23/1974,0.23871,,,,,,,,
7/24/1974,0.23871,,,,,,,,
7/25/1974,0.23871,,,,,,,,
7/26/1974,0.23871,,,,,,,,
7/27/1974,0.23871,,,,,,,,
7/28/1974,0.23871,,,,,,,,
7/29/1974,0.23871,,,,,,,,
7/30/1974,0.23871,,,,,,,,
7/31/1974,0.23871,,,,,,,,
8/1/1974,0.21871,,,,,,,,
8/2/1974,0.21871,,,,,,,,
8/3/1974,0.21871,,,,,,,,
8/4/1974,0.21871,,,,,,,,
8/5/1974,0.21871,,,,,,,,
8/6/1974,0.21871,,,,,,,,
8/7/1974,0.21871,,,,,,,,
8/8/1974,0.21871,,,,,,,,
8/9/1974,0.21871,,,,,,,,
8/10/1974,0.21871,,,,,,,,
8/11/1974,0.21871,,,,,,,,
8/12/1974,0.21871,,,,,,,,
8/13/1974,0.21871,,,,,,,,
8/14/1974,0.21871,,,,,,,,
8/15/1974,0.21871,,,,,,,,
8/16/1974,0.21871,,,,,,,,
8/17/1974,0.21871,,,,,,,,
8/18/1974,0.21871,,,,,,,,
8/19/1974,0.21871,,,,,,,,
8/20/1974,0.21871,,,,,,,,
8/21/1974,0.21871,,,,,,,,
8/22/1974,0.21871,,,,,,,,
8/23/1974,0.21871,,,,,,,,
8/24/1974,0.21871,,,,,,,,
8/25/1974,0.21871,,,,,,,,
8/26/1974,0.21871,,,,,,,,
8/27/1974,0.21871,,,,,,,,
8/28/1974,0.21871,,,,,,,,
8/29/1974,0.21871,,,,,,,,
8/30/1974,0.21871,,,,,,,,
8/31/1974,0.21871,,,,,,,,
9/1/1974,0.156,,,,,,,,
9/2/1974,0.156,,,,,,,,
9/3/1974,0.156,,,,,,,,
9/4/1974,0.156,,,,,,,,
9/5/1974,0.156,,,,,,,,
9/6/1974,0.156,,,,,,,,
9/7/1974,0.156,,,,,,,,
9/8/1974,0.156,,,,,,,,
9/9/1974,0.156,,,,,,,,
9/10/1974,0.156,,,,,,,,
9/11/1974,0.156,,,,,,,,
9/12/1974,0.156,,,,,,,,
9/13/1974,0.156,,,,,,,,
9/14/1974,0.156,,,,,,,,
9/15/1974,0.156,,,,,,,,
9/16/1974,0.156,,,,,,,,
9/17/1974,0.156,,,,,,,,
9/18/1974,0.156,,,,,,,,
9/19/1974,0.156,,,,,,,,
9/20/1974,0.156,,,,,,,,
9/21/1974,0.156,,,,,,,,
9/22/1974,0.156,,,,,,,,
9/23/1974,0.156,,,,,,,,
9/24/1974,0.156,,,,,,,,
9/25/1974,0.156,,,,,,,,
9/26/1974,0.156,,,,,,,,
9/27/1974,0.156,,,,,,,,
9/28/1974,0.156,,,,,,,,
9/29/1974,0.156,,,,,,,,
9/30/1974,0.156,,,,,,,,
10/1/1974,0.0771,,,,,,,,
10/2/1974,0.0771,,,,,,,,
10/3/1974,0.0771,,,,,,,,
10/4/1974,0.0771,,,,,,,,
10/5/1974,0.0771,,,,,,,,
10/6/1974,0.0771,,,,,,,,
10/7/1974,0.0771,,,,,,,,
10/8/1974,0.0771,,,,,,,,
10/9/1974,0.0771,,,,,,,,
10/10/1974,0.0771,,,,,,,,
10/11/1974,0.0771,,,,,,,,
10/12/1974,0.0771,,,,,,,,
10/13/1974,0.0771,,,,,,,,
10/14/1974,0.0771,,,,,,,,
10/15/1974,0.0771,,,,,,,,
10/16/1974,0.0771,,,,,,,,
10/17/1974,0.0771,,,,,,,,
10/18/1974,0.0771,,,,,,,,
10/19/1974,0.0771,,,,,,,,
10/20/1974,0.0771,,,,,,,,
10/21/1974,0.0771,,,,,,,,
10/22/1974,0.0771,,,,,,,,
10/23/1974,0.0771,,,,,,,,
10/24/1974,0.0771,,,,,,,,
10/25/1974,0.0771,,,,,,,,
10/26/1974,0.0771,,,,,,,,
10/27/1974,0.0771,,,,,,,,
10/28/1974,0.0771,,,,,,,,
10/29/1974,0.0771,,,,,,,,
10/30/1974,0.0771,,,,,,,,
10/31/1974,0.0771,,,,,,,,
11/1/1974,0.035,,,,,,,,
11/2/1974,0.035,,,,,,,,
11/3/1974,0.035,,,,,,,,
11/4/1974,0.035,,,,,,,,
11/5/1974,0.035,,,,,,,,
11/6/1974,0.035,,,,,,,,
11/7/1974,0.035,,,,,,,,
11/8/1974,0.035,,,,,,,,
11/9/1974,0.035,,,,,,,,
11/10/1974,0.035,,,,,,,,
11/11/1974,0.035,,,,,,,,
11/12/1974,0.035,,,,,,,,
11/13/1974,0.035,,,,,,,,
11/14/1974,0.035,,,,,,,,
11/15/1974,0.035,,,,,,,,
11/16/1974,0.035,,,,,,,,
11/17/1974,0.035,,,,,,,,
11/18/1974,0.035,,,,,,,,
11/19/1974,0.035,,,,,,,,
11/20/1974,0.035,,,,,,,,
11/21/1974,0.035,,,,,,,,
11/22/1974,0.035,,,,,,,,
11/23/1974,0.035,,,,,,,,
11/24/1974,0.035,,,,,,,,
11/25/1974,0.035,,,,,,,,
11/26/1974,0.035,,,,,,,,
11/27/1974,0.035,,,,,,,,
11/28/1974,0.035,,,,,,,,
11/29/1974,0.035,,,,,,,,
11/30/1974,0.035,,,,,,,,
12/1/1974,0.01839,,,,,,,,
12/2/1974,0.01839,,,,,,,,
12/3/1974,0.01839,,,,,,,,
12/4/1974,0.01839,,,,,,,,
12/5/1974,0.01839,,,,,,,,
12/6/1974,0.01839,,,,,,,,
12/7/1974,0.01839,,,,,,,,
12/8/1974,0.01839,,,,,,,,
12/9/1974,0.01839,,,,,,,,
12/10/1974,0.01839,,,,,,,,
12/11/1974,0.01839,,,,,,,,
12/12/1974,0.01839,,,,,,,,
12/13/1974,0.01839,,,,,,,,
12/14/1974,0.01839,,,,,,,,
12/15/1974,0.01839,,,,,,,,
12/16/1974,0.01839,,,,,,,,
12/17/1974,0.01839,,,,,,,,
12/18/1974,0.01839,,,,,,,,
12/19/1974,0.01839,,,,,,,,
12/20/1974,0.01839,,,,,,,,
12/21/1974,0.01839,,,,,,,,
12/22/1974,0.01839,,,,,,,,
12/23/1974,0.01839,,,,,,,,
12/24/1974,0.01839,,,,,,,,
12/25/1974,0.01839,,,,,,,,
12/26/1974,0.01839,,,,,,,,
12/27/1974,0.01839,,,,,,,,
12/28/1974,0.01839,,,,,,,,
12/29/1974,0.01839,,,,,,,,
12/30/1974,0.01839,,,,,,,,
12/31/1974,0.01839,,,,,,,,
1/1/1975,0.02032,,,,,,,,
1/2/1975,0.02032,,,,,,,,
1/3/1975,0.02032,,,,,,,,
1/4/1975,0.02032,,,,,,,,
1/5/1975,0.02032,,,,,,,,
1/6/1975,0.02032,,,,,,,,
1/7/1975,0.02032,,,,,,,,
1/8/1975,0.02032,,,,,,,,
1/9/1975,0.02032,,,,,,,,
1/10/1975,0.02032,,,,,,,,
1/11/1975,0.02032,,,,,,,,
1/12/1975,0.02032,,,,,,,,
1/13/1975,0.02032,,,,,,,,
1/14/1975,0.02032,,,,,,,,
1/15/1975,0.02032,,,,,,,,
1/16/1975,0.02032,,,,,,,,
1/17/1975,0.02032,,,,,,,,
1/18/1975,0.02032,,,,,,,,
1/19/1975,0.02032,,,,,,,,
1/20/1975,0.02032,,,,,,,,
1/21/1975,0.02032,,,,,,,,
1/22/1975,0.02032,,,,,,,,
1/23/1975,0.02032,,,,,,,,
1/24/1975,0.02032,,,,,,,,
1/25/1975,0.02032,,,,,,,,
1/26/1975,0.02032,,,,,,,,
1/27/1975,0.02032,,,,,,,,
1/28/1975,0.02032,,,,,,,,
1/29/1975,0.02032,,,,,,,,
1/30/1975,0.02032,,,,,,,,
1/31/1975,0.02032,,,,,,,,
2/1/1975,0.04214,,,,,,,,
2/2/1975,0.04214,,,,,,,,
2/3/1975,0.04214,,,,,,,,
2/4/1975,0.04214,,,,,,,,
2/5/1975,0.04214,,,,,,,,
2/6/1975,0.04214,,,,,,,,
2/7/1975,0.04214,,,,,,,,
2/8/1975,0.04214,,,,,,,,
2/9/1975,0.04214,,,,,,,,
2/10/1975,0.04214,,,,,,,,
2/11/1975,0.04214,,,,,,,,
2/12/1975,0.04214,,,,,,,,
2/13/1975,0.04214,,,,,,,,
2/14/1975,0.04214,,,,,,,,
2/15/1975,0.04214,,,,,,,,
2/16/1975,0.04214,,,,,,,,
2/17/1975,0.04214,,,,,,,,
2/18/1975,0.04214,,,,,,,,
2/19/1975,0.04214,,,,,,,,
2/20/1975,0.04214,,,,,,,,
2/21/1975,0.04214,,,,,,,,
2/22/1975,0.04214,,,,,,,,
2/23/1975,0.04214,,,,,,,,
2/24/1975,0.04214,,,,,,,,
2/25/1975,0.04214,,,,,,,,
2/26/1975,0.04214,,,,,,,,
2/27/1975,0.04214,,,,,,,,
2/28/1975,0.04214,,,,,,,,
3/1/1975,0.07387,,,,,,,,
3/2/1975,0.07387,,,,,,,,
3/3/1975,0.07387,,,,,,,,
3/4/1975,0.07387,,,,,,,,
3/5/1975,0.07387,,,,,,,,
3/6/1975,0.07387,,,,,,,,
3/7/1975,0.07387,,,,,,,,
3/8/1975,0.07387,,,,,,,,
3/9/1975,0.07387,,,,,,,,
3/10/1975,0.07387,,,,,,,,
3/11/1975,0.07387,,,,,,,,
3/12/1975,0.07387,,,,,,,,
3/13/1975,0.07387,,,,,,,,
3/14/1975,0.07387,,,,,,,,
3/15/1975,0.07387,,,,,,,,
3/16/1975,0.07387,,,,,,,,
3/17/1975,0.07387,,,,,,,,
3/18/1975,0.07387,,,,,,,,
3/19/1975,0.07387,,,,,,,,
3/20/1975,0.07387,,,,,,,,
3/21/1975,0.07387,,,,,,,,
3/22/1975,0.07387,,,,,,,,
3/23/1975,0.07387,,,,,,,,
3/24/1975,0.07387,,,,,,,,
3/25/1975,0.07387,,,,,,,,
3/26/1975,0.07387,,,,,,,,
3/27/1975,0.07387,,,,,,,,
3/28/1975,0.07387,,,,,,,,
3/29/1975,0.07387,,,,,,,,
3/30/1975,0.07387,,,,,,,,
3/31/1975,0.07387,,,,,,,,
4/1/1975,0.11033,,,,,,,,
4/2/1975,0.11033,,,,,,,,
4/3/1975,0.11033,,,,,,,,
4/4/1975,0.11033,,,,,,,,
4/5/1975,0.11033,,,,,,,,
4/6/1975,0.11033,,,,,,,,
4/7/1975,0.11033,,,,,,,,
4/8/1975,0.11033,,,,,,,,
4/9/1975,0.11033,,,,,,,,
4/10/1975,0.11033,,,,,,,,
4/11/1975,0.11033,,,,,,,,
4/12/1975,0.11033,,,,,,,,
4/13/1975,0.11033,,,,,,,,
4/14/1975,0.11033,,,,,,,,
4/15/1975,0.11033,,,,,,,,
4/16/1975,0.11033,,,,,,,,
4/17/1975,0.11033,,,,,,,,
4/18/1975,0.11033,,,,,,,,
4/19/1975,0.11033,,,,,,,,
4/20/1975,0.11033,,,,,,,,
4/21/1975,0.11033,,,,,,,,
4/22/1975,0.11033,,,,,,,,
4/23/1975,0.11033,,,,,,,,
4/24/1975,0.11033,,,,,,,,
4/25/1975,0.11033,,,,,,,,
4/26/1975,0.11033,,,,,,,,
4/27/1975,0.11033,,,,,,,,
4/28/1975,0.11033,,,,,,,,
4/29/1975,0.11033,,,,,,,,
4/30/1975,0.11033,,,,,,,,
5/1/1975,0.16613,,,,,,,,
5/2/1975,0.16613,,,,,,,,
5/3/1975,0.16613,,,,,,,,
5/4/1975,0.16613,,,,,,,,
5/5/1975,0.16613,,,,,,,,
5/6/1975,0.16613,,,,,,,,
5/7/1975,0.16613,,,,,,,,
5/8/1975,0.16613,,,,,,,,
5/9/1975,0.16613,,,,,,,,
5/10/1975,0.16613,,,,,,,,
5/11/1975,0.16613,,,,,,,,
5/12/1975,0.16613,,,,,,,,
5/13/1975,0.16613,,,,,,,,
5/14/1975,0.16613,,,,,,,,
5/15/1975,0.16613,,,,,,,,
5/16/1975,0.16613,,,,,,,,
5/17/1975,0.16613,,,,,,,,
5/18/1975,0.16613,,,,,,,,
5/19/1975,0.16613,,,,,,,,
5/20/1975,0.16613,,,,,,,,
5/21/1975,0.16613,,,,,,,,
5/22/1975,0.16613,,,,,,,,
5/23/1975,0.16613,,,,,,,,
5/24/1975,0.16613,,,,,,,,
5/25/1975,0.16613,,,,,,,,
5/26/1975,0.16613,,,,,,,,
5/27/1975,0.16613,,,,,,,,
5/28/1975,0.16613,,,,,,,,
5/29/1975,0.16613,,,,,,,,
5/30/1975,0.16613,,,,,,,,
5/31/1975,0.16613,,,,,,,,
6/1/1975,0.20033,,,,,,,,
6/2/1975,0.20033,,,,,,,,
6/3/1975,0.20033,,,,,,,,
6/4/1975,0.20033,,,,,,,,
6/5/1975,0.20033,,,,,,,,
6/6/1975,0.20033,,,,,,,,
6/7/1975,0.20033,,,,,,,,
6/8/1975,0.20033,,,,,,,,
6/9/1975,0.20033,,,,,,,,
6/10/1975,0.20033,,,,,,,,
6/11/1975,0.20033,,,,,,,,
6/12/1975,0.20033,,,,,,,,
6/13/1975,0.20033,,,,,,,,
6/14/1975,0.20033,,,,,,,,
6/15/1975,0.20033,,,,,,,,
6/16/1975,0.20033,,,,,,,,
6/17/1975,0.20033,,,,,,,,
6/18/1975,0.20033,,,,,,,,
6/19/1975,0.20033,,,,,,,,
6/20/1975,0.20033,,,,,,,,
6/21/1975,0.20033,,,,,,,,
6/22/1975,0.20033,,,,,,,,
6/23/1975,0.20033,,,,,,,,
6/24/1975,0.20033,,,,,,,,
6/25/1975,0.20033,,,,,,,,
6/26/1975,0.20033,,,,,,,,
6/27/1975,0.20033,,,,,,,,
6/28/1975,0.20033,,,,,,,,
6/29/1975,0.20033,,,,,,,,
6/30/1975,0.20033,,,,,,,,
7/1/1975,0.23871,,,,,,,,
7/2/1975,0.23871,,,,,,,,
7/3/1975,0.23871,,,,,,,,
7/4/1975,0.23871,,,,,,,,
7/5/1975,0.23871,,,,,,,,
7/6/1975,0.23871,,,,,,,,
7/7/1975,0.23871,,,,,,,,
7/8/1975,0.23871,,,,,,,,
7/9/1975,0.23871,,,,,,,,
7/10/1975,0.23871,,,,,,,,
7/11/1975,0.23871,,,,,,,,
7/12/1975,0.23871,,,,,,,,
7/13/1975,0.23871,,,,,,,,
7/14/1975,0.23871,,,,,,,,
7/15/1975,0.23871,,,,,,,,
7/16/1975,0.23871,,,,,,,,
7/17/1975,0.23871,,,,,,,,
7/18/1975,0.23871,,,,,,,,
7/19/1975,0.23871,,,,,,,,
7/20/1975,0.23871,,,,,,,,
7/21/1975,0.23871,,,,,,,,
7/22/1975,0.23871,,,,,,,,
7/23/1975,0.23871,,,,,,,,
7/24/1975,0.23871,,,,,,,,
7/25/1975,0.23871,,,,,,,,
7/26/1975,0.23871,,,,,,,,
7/27/1975,0.23871,,,,,,,,
7/28/1975,0.23871,,,,,,,,
7/29/1975,0.23871,,,,,,,,
7/30/1975,0.23871,,,,,,,,
7/31/1975,0.23871,,,,,,,,
8/1/1975,0.21871,,,,,,,,
8/2/1975,0.21871,,,,,,,,
8/3/1975,0.21871,,,,,,,,
8/4/1975,0.21871,,,,,,,,
8/5/1975,0.21871,,,,,,,,
8/6/1975,0.21871,,,,,,,,
8/7/1975,0.21871,,,,,,,,
8/8/1975,0.21871,,,,,,,,
8/9/1975,0.21871,,,,,,,,
8/10/1975,0.21871,,,,,,,,
8/11/1975,0.21871,,,,,,,,
8/12/1975,0.21871,,,,,,,,
8/13/1975,0.21871,,,,,,,,
8/14/1975,0.21871,,,,,,,,
8/15/1975,0.21871,,,,,,,,
8/16/1975,0.21871,,,,,,,,
8/17/1975,0.21871,,,,,,,,
8/18/1975,0.21871,,,,,,,,
8/19/1975,0.21871,,,,,,,,
8/20/1975,0.21871,,,,,,,,
8/21/1975,0.21871,,,,,,,,
8/22/1975,0.21871,,,,,,,,
8/23/1975,0.21871,,,,,,,,
8/24/1975,0.21871,,,,,,,,
8/25/1975,0.21871,,,,,,,,
8/26/1975,0.21871,,,,,,,,
8/27/1975,0.21871,,,,,,,,
8/28/1975,0.21871,,,,,,,,
8/29/1975,0.21871,,,,,,,,
8/30/1975,0.21871,,,,,,,,
8/31/1975,0.21871,,,,,,,,
9/1/1975,0.156,,,,,,,,
9/2/1975,0.156,,,,,,,,
9/3/1975,0.156,,,,,,,,
9/4/1975,0.156,,,,,,,,
9/5/1975,0.156,,,,,,,,
9/6/1975,0.156,,,,,,,,
9/7/1975,0.156,,,,,,,,
9/8/1975,0.156,,,,,,,,
9/9/1975,0.156,,,,,,,,
9/10/1975,0.156,,,,,,,,
9/11/1975,0.156,,,,,,,,
9/12/1975,0.156,,,,,,,,
9/13/1975,0.156,,,,,,,,
9/14/1975,0.156,,,,,,,,
9/15/1975,0.156,,,,,,,,
9/16/1975,0.156,,,,,,,,
9/17/1975,0.156,,,,,,,,
9/18/1975,0.156,,,,,,,,
9/19/1975,0.156,,,,,,,,
9/20/1975,0.156,,,,,,,,
9/21/1975,0.156,,,,,,,,
9/22/1975,0.156,,,,,,,,
9/23/1975,0.156,,,,,,,,
9/24/1975,0.156,,,,,,,,
9/25/1975,0.156,,,,,,,,
9/26/1975,0.156,,,,,,,,
9/27/1975,0.156,,,,,,,,
9/28/1975,0.156,,,,,,,,
9/29/1975,0.156,,,,,,,,
9/30/1975,0.156,,,,,,,,
10/1/1975,0.0771,,,,,,,,
10/2/1975,0.0771,,,,,,,,
10/3/1975,0.0771,,,,,,,,
10/4/1975,0.0771,,,,,,,,
10/5/1975,0.0771,,,,,,,,
10/6/1975,0.0771,,,,,,,,
10/7/1975,0.0771,,,,,,,,
10/8/1975,0.0771,,,,,,,,
10/9/1975,0.0771,,,,,,,,
10/10/1975,0.0771,,,,,,,,
10/11/1975,0.0771,,,,,,,,
10/12/1975,0.0771,,,,,,,,
10/13/1975,0.0771,,,,,,,,
10/14/1975,0.0771,,,,,,,,
10/15/1975,0.0771,,,,,,,,
10/16/1975,0.0771,,,,,,,,
10/17/1975,0.0771,,,,,,,,
10/18/1975,0.0771,,,,,,,,
10/19/1975,0.0771,,,,,,,,
10/20/1975,0.0771,,,,,,,,
10/21/1975,0.0771,,,,,,,,
10/22/1975,0.0771,,,,,,,,
10/23/1975,0.0771,,,,,,,,
10/24/1975,0.0771,,,,,,,,
10/25/1975,0.0771,,,,,,,,
10/26/1975,0.0771,,,,,,,,
10/27/1975,0.0771,,,,,,,,
10/28/1975,0.0771,,,,,,,,
10/29/1975,0.0771,,,,,,,,
10/30/1975,0.0771,,,,,,,,
10/31/1975,0.0771,,,,,,,,
11/1/1975,0.035,,,,,,,,
11/2/1975,0.035,,,,,,,,
11/3/1975,0.035,,,,,,,,
11/4/1975,0.035,,,,,,,,
11/5/1975,0.035,,,,,,,,
11/6/1975,0.035,,,,,,,,
11/7/1975,0.035,,,,,,,,
11/8/1975,0.035,,,,,,,,
11/9/1975,0.035,,,,,,,,
11/10/1975,0.035,,,,,,,,
11/11/1975,0.035,,,,,,,,
11/12/1975,0.035,,,,,,,,
11/13/1975,0.035,,,,,,,,
11/14/1975,0.035,,,,,,,,
11/15/1975,0.035,,,,,,,,
11/16/1975,0.035,,,,,,,,
11/17/1975,0.035,,,,,,,,
11/18/1975,0.035,,,,,,,,
11/19/1975,0.035,,,,,,,,
11/20/1975,0.035,,,,,,,,
11/21/1975,0.035,,,,,,,,
11/22/1975,0.035,,,,,,,,
11/23/1975,0.035,,,,,,,,
11/24/1975,0.035,,,,,,,,
11/25/1975,0.035,,,,,,,,
11/26/1975,0.035,,,,,,,,
11/27/1975,0.035,,,,,,,,
11/28/1975,0.035,,,,,,,,
11/29/1975,0.035,,,,,,,,
11/30/1975,0.035,,,,,,,,
12/1/1975,0.01839,,,,,,,,
12/2/1975,0.01839,,,,,,,,
12/3/1975,0.01839,,,,,,,,
12/4/1975,0.01839,,,,,,,,
12/5/1975,0.01839,,,,,,,,
12/6/1975,0.01839,,,,,,,,
12/7/1975,0.01839,,,,,,,,
12/8/1975,0.01839,,,,,,,,
12/9/1975,0.01839,,,,,,,,
12/10/1975,0.01839,,,,,,,,
12/11/1975,0.01839,,,,,,,,
12/12/1975,0.01839,,,,,,,,
12/13/1975,0.01839,,,,,,,,
12/14/1975,0.01839,,,,,,,,
12/15/1975,0.01839,,,,,,,,
12/16/1975,0.01839,,,,,,,,
12/17/1975,0.01839,,,,,,,,
12/18/1975,0.01839,,,,,,,,
12/19/1975,0.01839,,,,,,,,
12/20/1975,0.01839,,,,,,,,
12/21/1975,0.01839,,,,,,,,
12/22/1975,0.01839,,,,,,,,
12/23/1975,0.01839,,,,,,,,
12/24/1975,0.01839,,,,,,,,
12/25/1975,0.01839,,,,,,,,
12/26/1975,0.01839,,,,,,,,
12/27/1975,0.01839,,,,,,,,
12/28/1975,0.01839,,,,,,,,
12/29/1975,0.01839,,,,,,,,
12/30/1975,0.01839,,,,,,,,
12/31/1975,0.01839,,,,,,,,
1/1/1976,0.02032,,,,,,,,
1/2/1976,0.02032,,,,,,,,
1/3/1976,0.02032,,,,,,,,
1/4/1976,0.02032,,,,,,,,
1/5/1976,0.02032,,,,,,,,
1/6/1976,0.02032,,,,,,,,
1/7/1976,0.02032,,,,,,,,
1/8/1976,0.02032,,,,,,,,
1/9/1976,0.02032,,,,,,,,
1/10/1976,0.02032,,,,,,,,
1/11/1976,0.02032,,,,,,,,
1/12/1976,0.02032,,,,,,,,
1/13/1976,0.02032,,,,,,,,
1/14/1976,0.02032,,,,,,,,
1/15/1976,0.02032,,,,,,,,
1/16/1976,0.02032,,,,,,,,
1/17/1976,0.02032,,,,,,,,
1/18/1976,0.02032,,,,,,,,
1/19/1976,0.02032,,,,,,,,
1/20/1976,0.02032,,,,,,,,
1/21/1976,0.02032,,,,,,,,
1/22/1976,0.02032,,,,,,,,
1/23/1976,0.02032,,,,,,,,
1/24/1976,0.02032,,,,,,,,
1/25/1976,0.02032,,,,,,,,
1/26/1976,0.02032,,,,,,,,
1/27/1976,0.02032,,,,,,,,
1/28/1976,0.02032,,,,,,,,
1/29/1976,0.02032,,,,,,,,
1/30/1976,0.02032,,,,,,,,
1/31/1976,0.02032,,,,,,,,
2/1/1976,0.04214,,,,,,,,
2/2/1976,0.04214,,,,,,,,
2/3/1976,0.04214,,,,,,,,
2/4/1976,0.04214,,,,,,,,
2/5/1976,0.04214,,,,,,,,
2/6/1976,0.04214,,,,,,,,
2/7/1976,0.04214,,,,,,,,
2/8/1976,0.04214,,,,,,,,
2/9/1976,0.04214,,,,,,,,
2/10/1976,0.04214,,,,,,,,
2/11/1976,0.04214,,,,,,,,
2/12/1976,0.04214,,,,,,,,
2/13/1976,0.04214,,,,,,,,
2/14/1976,0.04214,,,,,,,,
2/15/1976,0.04214,,,,,,,,
2/16/1976,0.04214,,,,,,,,
2/17/1976,0.04214,,,,,,,,
2/18/1976,0.04214,,,,,,,,
2/19/1976,0.04214,,,,,,,,
2/20/1976,0.04214,,,,,,,,
2/21/1976,0.04214,,,,,,,,
2/22/1976,0.04214,,,,,,,,
2/23/1976,0.04214,,,,,,,,
2/24/1976,0.04214,,,,,,,,
2/25/1976,0.04214,,,,,,,,
2/26/1976,0.04214,,,,,,,,
2/27/1976,0.04214,,,,,,,,
2/28/1976,0.04214,,,,,,,,
2/29/1976,0.04214,,,,,,,,
3/1/1976,0.07387,,,,,,,,
3/2/1976,0.07387,,,,,,,,
3/3/1976,0.07387,,,,,,,,
3/4/1976,0.07387,,,,,,,,
3/5/1976,0.07387,,,,,,,,
3/6/1976,0.07387,,,,,,,,
3/7/1976,0.07387,,,,,,,,
3/8/1976,0.07387,,,,,,,,
3/9/1976,0.07387,,,,,,,,
3/10/1976,0.07387,,,,,,,,
3/11/1976,0.07387,,,,,,,,
3/12/1976,0.07387,,,,,,,,
3/13/1976,0.07387,,,,,,,,
3/14/1976,0.07387,,,,,,,,
3/15/1976,0.07387,,,,,,,,
3/16/1976,0.07387,,,,,,,,
3/17/1976,0.07387,,,,,,,,
3/18/1976,0.07387,,,,,,,,
3/19/1976,0.07387,,,,,,,,
3/20/1976,0.07387,,,,,,,,
3/21/1976,0.07387,,,,,,,,
3/22/1976,0.07387,,,,,,,,
3/23/1976,0.07387,,,,,,,,
3/24/1976,0.07387,,,,,,,,
3/25/1976,0.07387,,,,,,,,
3/26/1976,0.07387,,,,,,,,
3/27/1976,0.07387,,,,,,,,
3/28/1976,0.07387,,,,,,,,
3/29/1976,0.07387,,,,,,,,
3/30/1976,0.07387,,,,,,,,
3/31/1976,0.07387,,,,,,,,
4/1/1976,0.11033,,,,,,,,
4/2/1976,0.11033,,,,,,,,
4/3/1976,0.11033,,,,,,,,
4/4/1976,0.11033,,,,,,,,
4/5/1976,0.11033,,,,,,,,
4/6/1976,0.11033,,,,,,,,
4/7/1976,0.11033,,,,,,,,
4/8/1976,0.11033,,,,,,,,
4/9/1976,0.11033,,,,,,,,
4/10/1976,0.11033,,,,,,,,
4/11/1976,0.11033,,,,,,,,
4/12/1976,0.11033,,,,,,,,
4/13/1976,0.11033,,,,,,,,
4/14/1976,0.11033,,,,,,,,
4/15/1976,0.11033,,,,,,,,
4/16/1976,0.11033,,,,,,,,
4/17/1976,0.11033,,,,,,,,
4/18/1976,0.11033,,,,,,,,
4/19/1976,0.11033,,,,,,,,
4/20/1976,0.11033,,,,,,,,
4/21/1976,0.11033,,,,,,,,
4/22/1976,0.11033,,,,,,,,
4/23/1976,0.11033,,,,,,,,
4/24/1976,0.11033,,,,,,,,
4/25/1976,0.11033,,,,,,,,
4/26/1976,0.11033,,,,,,,,
4/27/1976,0.11033,,,,,,,,
4/28/1976,0.11033,,,,,,,,
4/29/1976,0.11033,,,,,,,,
4/30/1976,0.11033,,,,,,,,
5/1/1976,0.16613,,,,,,,,
5/2/1976,0.16613,,,,,,,,
5/3/1976,0.16613,,,,,,,,
5/4/1976,0.16613,,,,,,,,
5/5/1976,0.16613,,,,,,,,
5/6/1976,0.16613,,,,,,,,
5/7/1976,0.16613,,,,,,,,
5/8/1976,0.16613,,,,,,,,
5/9/1976,0.16613,,,,,,,,
5/10/1976,0.16613,,,,,,,,
5/11/1976,0.16613,,,,,,,,
5/12/1976,0.16613,,,,,,,,
5/13/1976,0.16613,,,,,,,,
5/14/1976,0.16613,,,,,,,,
5/15/1976,0.16613,,,,,,,,
5/16/1976,0.16613,,,,,,,,
5/17/1976,0.16613,,,,,,,,
5/18/1976,0.16613,,,,,,,,
5/19/1976,0.16613,,,,,,,,
5/20/1976,0.16613,,,,,,,,
5/21/1976,0.16613,,,,,,,,
5/22/1976,0.16613,,,,,,,,
5/23/1976,0.16613,,,,,,,,
5/24/1976,0.16613,,,,,,,,
5/25/1976,0.16613,,,,,,,,
5/26/1976,0.16613,,,,,,,,
5/27/1976,0.16613,,,,,,,,
5/28/1976,0.16613,,,,,,,,
5/29/1976,0.16613,,,,,,,,
5/30/1976,0.16613,,,,,,,,
5/31/1976,0.16613,,,,,,,,
6/1/1976,0.20033,,,,,,,,
6/2/1976,0.20033,,,,,,,,
6/3/1976,0.20033,,,,,,,,
6/4/1976,0.20033,,,,,,,,
6/5/1976,0.20033,,,,,,,,
6/6/1976,0.20033,,,,,,,,
6/7/1976,0.20033,,,,,,,,
6/8/1976,0.20033,,,,,,,,
6/9/1976,0.20033,,,,,,,,
6/10/1976,0.20033,,,,,,,,
6/11/1976,0.20033,,,,,,,,
6/12/1976,0.20033,,,,,,,,
6/13/1976,0.20033,,,,,,,,
6/14/1976,0.20033,,,,,,,,
6/15/1976,0.20033,,,,,,,,
6/16/1976,0.20033,,,,,,,,
6/17/1976,0.20033,,,,,,,,
6/18/1976,0.20033,,,,,,,,
6/19/1976,0.20033,,,,,,,,
6/20/1976,0.20033,,,,,,,,
6/21/1976,0.20033,,,,,,,,
6/22/1976,0.20033,,,,,,,,
6/23/1976,0.20033,,,,,,,,
6/24/1976,0.20033,,,,,,,,
6/25/1976,0.20033,,,,,,,,
6/26/1976,0.20033,,,,,,,,
6/27/1976,0.20033,,,,,,,,
6/28/1976,0.20033,,,,,,,,
6/29/1976,0.20033,,,,,,,,
6/30/1976,0.20033,,,,,,,,
7/1/1976,0.23871,,,,,,,,
7/2/1976,0.23871,,,,,,,,
7/3/1976,0.23871,,,,,,,,
7/4/1976,0.23871,,,,,,,,
7/5/1976,0.23871,,,,,,,,
7/6/1976,0.23871,,,,,,,,
7/7/1976,0.23871,,,,,,,,
7/8/1976,0.23871,,,,,,,,
7/9/1976,0.23871,,,,,,,,
7/10/1976,0.23871,,,,,,,,
7/11/1976,0.23871,,,,,,,,
7/12/1976,0.23871,,,,,,,,
7/13/1976,0.23871,,,,,,,,
7/14/1976,0.23871,,,,,,,,
7/15/1976,0.23871,,,,,,,,
7/16/1976,0.23871,,,,,,,,
7/17/1976,0.23871,,,,,,,,
7/18/1976,0.23871,,,,,,,,
7/19/1976,0.23871,,,,,,,,
7/20/1976,0.23871,,,,,,,,
7/21/1976,0.23871,,,,,,,,
7/22/1976,0.23871,,,,,,,,
7/23/1976,0.23871,,,,,,,,
7/24/1976,0.23871,,,,,,,,
7/25/1976,0.23871,,,,,,,,
7/26/1976,0.23871,,,,,,,,
7/27/1976,0.23871,,,,,,,,
7/28/1976,0.23871,,,,,,,,
7/29/1976,0.23871,,,,,,,,
7/30/1976,0.23871,,,,,,,,
7/31/1976,0.23871,,,,,,,,
8/1/1976,0.21871,,,,,,,,
8/2/1976,0.21871,,,,,,,,
8/3/1976,0.21871,,,,,,,,
8/4/1976,0.21871,,,,,,,,
8/5/1976,0.21871,,,,,,,,
8/6/1976,0.21871,,,,,,,,
8/7/1976,0.21871,,,,,,,,
8/8/1976,0.21871,,,,,,,,
8/9/1976,0.21871,,,,,,,,
8/10/1976,0.21871,,,,,,,,
8/11/1976,0.21871,,,,,,,,
8/12/1976,0.21871,,,,,,,,
8/13/1976,0.21871,,,,,,,,
8/14/1976,0.21871,,,,,,,,
8/15/1976,0.21871,,,,,,,,
8/16/1976,0.21871,,,,,,,,
8/17/1976,0.21871,,,,,,,,
8/18/1976,0.21871,,,,,,,,
8/19/1976,0.21871,,,,,,,,
8/20/1976,0.21871,,,,,,,,
8/21/1976,0.21871,,,,,,,,
8/22/1976,0.21871,,,,,,,,
8/23/1976,0.21871,,,,,,,,
8/24/1976,0.21871,,,,,,,,
8/25/1976,0.21871,,,,,,,,
8/26/1976,0.21871,,,,,,,,
8/27/1976,0.21871,,,,,,,,
8/28/1976,0.21871,,,,,,,,
8/29/1976,0.21871,,,,,,,,
8/30/1976,0.21871,,,,,,,,
8/31/1976,0.21871,,,,,,,,
9/1/1976,0.156,,,,,,,,
9/2/1976,0.156,,,,,,,,
9/3/1976,0.156,,,,,,,,
9/4/1976,0.156,,,,,,,,
9/5/1976,0.156,,,,,,,,
9/6/1976,0.156,,,,,,,,
9/7/1976,0.156,,,,,,,,
9/8/1976,0.156,,,,,,,,
9/9/1976,0.156,,,,,,,,
9/10/1976,0.156,,,,,,,,
9/11/1976,0.156,,,,,,,,
9/12/1976,0.156,,,,,,,,
9/13/1976,0.156,,,,,,,,
9/14/1976,0.156,,,,,,,,
9/15/1976,0.156,,,,,,,,
9/16/1976,0.156,,,,,,,,
9/17/1976,0.156,,,,,,,,
9/18/1976,0.156,,,,,,,,
9/19/1976,0.156,,,,,,,,
9/20/1976,0.156,,,,,,,,
9/21/1976,0.156,,,,,,,,
9/22/1976,0.156,,,,,,,,
9/23/1976,0.156,,,,,,,,
9/24/1976,0.156,,,,,,,,
9/25/1976,0.156,,,,,,,,
9/26/1976,0.156,,,,,,,,
9/27/1976,0.156,,,,,,,,
9/28/1976,0.156,,,,,,,,
9/29/1976,0.156,,,,,,,,
9/30/1976,0.156,,,,,,,,
10/1/1976,0.0771,,,,,,,,
10/2/1976,0.0771,,,,,,,,
10/3/1976,0.0771,,,,,,,,
10/4/1976,0.0771,,,,,,,,
10/5/1976,0.0771,,,,,,,,
10/6/1976,0.0771,,,,,,,,
10/7/1976,0.0771,,,,,,,,
10/8/1976,0.0771,,,,,,,,
10/9/1976,0.0771,,,,,,,,
10/10/1976,0.0771,,,,,,,,
10/11/1976,0.0771,,,,,,,,
10/12/1976,0.0771,,,,,,,,
10/13/1976,0.0771,,,,,,,,
10/14/1976,0.0771,,,,,,,,
10/15/1976,0.0771,,,,,,,,
10/16/1976,0.0771,,,,,,,,
10/17/1976,0.0771,,,,,,,,
10/18/1976,0.0771,,,,,,,,
10/19/1976,0.0771,,,,,,,,
10/20/1976,0.0771,,,,,,,,
10/21/1976,0.0771,,,,,,,,
10/22/1976,0.0771,,,,,,,,
10/23/1976,0.0771,,,,,,,,
10/24/1976,0.0771,,,,,,,,
10/25/1976,0.0771,,,,,,,,
10/26/1976,0.0771,,,,,,,,
10/27/1976,0.0771,,,,,,,,
10/28/1976,0.0771,,,,,,,,
10/29/1976,0.0771,,,,,,,,
10/30/1976,0.0771,,,,,,,,
10/31/1976,0.0771,,,,,,,,
11/1/1976,0.035,,,,,,,,
11/2/1976,0.035,,,,,,,,
11/3/1976,0.035,,,,,,,,
11/4/1976,0.035,,,,,,,,
11/5/1976,0.035,,,,,,,,
11/6/1976,0.035,,,,,,,,
11/7/1976,0.035,,,,,,,,
11/8/1976,0.035,,,,,,,,
11/9/1976,0.035,,,,,,,,
11/10/1976,0.035,,,,,,,,
11/11/1976,0.035,,,,,,,,
11/12/1976,0.035,,,,,,,,
11/13/1976,0.035,,,,,,,,
11/14/1976,0.035,,,,,,,,
11/15/1976,0.035,,,,,,,,
11/16/1976,0.035,,,,,,,,
11/17/1976,0.035,,,,,,,,
11/18/1976,0.035,,,,,,,,
11/19/1976,0.035,,,,,,,,
11/20/1976,0.035,,,,,,,,
11/21/1976,0.035,,,,,,,,
11/22/1976,0.035,,,,,,,,
11/23/1976,0.035,,,,,,,,
11/24/1976,0.035,,,,,,,,
11/25/1976,0.035,,,,,,,,
11/26/1976,0.035,,,,,,,,
11/27/1976,0.035,,,,,,,,
11/28/1976,0.035,,,,,,,,
11/29/1976,0.035,,,,,,,,
11/30/1976,0.035,,,,,,,,
12/1/1976,0.01839,,,,,,,,
12/2/1976,0.01839,,,,,,,,
12/3/1976,0.01839,,,,,,,,
12/4/1976,0.01839,,,,,,,,
12/5/1976,0.01839,,,,,,,,
12/6/1976,0.01839,,,,,,,,
12/7/1976,0.01839,,,,,,,,
12/8/1976,0.01839,,,,,,,,
12/9/1976,0.01839,,,,,,,,
12/10/1976,0.01839,,,,,,,,
12/11/1976,0.01839,,,,,,,,
12/12/1976,0.01839,,,,,,,,
12/13/1976,0.01839,,,,,,,,
12/14/1976,0.01839,,,,,,,,
12/15/1976,0.01839,,,,,,,,
12/16/1976,0.01839,,,,,,,,
12/17/1976,0.01839,,,,,,,,
12/18/1976,0.01839,,,,,,,,
12/19/1976,0.01839,,,,,,,,
12/20/1976,0.01839,,,,,,,,
12/21/1976,0.01839,,,,,,,,
12/22/1976,0.01839,,,,,,,,
12/23/1976,0.01839,,,,,,,,
12/24/1976,0.01839,,,,,,,,
12/25/1976,0.01839,,,,,,,,
12/26/1976,0.01839,,,,,,,,
12/27/1976,0.01839,,,,,,,,
12/28/1976,0.01839,,,,,,,,
12/29/1976,0.01839,,,,,,,,
12/30/1976,0.01839,,,,,,,,
12/31/1976,0.01839,,,,,,,,
1/1/1977,0.02032,,,,,,,,
1/2/1977,0.02032,,,,,,,,
1/3/1977,0.02032,,,,,,,,
1/4/1977,0.02032,,,,,,,,
1/5/1977,0.02032,,,,,,,,
1/6/1977,0.02032,,,,,,,,
1/7/1977,0.02032,,,,,,,,
1/8/1977,0.02032,,,,,,,,
1/9/1977,0.02032,,,,,,,,
1/10/1977,0.02032,,,,,,,,
1/11/1977,0.02032,,,,,,,,
1/12/1977,0.02032,,,,,,,,
1/13/1977,0.02032,,,,,,,,
1/14/1977,0.02032,,,,,,,,
1/15/1977,0.02032,,,,,,,,
1/16/1977,0.02032,,,,,,,,
1/17/1977,0.02032,,,,,,,,
1/18/1977,0.02032,,,,,,,,
1/19/1977,0.02032,,,,,,,,
1/20/1977,0.02032,,,,,,,,
1/21/1977,0.02032,,,,,,,,
1/22/1977,0.02032,,,,,,,,
1/23/1977,0.02032,,,,,,,,
1/24/1977,0.02032,,,,,,,,
1/25/1977,0.02032,,,,,,,,
1/26/1977,0.02032,,,,,,,,
1/27/1977,0.02032,,,,,,,,
1/28/1977,0.02032,,,,,,,,
1/29/1977,0.02032,,,,,,,,
1/30/1977,0.02032,,,,,,,,
1/31/1977,0.02032,,,,,,,,
2/1/1977,0.04214,,,,,,,,
2/2/1977,0.04214,,,,,,,,
2/3/1977,0.04214,,,,,,,,
2/4/1977,0.04214,,,,,,,,
2/5/1977,0.04214,,,,,,,,
2/6/1977,0.04214,,,,,,,,
2/7/1977,0.04214,,,,,,,,
2/8/1977,0.04214,,,,,,,,
2/9/1977,0.04214,,,,,,,,
2/10/1977,0.04214,,,,,,,,
2/11/1977,0.04214,,,,,,,,
2/12/1977,0.04214,,,,,,,,
2/13/1977,0.04214,,,,,,,,
2/14/1977,0.04214,,,,,,,,
2/15/1977,0.04214,,,,,,,,
2/16/1977,0.04214,,,,,,,,
2/17/1977,0.04214,,,,,,,,
2/18/1977,0.04214,,,,,,,,
2/19/1977,0.04214,,,,,,,,
2/20/1977,0.04214,,,,,,,,
2/21/1977,0.04214,,,,,,,,
2/22/1977,0.04214,,,,,,,,
2/23/1977,0.04214,,,,,,,,
2/24/1977,0.04214,,,,,,,,
2/25/1977,0.04214,,,,,,,,
2/26/1977,0.04214,,,,,,,,
2/27/1977,0.04214,,,,,,,,
2/28/1977,0.04214,,,,,,,,
3/1/1977,0.07387,,,,,,,,
3/2/1977,0.07387,,,,,,,,
3/3/1977,0.07387,,,,,,,,
3/4/1977,0.07387,,,,,,,,
3/5/1977,0.07387,,,,,,,,
3/6/1977,0.07387,,,,,,,,
3/7/1977,0.07387,,,,,,,,
3/8/1977,0.07387,,,,,,,,
3/9/1977,0.07387,,,,,,,,
3/10/1977,0.07387,,,,,,,,
3/11/1977,0.07387,,,,,,,,
3/12/1977,0.07387,,,,,,,,
3/13/1977,0.07387,,,,,,,,
3/14/1977,0.07387,,,,,,,,
3/15/1977,0.07387,,,,,,,,
3/16/1977,0.07387,,,,,,,,
3/17/1977,0.07387,,,,,,,,
3/18/1977,0.07387,,,,,,,,
3/19/1977,0.07387,,,,,,,,
3/20/1977,0.07387,,,,,,,,
3/21/1977,0.07387,,,,,,,,
3/22/1977,0.07387,,,,,,,,
3/23/1977,0.07387,,,,,,,,
3/24/1977,0.07387,,,,,,,,
3/25/1977,0.07387,,,,,,,,
3/26/1977,0.07387,,,,,,,,
3/27/1977,0.07387,,,,,,,,
3/28/1977,0.07387,,,,,,,,
3/29/1977,0.07387,,,,,,,,
3/30/1977,0.07387,,,,,,,,
3/31/1977,0.07387,,,,,,,,
4/1/1977,0.11033,,,,,,,,
4/2/1977,0.11033,,,,,,,,
4/3/1977,0.11033,,,,,,,,
4/4/1977,0.11033,,,,,,,,
4/5/1977,0.11033,,,,,,,,
4/6/1977,0.11033,,,,,,,,
4/7/1977,0.11033,,,,,,,,
4/8/1977,0.11033,,,,,,,,
4/9/1977,0.11033,,,,,,,,
4/10/1977,0.11033,,,,,,,,
4/11/1977,0.11033,,,,,,,,
4/12/1977,0.11033,,,,,,,,
4/13/1977,0.11033,,,,,,,,
4/14/1977,0.11033,,,,,,,,
4/15/1977,0.11033,,,,,,,,
4/16/1977,0.11033,,,,,,,,
4/17/1977,0.11033,,,,,,,,
4/18/1977,0.11033,,,,,,,,
4/19/1977,0.11033,,,,,,,,
4/20/1977,0.11033,,,,,,,,
4/21/1977,0.11033,,,,,,,,
4/22/1977,0.11033,,,,,,,,
4/23/1977,0.11033,,,,,,,,
4/24/1977,0.11033,,,,,,,,
4/25/1977,0.11033,,,,,,,,
4/26/1977,0.11033,,,,,,,,
4/27/1977,0.11033,,,,,,,,
4/28/1977,0.11033,,,,,,,,
4/29/1977,0.11033,,,,,,,,
4/30/1977,0.11033,,,,,,,,
5/1/1977,0.16613,,,,,,,,
5/2/1977,0.16613,,,,,,,,
5/3/1977,0.16613,,,,,,,,
5/4/1977,0.16613,,,,,,,,
5/5/1977,0.16613,,,,,,,,
5/6/1977,0.16613,,,,,,,,
5/7/1977,0.16613,,,,,,,,
5/8/1977,0.16613,,,,,,,,
5/9/1977,0.16613,,,,,,,,
5/10/1977,0.16613,,,,,,,,
5/11/1977,0.16613,,,,,,,,
5/12/1977,0.16613,,,,,,,,
5/13/1977,0.16613,,,,,,,,
5/14/1977,0.16613,,,,,,,,
5/15/1977,0.16613,,,,,,,,
5/16/1977,0.16613,,,,,,,,
5/17/1977,0.16613,,,,,,,,
5/18/1977,0.16613,,,,,,,,
5/19/1977,0.16613,,,,,,,,
5/20/1977,0.16613,,,,,,,,
5/21/1977,0.16613,,,,,,,,
5/22/1977,0.16613,,,,,,,,
5/23/1977,0.16613,,,,,,,,
5/24/1977,0.16613,,,,,,,,
5/25/1977,0.16613,,,,,,,,
5/26/1977,0.16613,,,,,,,,
5/27/1977,0.16613,,,,,,,,
5/28/1977,0.16613,,,,,,,,
5/29/1977,0.16613,,,,,,,,
5/30/1977,0.16613,,,,,,,,
5/31/1977,0.16613,,,,,,,,
6/1/1977,0.20033,,,,,,,,
6/2/1977,0.20033,,,,,,,,
6/3/1977,0.20033,,,,,,,,
6/4/1977,0.20033,,,,,,,,
6/5/1977,0.20033,,,,,,,,
6/6/1977,0.20033,,,,,,,,
6/7/1977,0.20033,,,,,,,,
6/8/1977,0.20033,,,,,,,,
6/9/1977,0.20033,,,,,,,,
6/10/1977,0.20033,,,,,,,,
6/11/1977,0.20033,,,,,,,,
6/12/1977,0.20033,,,,,,,,
6/13/1977,0.20033,,,,,,,,
6/14/1977,0.20033,,,,,,,,
6/15/1977,0.20033,,,,,,,,
6/16/1977,0.20033,,,,,,,,
6/17/1977,0.20033,,,,,,,,
6/18/1977,0.20033,,,,,,,,
6/19/1977,0.20033,,,,,,,,
6/20/1977,0.20033,,,,,,,,
6/21/1977,0.20033,,,,,,,,
6/22/1977,0.20033,,,,,,,,
6/23/1977,0.20033,,,,,,,,
6/24/1977,0.20033,,,,,,,,
6/25/1977,0.20033,,,,,,,,
6/26/1977,0.20033,,,,,,,,
6/27/1977,0.20033,,,,,,,,
6/28/1977,0.20033,,,,,,,,
6/29/1977,0.20033,,,,,,,,
6/30/1977,0.20033,,,,,,,,
7/1/1977,0.23871,,,,,,,,
7/2/1977,0.23871,,,,,,,,
7/3/1977,0.23871,,,,,,,,
7/4/1977,0.23871,,,,,,,,
7/5/1977,0.23871,,,,,,,,
7/6/1977,0.23871,,,,,,,,
7/7/1977,0.23871,,,,,,,,
7/8/1977,0.23871,,,,,,,,
7/9/1977,0.23871,,,,,,,,
7/10/1977,0.23871,,,,,,,,
7/11/1977,0.23871,,,,,,,,
7/12/1977,0.23871,,,,,,,,
7/13/1977,0.23871,,,,,,,,
7/14/1977,0.23871,,,,,,,,
7/15/1977,0.23871,,,,,,,,
7/16/1977,0.23871,,,,,,,,
7/17/1977,0.23871,,,,,,,,
7/18/1977,0.23871,,,,,,,,
7/19/1977,0.23871,,,,,,,,
7/20/1977,0.23871,,,,,,,,
7/21/1977,0.23871,,,,,,,,
7/22/1977,0.23871,,,,,,,,
7/23/1977,0.23871,,,,,,,,
7/24/1977,0.23871,,,,,,,,
7/25/1977,0.23871,,,,,,,,
7/26/1977,0.23871,,,,,,,,
7/27/1977,0.23871,,,,,,,,
7/28/1977,0.23871,,,,,,,,
7/29/1977,0.23871,,,,,,,,
7/30/1977,0.23871,,,,,,,,
7/31/1977,0.23871,,,,,,,,
8/1/1977,0.21871,,,,,,,,
8/2/1977,0.21871,,,,,,,,
8/3/1977,0.21871,,,,,,,,
8/4/1977,0.21871,,,,,,,,
8/5/1977,0.21871,,,,,,,,
8/6/1977,0.21871,,,,,,,,
8/7/1977,0.21871,,,,,,,,
8/8/1977,0.21871,,,,,,,,
8/9/1977,0.21871,,,,,,,,
8/10/1977,0.21871,,,,,,,,
8/11/1977,0.21871,,,,,,,,
8/12/1977,0.21871,,,,,,,,
8/13/1977,0.21871,,,,,,,,
8/14/1977,0.21871,,,,,,,,
8/15/1977,0.21871,,,,,,,,
8/16/1977,0.21871,,,,,,,,
8/17/1977,0.21871,,,,,,,,
8/18/1977,0.21871,,,,,,,,
8/19/1977,0.21871,,,,,,,,
8/20/1977,0.21871,,,,,,,,
8/21/1977,0.21871,,,,,,,,
8/22/1977,0.21871,,,,,,,,
8/23/1977,0.21871,,,,,,,,
8/24/1977,0.21871,,,,,,,,
8/25/1977,0.21871,,,,,,,,
8/26/1977,0.21871,,,,,,,,
8/27/1977,0.21871,,,,,,,,
8/28/1977,0.21871,,,,,,,,
8/29/1977,0.21871,,,,,,,,
8/30/1977,0.21871,,,,,,,,
8/31/1977,0.21871,,,,,,,,
9/1/1977,0.156,,,,,,,,
9/2/1977,0.156,,,,,,,,
9/3/1977,0.156,,,,,,,,
9/4/1977,0.156,,,,,,,,
9/5/1977,0.156,,,,,,,,
9/6/1977,0.156,,,,,,,,
9/7/1977,0.156,,,,,,,,
9/8/1977,0.156,,,,,,,,
9/9/1977,0.156,,,,,,,,
9/10/1977,0.156,,,,,,,,
9/11/1977,0.156,,,,,,,,
9/12/1977,0.156,,,,,,,,
9/13/1977,0.156,,,,,,,,
9/14/1977,0.156,,,,,,,,
9/15/1977,0.156,,,,,,,,
9/16/1977,0.156,,,,,,,,
9/17/1977,0.156,,,,,,,,
9/18/1977,0.156,,,,,,,,
9/19/1977,0.156,,,,,,,,
9/20/1977,0.156,,,,,,,,
9/21/1977,0.156,,,,,,,,
9/22/1977,0.156,,,,,,,,
9/23/1977,0.156,,,,,,,,
9/24/1977,0.156,,,,,,,,
9/25/1977,0.156,,,,,,,,
9/26/1977,0.156,,,,,,,,
9/27/1977,0.156,,,,,,,,
9/28/1977,0.156,,,,,,,,
9/29/1977,0.156,,,,,,,,
9/30/1977,0.156,,,,,,,,
10/1/1977,0.0771,,,,,,,,
10/2/1977,0.0771,,,,,,,,
10/3/1977,0.0771,,,,,,,,
10/4/1977,0.0771,,,,,,,,
10/5/1977,0.0771,,,,,,,,
10/6/1977,0.0771,,,,,,,,
10/7/1977,0.0771,,,,,,,,
10/8/1977,0.0771,,,,,,,,
10/9/1977,0.0771,,,,,,,,
10/10/1977,0.0771,,,,,,,,
10/11/1977,0.0771,,,,,,,,
10/12/1977,0.0771,,,,,,,,
10/13/1977,0.0771,,,,,,,,
10/14/1977,0.0771,,,,,,,,
10/15/1977,0.0771,,,,,,,,
10/16/1977,0.0771,,,,,,,,
10/17/1977,0.0771,,,,,,,,
10/18/1977,0.0771,,,,,,,,
10/19/1977,0.0771,,,,,,,,
10/20/1977,0.0771,,,,,,,,
10/21/1977,0.0771,,,,,,,,
10/22/1977,0.0771,,,,,,,,
10/23/1977,0.0771,,,,,,,,
10/24/1977,0.0771,,,,,,,,
10/25/1977,0.0771,,,,,,,,
10/26/1977,0.0771,,,,,,,,
10/27/1977,0.0771,,,,,,,,
10/28/1977,0.0771,,,,,,,,
10/29/1977,0.0771,,,,,,,,
10/30/1977,0.0771,,,,,,,,
10/31/1977,0.0771,,,,,,,,
11/1/1977,0.035,,,,,,,,
11/2/1977,0.035,,,,,,,,
11/3/1977,0.035,,,,,,,,
11/4/1977,0.035,,,,,,,,
11/5/1977,0.035,,,,,,,,
11/6/1977,0.035,,,,,,,,
11/7/1977,0.035,,,,,,,,
11/8/1977,0.035,,,,,,,,
11/9/1977,0.035,,,,,,,,
11/10/1977,0.035,,,,,,,,
11/11/1977,0.035,,,,,,,,
11/12/1977,0.035,,,,,,,,
11/13/1977,0.035,,,,,,,,
11/14/1977,0.035,,,,,,,,
11/15/1977,0.035,,,,,,,,
11/16/1977,0.035,,,,,,,,
11/17/1977,0.035,,,,,,,,
11/18/1977,0.035,,,,,,,,
11/19/1977,0.035,,,,,,,,
11/20/1977,0.035,,,,,,,,
11/21/1977,0.035,,,,,,,,
11/22/1977,0.035,,,,,,,,
11/23/1977,0.035,,,,,,,,
11/24/1977,0.035,,,,,,,,
11/25/1977,0.035,,,,,,,,
11/26/1977,0.035,,,,,,,,
11/27/1977,0.035,,,,,,,,
11/28/1977,0.035,,,,,,,,
11/29/1977,0.035,,,,,,,,
11/30/1977,0.035,,,,,,,,
12/1/1977,0.01839,,,,,,,,
12/2/1977,0.01839,,,,,,,,
12/3/1977,0.01839,,,,,,,,
12/4/1977,0.01839,,,,,,,,
12/5/1977,0.01839,,,,,,,,
12/6/1977,0.01839,,,,,,,,
12/7/1977,0.01839,,,,,,,,
12/8/1977,0.01839,,,,,,,,
12/9/1977,0.01839,,,,,,,,
12/10/1977,0.01839,,,,,,,,
12/11/1977,0.01839,,,,,,,,
12/12/1977,0.01839,,,,,,,,
12/13/1977,0.01839,,,,,,,,
12/14/1977,0.01839,,,,,,,,
12/15/1977,0.01839,,,,,,,,
12/16/1977,0.01839,,,,,,,,
12/17/1977,0.01839,,,,,,,,
12/18/1977,0.01839,,,,,,,,
12/19/1977,0.01839,,,,,,,,
12/20/1977,0.01839,,,,,,,,
12/21/1977,0.01839,,,,,,,,
12/22/1977,0.01839,,,,,,,,
12/23/1977,0.01839,,,,,,,,
12/24/1977,0.01839,,,,,,,,
12/25/1977,0.01839,,,,,,,,
12/26/1977,0.01839,,,,,,,,
12/27/1977,0.01839,,,,,,,,
12/28/1977,0.01839,,,,,,,,
12/29/1977,0.01839,,,,,,,,
12/30/1977,0.01839,,,,,,,,
12/31/1977,0.01839,,,,,,,,
1/1/1978,0.02032,,,,,,,,
1/2/1978,0.02032,,,,,,,,
1/3/1978,0.02032,,,,,,,,
1/4/1978,0.02032,,,,,,,,
1/5/1978,0.02032,,,,,,,,
1/6/1978,0.02032,,,,,,,,
1/7/1978,0.02032,,,,,,,,
1/8/1978,0.02032,,,,,,,,
1/9/1978,0.02032,,,,,,,,
1/10/1978,0.02032,,,,,,,,
1/11/1978,0.02032,,,,,,,,
1/12/1978,0.02032,,,,,,,,
1/13/1978,0.02032,,,,,,,,
1/14/1978,0.02032,,,,,,,,
1/15/1978,0.02032,,,,,,,,
1/16/1978,0.02032,,,,,,,,
1/17/1978,0.02032,,,,,,,,
1/18/1978,0.02032,,,,,,,,
1/19/1978,0.02032,,,,,,,,
1/20/1978,0.02032,,,,,,,,
1/21/1978,0.02032,,,,,,,,
1/22/1978,0.02032,,,,,,,,
1/23/1978,0.02032,,,,,,,,
1/24/1978,0.02032,,,,,,,,
1/25/1978,0.02032,,,,,,,,
1/26/1978,0.02032,,,,,,,,
1/27/1978,0.02032,,,,,,,,
1/28/1978,0.02032,,,,,,,,
1/29/1978,0.02032,,,,,,,,
1/30/1978,0.02032,,,,,,,,
1/31/1978,0.02032,,,,,,,,
2/1/1978,0.04214,,,,,,,,
2/2/1978,0.04214,,,,,,,,
2/3/1978,0.04214,,,,,,,,
2/4/1978,0.04214,,,,,,,,
2/5/1978,0.04214,,,,,,,,
2/6/1978,0.04214,,,,,,,,
2/7/1978,0.04214,,,,,,,,
2/8/1978,0.04214,,,,,,,,
2/9/1978,0.04214,,,,,,,,
2/10/1978,0.04214,,,,,,,,
2/11/1978,0.04214,,,,,,,,
2/12/1978,0.04214,,,,,,,,
2/13/1978,0.04214,,,,,,,,
2/14/1978,0.04214,,,,,,,,
2/15/1978,0.04214,,,,,,,,
2/16/1978,0.04214,,,,,,,,
2/17/1978,0.04214,,,,,,,,
2/18/1978,0.04214,,,,,,,,
2/19/1978,0.04214,,,,,,,,
2/20/1978,0.04214,,,,,,,,
2/21/1978,0.04214,,,,,,,,
2/22/1978,0.04214,,,,,,,,
2/23/1978,0.04214,,,,,,,,
2/24/1978,0.04214,,,,,,,,
2/25/1978,0.04214,,,,,,,,
2/26/1978,0.04214,,,,,,,,
2/27/1978,0.04214,,,,,,,,
2/28/1978,0.04214,,,,,,,,
3/1/1978,0.07387,,,,,,,,
3/2/1978,0.07387,,,,,,,,
3/3/1978,0.07387,,,,,,,,
3/4/1978,0.07387,,,,,,,,
3/5/1978,0.07387,,,,,,,,
3/6/1978,0.07387,,,,,,,,
3/7/1978,0.07387,,,,,,,,
3/8/1978,0.07387,,,,,,,,
3/9/1978,0.07387,,,,,,,,
3/10/1978,0.07387,,,,,,,,
3/11/1978,0.07387,,,,,,,,
3/12/1978,0.07387,,,,,,,,
3/13/1978,0.07387,,,,,,,,
3/14/1978,0.07387,,,,,,,,
3/15/1978,0.07387,,,,,,,,
3/16/1978,0.07387,,,,,,,,
3/17/1978,0.07387,,,,,,,,
3/18/1978,0.07387,,,,,,,,
3/19/1978,0.07387,,,,,,,,
3/20/1978,0.07387,,,,,,,,
3/21/1978,0.07387,,,,,,,,
3/22/1978,0.07387,,,,,,,,
3/23/1978,0.07387,,,,,,,,
3/24/1978,0.07387,,,,,,,,
3/25/1978,0.07387,,,,,,,,
3/26/1978,0.07387,,,,,,,,
3/27/1978,0.07387,,,,,,,,
3/28/1978,0.07387,,,,,,,,
3/29/1978,0.07387,,,,,,,,
3/30/1978,0.07387,,,,,,,,
3/31/1978,0.07387,,,,,,,,
4/1/1978,0.11033,,,,,,,,
4/2/1978,0.11033,,,,,,,,
4/3/1978,0.11033,,,,,,,,
4/4/1978,0.11033,,,,,,,,
4/5/1978,0.11033,,,,,,,,
4/6/1978,0.11033,,,,,,,,
4/7/1978,0.11033,,,,,,,,
4/8/1978,0.11033,,,,,,,,
4/9/1978,0.11033,,,,,,,,
4/10/1978,0.11033,,,,,,,,
4/11/1978,0.11033,,,,,,,,
4/12/1978,0.11033,,,,,,,,
4/13/1978,0.11033,,,,,,,,
4/14/1978,0.11033,,,,,,,,
4/15/1978,0.11033,,,,,,,,
4/16/1978,0.11033,,,,,,,,
4/17/1978,0.11033,,,,,,,,
4/18/1978,0.11033,,,,,,,,
4/19/1978,0.11033,,,,,,,,
4/20/1978,0.11033,,,,,,,,
4/21/1978,0.11033,,,,,,,,
4/22/1978,0.11033,,,,,,,,
4/23/1978,0.11033,,,,,,,,
4/24/1978,0.11033,,,,,,,,
4/25/1978,0.11033,,,,,,,,
4/26/1978,0.11033,,,,,,,,
4/27/1978,0.11033,,,,,,,,
4/28/1978,0.11033,,,,,,,,
4/29/1978,0.11033,,,,,,,,
4/30/1978,0.11033,,,,,,,,
5/1/1978,0.16613,,,,,,,,
5/2/1978,0.16613,,,,,,,,
5/3/1978,0.16613,,,,,,,,
5/4/1978,0.16613,,,,,,,,
5/5/1978,0.16613,,,,,,,,
5/6/1978,0.16613,,,,,,,,
5/7/1978,0.16613,,,,,,,,
5/8/1978,0.16613,,,,,,,,
5/9/1978,0.16613,,,,,,,,
5/10/1978,0.16613,,,,,,,,
5/11/1978,0.16613,,,,,,,,
5/12/1978,0.16613,,,,,,,,
5/13/1978,0.16613,,,,,,,,
5/14/1978,0.16613,,,,,,,,
5/15/1978,0.16613,,,,,,,,
5/16/1978,0.16613,,,,,,,,
5/17/1978,0.16613,,,,,,,,
5/18/1978,0.16613,,,,,,,,
5/19/1978,0.16613,,,,,,,,
5/20/1978,0.16613,,,,,,,,
5/21/1978,0.16613,,,,,,,,
5/22/1978,0.16613,,,,,,,,
5/23/1978,0.16613,,,,,,,,
5/24/1978,0.16613,,,,,,,,
5/25/1978,0.16613,,,,,,,,
5/26/1978,0.16613,,,,,,,,
5/27/1978,0.16613,,,,,,,,
5/28/1978,0.16613,,,,,,,,
5/29/1978,0.16613,,,,,,,,
5/30/1978,0.16613,,,,,,,,
5/31/1978,0.16613,,,,,,,,
6/1/1978,0.20033,,,,,,,,
6/2/1978,0.20033,,,,,,,,
6/3/1978,0.20033,,,,,,,,
6/4/1978,0.20033,,,,,,,,
6/5/1978,0.20033,,,,,,,,
6/6/1978,0.20033,,,,,,,,
6/7/1978,0.20033,,,,,,,,
6/8/1978,0.20033,,,,,,,,
6/9/1978,0.20033,,,,,,,,
6/10/1978,0.20033,,,,,,,,
6/11/1978,0.20033,,,,,,,,
6/12/1978,0.20033,,,,,,,,
6/13/1978,0.20033,,,,,,,,
6/14/1978,0.20033,,,,,,,,
6/15/1978,0.20033,,,,,,,,
6/16/1978,0.20033,,,,,,,,
6/17/1978,0.20033,,,,,,,,
6/18/1978,0.20033,,,,,,,,
6/19/1978,0.20033,,,,,,,,
6/20/1978,0.20033,,,,,,,,
6/21/1978,0.20033,,,,,,,,
6/22/1978,0.20033,,,,,,,,
6/23/1978,0.20033,,,,,,,,
6/24/1978,0.20033,,,,,,,,
6/25/1978,0.20033,,,,,,,,
6/26/1978,0.20033,,,,,,,,
6/27/1978,0.20033,,,,,,,,
6/28/1978,0.20033,,,,,,,,
6/29/1978,0.20033,,,,,,,,
6/30/1978,0.20033,,,,,,,,
7/1/1978,0.23871,,,,,,,,
7/2/1978,0.23871,,,,,,,,
7/3/1978,0.23871,,,,,,,,
7/4/1978,0.23871,,,,,,,,
7/5/1978,0.23871,,,,,,,,
7/6/1978,0.23871,,,,,,,,
7/7/1978,0.23871,,,,,,,,
7/8/1978,0.23871,,,,,,,,
7/9/1978,0.23871,,,,,,,,
7/10/1978,0.23871,,,,,,,,
7/11/1978,0.23871,,,,,,,,
7/12/1978,0.23871,,,,,,,,
7/13/1978,0.23871,,,,,,,,
7/14/1978,0.23871,,,,,,,,
7/15/1978,0.23871,,,,,,,,
7/16/1978,0.23871,,,,,,,,
7/17/1978,0.23871,,,,,,,,
7/18/1978,0.23871,,,,,,,,
7/19/1978,0.23871,,,,,,,,
7/20/1978,0.23871,,,,,,,,
7/21/1978,0.23871,,,,,,,,
7/22/1978,0.23871,,,,,,,,
7/23/1978,0.23871,,,,,,,,
7/24/1978,0.23871,,,,,,,,
7/25/1978,0.23871,,,,,,,,
7/26/1978,0.23871,,,,,,,,
7/27/1978,0.23871,,,,,,,,
7/28/1978,0.23871,,,,,,,,
7/29/1978,0.23871,,,,,,,,
7/30/1978,0.23871,,,,,,,,
7/31/1978,0.23871,,,,,,,,
8/1/1978,0.21871,,,,,,,,
8/2/1978,0.21871,,,,,,,,
8/3/1978,0.21871,,,,,,,,
8/4/1978,0.21871,,,,,,,,
8/5/1978,0.21871,,,,,,,,
8/6/1978,0.21871,,,,,,,,
8/7/1978,0.21871,,,,,,,,
8/8/1978,0.21871,,,,,,,,
8/9/1978,0.21871,,,,,,,,
8/10/1978,0.21871,,,,,,,,
8/11/1978,0.21871,,,,,,,,
8/12/1978,0.21871,,,,,,,,
8/13/1978,0.21871,,,,,,,,
8/14/1978,0.21871,,,,,,,,
8/15/1978,0.21871,,,,,,,,
8/16/1978,0.21871,,,,,,,,
8/17/1978,0.21871,,,,,,,,
8/18/1978,0.21871,,,,,,,,
8/19/1978,0.21871,,,,,,,,
8/20/1978,0.21871,,,,,,,,
8/21/1978,0.21871,,,,,,,,
8/22/1978,0.21871,,,,,,,,
8/23/1978,0.21871,,,,,,,,
8/24/1978,0.21871,,,,,,,,
8/25/1978,0.21871,,,,,,,,
8/26/1978,0.21871,,,,,,,,
8/27/1978,0.21871,,,,,,,,
8/28/1978,0.21871,,,,,,,,
8/29/1978,0.21871,,,,,,,,
8/30/1978,0.21871,,,,,,,,
8/31/1978,0.21871,,,,,,,,
9/1/1978,0.156,,,,,,,,
9/2/1978,0.156,,,,,,,,
9/3/1978,0.156,,,,,,,,
9/4/1978,0.156,,,,,,,,
9/5/1978,0.156,,,,,,,,
9/6/1978,0.156,,,,,,,,
9/7/1978,0.156,,,,,,,,
9/8/1978,0.156,,,,,,,,
9/9/1978,0.156,,,,,,,,
9/10/1978,0.156,,,,,,,,
9/11/1978,0.156,,,,,,,,
9/12/1978,0.156,,,,,,,,
9/13/1978,0.156,,,,,,,,
9/14/1978,0.156,,,,,,,,
9/15/1978,0.156,,,,,,,,
9/16/1978,0.156,,,,,,,,
9/17/1978,0.156,,,,,,,,
9/18/1978,0.156,,,,,,,,
9/19/1978,0.156,,,,,,,,
9/20/1978,0.156,,,,,,,,
9/21/1978,0.156,,,,,,,,
9/22/1978,0.156,,,,,,,,
9/23/1978,0.156,,,,,,,,
9/24/1978,0.156,,,,,,,,
9/25/1978,0.156,,,,,,,,
9/26/1978,0.156,,,,,,,,
9/27/1978,0.156,,,,,,,,
9/28/1978,0.156,,,,,,,,
9/29/1978,0.156,,,,,,,,
9/30/1978,0.156,,,,,,,,
10/1/1978,0.0771,,,,,,,,
10/2/1978,0.0771,,,,,,,,
10/3/1978,0.0771,,,,,,,,
10/4/1978,0.0771,,,,,,,,
10/5/1978,0.0771,,,,,,,,
10/6/1978,0.0771,,,,,,,,
10/7/1978,0.0771,,,,,,,,
10/8/1978,0.0771,,,,,,,,
10/9/1978,0.0771,,,,,,,,
10/10/1978,0.0771,,,,,,,,
10/11/1978,0.0771,,,,,,,,
10/12/1978,0.0771,,,,,,,,
10/13/1978,0.0771,,,,,,,,
10/14/1978,0.0771,,,,,,,,
10/15/1978,0.0771,,,,,,,,
10/16/1978,0.0771,,,,,,,,
10/17/1978,0.0771,,,,,,,,
10/18/1978,0.0771,,,,,,,,
10/19/1978,0.0771,,,,,,,,
10/20/1978,0.0771,,,,,,,,
10/21/1978,0.0771,,,,,,,,
10/22/1978,0.0771,,,,,,,,
10/23/1978,0.0771,,,,,,,,
10/24/1978,0.0771,,,,,,,,
10/25/1978,0.0771,,,,,,,,
10/26/1978,0.0771,,,,,,,,
10/27/1978,0.0771,,,,,,,,
10/28/1978,0.0771,,,,,,,,
10/29/1978,0.0771,,,,,,,,
10/30/1978,0.0771,,,,,,,,
10/31/1978,0.0771,,,,,,,,
11/1/1978,0.035,,,,,,,,
11/2/1978,0.035,,,,,,,,
11/3/1978,0.035,,,,,,,,
11/4/1978,0.035,,,,,,,,
11/5/1978,0.035,,,,,,,,
11/6/1978,0.035,,,,,,,,
11/7/1978,0.035,,,,,,,,
11/8/1978,0.035,,,,,,,,
11/9/1978,0.035,,,,,,,,
11/10/1978,0.035,,,,,,,,
11/11/1978,0.035,,,,,,,,
11/12/1978,0.035,,,,,,,,
11/13/1978,0.035,,,,,,,,
11/14/1978,0.035,,,,,,,,
11/15/1978,0.035,,,,,,,,
11/16/1978,0.035,,,,,,,,
11/17/1978,0.035,,,,,,,,
11/18/1978,0.035,,,,,,,,
11/19/1978,0.035,,,,,,,,
11/20/1978,0.035,,,,,,,,
11/21/1978,0.035,,,,,,,,
11/22/1978,0.035,,,,,,,,
11/23/1978,0.035,,,,,,,,
11/24/1978,0.035,,,,,,,,
11/25/1978,0.035,,,,,,,,
11/26/1978,0.035,,,,,,,,
11/27/1978,0.035,,,,,,,,
11/28/1978,0.035,,,,,,,,
11/29/1978,0.035,,,,,,,,
11/30/1978,0.035,,,,,,,,
12/1/1978,0.01839,,,,,,,,
12/2/1978,0.01839,,,,,,,,
12/3/1978,0.01839,,,,,,,,
12/4/1978,0.01839,,,,,,,,
12/5/1978,0.01839,,,,,,,,
12/6/1978,0.01839,,,,,,,,
12/7/1978,0.01839,,,,,,,,
12/8/1978,0.01839,,,,,,,,
12/9/1978,0.01839,,,,,,,,
12/10/1978,0.01839,,,,,,,,
12/11/1978,0.01839,,,,,,,,
12/12/1978,0.01839,,,,,,,,
12/13/1978,0.01839,,,,,,,,
12/14/1978,0.01839,,,,,,,,
12/15/1978,0.01839,,,,,,,,
12/16/1978,0.01839,,,,,,,,
12/17/1978,0.01839,,,,,,,,
12/18/1978,0.01839,,,,,,,,
12/19/1978,0.01839,,,,,,,,
12/20/1978,0.01839,,,,,,,,
12/21/1978,0.01839,,,,,,,,
12/22/1978,0.01839,,,,,,,,
12/23/1978,0.01839,,,,,,,,
12/24/1978,0.01839,,,,,,,,
12/25/1978,0.01839,,,,,,,,
12/26/1978,0.01839,,,,,,,,
12/27/1978,0.01839,,,,,,,,
12/28/1978,0.01839,,,,,,,,
12/29/1978,0.01839,,,,,,,,
12/30/1978,0.01839,,,,,,,,
12/31/1978,0.01839,,,,,,,,
1/1/1979,0.02032,,,,,,,,
1/2/1979,0.02032,,,,,,,,
1/3/1979,0.02032,,,,,,,,
1/4/1979,0.02032,,,,,,,,
1/5/1979,0.02032,,,,,,,,
1/6/1979,0.02032,,,,,,,,
1/7/1979,0.02032,,,,,,,,
1/8/1979,0.02032,,,,,,,,
1/9/1979,0.02032,,,,,,,,
1/10/1979,0.02032,,,,,,,,
1/11/1979,0.02032,,,,,,,,
1/12/1979,0.02032,,,,,,,,
1/13/1979,0.02032,,,,,,,,
1/14/1979,0.02032,,,,,,,,
1/15/1979,0.02032,,,,,,,,
1/16/1979,0.02032,,,,,,,,
1/17/1979,0.02032,,,,,,,,
1/18/1979,0.02032,,,,,,,,
1/19/1979,0.02032,,,,,,,,
1/20/1979,0.02032,,,,,,,,
1/21/1979,0.02032,,,,,,,,
1/22/1979,0.02032,,,,,,,,
1/23/1979,0.02032,,,,,,,,
1/24/1979,0.02032,,,,,,,,
1/25/1979,0.02032,,,,,,,,
1/26/1979,0.02032,,,,,,,,
1/27/1979,0.02032,,,,,,,,
1/28/1979,0.02032,,,,,,,,
1/29/1979,0.02032,,,,,,,,
1/30/1979,0.02032,,,,,,,,
1/31/1979,0.02032,,,,,,,,
2/1/1979,0.04214,,,,,,,,
2/2/1979,0.04214,,,,,,,,
2/3/1979,0.04214,,,,,,,,
2/4/1979,0.04214,,,,,,,,
2/5/1979,0.04214,,,,,,,,
2/6/1979,0.04214,,,,,,,,
2/7/1979,0.04214,,,,,,,,
2/8/1979,0.04214,,,,,,,,
2/9/1979,0.04214,,,,,,,,
2/10/1979,0.04214,,,,,,,,
2/11/1979,0.04214,,,,,,,,
2/12/1979,0.04214,,,,,,,,
2/13/1979,0.04214,,,,,,,,
2/14/1979,0.04214,,,,,,,,
2/15/1979,0.04214,,,,,,,,
2/16/1979,0.04214,,,,,,,,
2/17/1979,0.04214,,,,,,,,
2/18/1979,0.04214,,,,,,,,
2/19/1979,0.04214,,,,,,,,
2/20/1979,0.04214,,,,,,,,
2/21/1979,0.04214,,,,,,,,
2/22/1979,0.04214,,,,,,,,
2/23/1979,0.04214,,,,,,,,
2/24/1979,0.04214,,,,,,,,
2/25/1979,0.04214,,,,,,,,
2/26/1979,0.04214,,,,,,,,
2/27/1979,0.04214,,,,,,,,
2/28/1979,0.04214,,,,,,,,
3/1/1979,0.07387,,,,,,,,
3/2/1979,0.07387,,,,,,,,
3/3/1979,0.07387,,,,,,,,
3/4/1979,0.07387,,,,,,,,
3/5/1979,0.07387,,,,,,,,
3/6/1979,0.07387,,,,,,,,
3/7/1979,0.07387,,,,,,,,
3/8/1979,0.07387,,,,,,,,
3/9/1979,0.07387,,,,,,,,
3/10/1979,0.07387,,,,,,,,
3/11/1979,0.07387,,,,,,,,
3/12/1979,0.07387,,,,,,,,
3/13/1979,0.07387,,,,,,,,
3/14/1979,0.07387,,,,,,,,
3/15/1979,0.07387,,,,,,,,
3/16/1979,0.07387,,,,,,,,
3/17/1979,0.07387,,,,,,,,
3/18/1979,0.07387,,,,,,,,
3/19/1979,0.07387,,,,,,,,
3/20/1979,0.07387,,,,,,,,
3/21/1979,0.07387,,,,,,,,
3/22/1979,0.07387,,,,,,,,
3/23/1979,0.07387,,,,,,,,
3/24/1979,0.07387,,,,,,,,
3/25/1979,0.07387,,,,,,,,
3/26/1979,0.07387,,,,,,,,
3/27/1979,0.07387,,,,,,,,
3/28/1979,0.07387,,,,,,,,
3/29/1979,0.07387,,,,,,,,
3/30/1979,0.07387,,,,,,,,
3/31/1979,0.07387,,,,,,,,
4/1/1979,0.11033,,,,,,,,
4/2/1979,0.11033,,,,,,,,
4/3/1979,0.11033,,,,,,,,
4/4/1979,0.11033,,,,,,,,
4/5/1979,0.11033,,,,,,,,
4/6/1979,0.11033,,,,,,,,
4/7/1979,0.11033,,,,,,,,
4/8/1979,0.11033,,,,,,,,
4/9/1979,0.11033,,,,,,,,
4/10/1979,0.11033,,,,,,,,
4/11/1979,0.11033,,,,,,,,
4/12/1979,0.11033,,,,,,,,
4/13/1979,0.11033,,,,,,,,
4/14/1979,0.11033,,,,,,,,
4/15/1979,0.11033,,,,,,,,
4/16/1979,0.11033,,,,,,,,
4/17/1979,0.11033,,,,,,,,
4/18/1979,0.11033,,,,,,,,
4/19/1979,0.11033,,,,,,,,
4/20/1979,0.11033,,,,,,,,
4/21/1979,0.11033,,,,,,,,
4/22/1979,0.11033,,,,,,,,
4/23/1979,0.11033,,,,,,,,
4/24/1979,0.11033,,,,,,,,
4/25/1979,0.11033,,,,,,,,
4/26/1979,0.11033,,,,,,,,
4/27/1979,0.11033,,,,,,,,
4/28/1979,0.11033,,,,,,,,
4/29/1979,0.11033,,,,,,,,
4/30/1979,0.11033,,,,,,,,
5/1/1979,0.16613,,,,,,,,
5/2/1979,0.16613,,,,,,,,
5/3/1979,0.16613,,,,,,,,
5/4/1979,0.16613,,,,,,,,
5/5/1979,0.16613,,,,,,,,
5/6/1979,0.16613,,,,,,,,
5/7/1979,0.16613,,,,,,,,
5/8/1979,0.16613,,,,,,,,
5/9/1979,0.16613,,,,,,,,
5/10/1979,0.16613,,,,,,,,
5/11/1979,0.16613,,,,,,,,
5/12/1979,0.16613,,,,,,,,
5/13/1979,0.16613,,,,,,,,
5/14/1979,0.16613,,,,,,,,
5/15/1979,0.16613,,,,,,,,
5/16/1979,0.16613,,,,,,,,
5/17/1979,0.16613,,,,,,,,
5/18/1979,0.16613,,,,,,,,
5/19/1979,0.16613,,,,,,,,
5/20/1979,0.16613,,,,,,,,
5/21/1979,0.16613,,,,,,,,
5/22/1979,0.16613,,,,,,,,
5/23/1979,0.16613,,,,,,,,
5/24/1979,0.16613,,,,,,,,
5/25/1979,0.16613,,,,,,,,
5/26/1979,0.16613,,,,,,,,
5/27/1979,0.16613,,,,,,,,
5/28/1979,0.16613,,,,,,,,
5/29/1979,0.16613,,,,,,,,
5/30/1979,0.16613,,,,,,,,
5/31/1979,0.16613,,,,,,,,
6/1/1979,0.20033,,,,,,,,
6/2/1979,0.20033,,,,,,,,
6/3/1979,0.20033,,,,,,,,
6/4/1979,0.20033,,,,,,,,
6/5/1979,0.20033,,,,,,,,
6/6/1979,0.20033,,,,,,,,
6/7/1979,0.20033,,,,,,,,
6/8/1979,0.20033,,,,,,,,
6/9/1979,0.20033,,,,,,,,
6/10/1979,0.20033,,,,,,,,
6/11/1979,0.20033,,,,,,,,
6/12/1979,0.20033,,,,,,,,
6/13/1979,0.20033,,,,,,,,
6/14/1979,0.20033,,,,,,,,
6/15/1979,0.20033,,,,,,,,
6/16/1979,0.20033,,,,,,,,
6/17/1979,0.20033,,,,,,,,
6/18/1979,0.20033,,,,,,,,
6/19/1979,0.20033,,,,,,,,
6/20/1979,0.20033,,,,,,,,
6/21/1979,0.20033,,,,,,,,
6/22/1979,0.20033,,,,,,,,
6/23/1979,0.20033,,,,,,,,
6/24/1979,0.20033,,,,,,,,
6/25/1979,0.20033,,,,,,,,
6/26/1979,0.20033,,,,,,,,
6/27/1979,0.20033,,,,,,,,
6/28/1979,0.20033,,,,,,,,
6/29/1979,0.20033,,,,,,,,
6/30/1979,0.20033,,,,,,,,
7/1/1979,0.23871,,,,,,,,
7/2/1979,0.23871,,,,,,,,
7/3/1979,0.23871,,,,,,,,
7/4/1979,0.23871,,,,,,,,
7/5/1979,0.23871,,,,,,,,
7/6/1979,0.23871,,,,,,,,
7/7/1979,0.23871,,,,,,,,
7/8/1979,0.23871,,,,,,,,
7/9/1979,0.23871,,,,,,,,
7/10/1979,0.23871,,,,,,,,
7/11/1979,0.23871,,,,,,,,
7/12/1979,0.23871,,,,,,,,
7/13/1979,0.23871,,,,,,,,
7/14/1979,0.23871,,,,,,,,
7/15/1979,0.23871,,,,,,,,
7/16/1979,0.23871,,,,,,,,
7/17/1979,0.23871,,,,,,,,
7/18/1979,0.23871,,,,,,,,
7/19/1979,0.23871,,,,,,,,
7/20/1979,0.23871,,,,,,,,
7/21/1979,0.23871,,,,,,,,
7/22/1979,0.23871,,,,,,,,
7/23/1979,0.23871,,,,,,,,
7/24/1979,0.23871,,,,,,,,
7/25/1979,0.23871,,,,,,,,
7/26/1979,0.23871,,,,,,,,
7/27/1979,0.23871,,,,,,,,
7/28/1979,0.23871,,,,,,,,
7/29/1979,0.23871,,,,,,,,
7/30/1979,0.23871,,,,,,,,
7/31/1979,0.23871,,,,,,,,
8/1/1979,0.21871,,,,,,,,
8/2/1979,0.21871,,,,,,,,
8/3/1979,0.21871,,,,,,,,
8/4/1979,0.21871,,,,,,,,
8/5/1979,0.21871,,,,,,,,
8/6/1979,0.21871,,,,,,,,
8/7/1979,0.21871,,,,,,,,
8/8/1979,0.21871,,,,,,,,
8/9/1979,0.21871,,,,,,,,
8/10/1979,0.21871,,,,,,,,
8/11/1979,0.21871,,,,,,,,
8/12/1979,0.21871,,,,,,,,
8/13/1979,0.21871,,,,,,,,
8/14/1979,0.21871,,,,,,,,
8/15/1979,0.21871,,,,,,,,
8/16/1979,0.21871,,,,,,,,
8/17/1979,0.21871,,,,,,,,
8/18/1979,0.21871,,,,,,,,
8/19/1979,0.21871,,,,,,,,
8/20/1979,0.21871,,,,,,,,
8/21/1979,0.21871,,,,,,,,
8/22/1979,0.21871,,,,,,,,
8/23/1979,0.21871,,,,,,,,
8/24/1979,0.21871,,,,,,,,
8/25/1979,0.21871,,,,,,,,
8/26/1979,0.21871,,,,,,,,
8/27/1979,0.21871,,,,,,,,
8/28/1979,0.21871,,,,,,,,
8/29/1979,0.21871,,,,,,,,
8/30/1979,0.21871,,,,,,,,
8/31/1979,0.21871,,,,,,,,
9/1/1979,0.156,,,,,,,,
9/2/1979,0.156,,,,,,,,
9/3/1979,0.156,,,,,,,,
9/4/1979,0.156,,,,,,,,
9/5/1979,0.156,,,,,,,,
9/6/1979,0.156,,,,,,,,
9/7/1979,0.156,,,,,,,,
9/8/1979,0.156,,,,,,,,
9/9/1979,0.156,,,,,,,,
9/10/1979,0.156,,,,,,,,
9/11/1979,0.156,,,,,,,,
9/12/1979,0.156,,,,,,,,
9/13/1979,0.156,,,,,,,,
9/14/1979,0.156,,,,,,,,
9/15/1979,0.156,,,,,,,,
9/16/1979,0.156,,,,,,,,
9/17/1979,0.156,,,,,,,,
9/18/1979,0.156,,,,,,,,
9/19/1979,0.156,,,,,,,,
9/20/1979,0.156,,,,,,,,
9/21/1979,0.156,,,,,,,,
9/22/1979,0.156,,,,,,,,
9/23/1979,0.156,,,,,,,,
9/24/1979,0.156,,,,,,,,
9/25/1979,0.156,,,,,,,,
9/26/1979,0.156,,,,,,,,
9/27/1979,0.156,,,,,,,,
9/28/1979,0.156,,,,,,,,
9/29/1979,0.156,,,,,,,,
9/30/1979,0.156,,,,,,,,
10/1/1979,0.0771,,,,,,,,
10/2/1979,0.0771,,,,,,,,
10/3/1979,0.0771,,,,,,,,
10/4/1979,0.0771,,,,,,,,
10/5/1979,0.0771,,,,,,,,
10/6/1979,0.0771,,,,,,,,
10/7/1979,0.0771,,,,,,,,
10/8/1979,0.0771,,,,,,,,
10/9/1979,0.0771,,,,,,,,
10/10/1979,0.0771,,,,,,,,
10/11/1979,0.0771,,,,,,,,
10/12/1979,0.0771,,,,,,,,
10/13/1979,0.0771,,,,,,,,
10/14/1979,0.0771,,,,,,,,
10/15/1979,0.0771,,,,,,,,
10/16/1979,0.0771,,,,,,,,
10/17/1979,0.0771,,,,,,,,
10/18/1979,0.0771,,,,,,,,
10/19/1979,0.0771,,,,,,,,
10/20/1979,0.0771,,,,,,,,
10/21/1979,0.0771,,,,,,,,
10/22/1979,0.0771,,,,,,,,
10/23/1979,0.0771,,,,,,,,
10/24/1979,0.0771,,,,,,,,
10/25/1979,0.0771,,,,,,,,
10/26/1979,0.0771,,,,,,,,
10/27/1979,0.0771,,,,,,,,
10/28/1979,0.0771,,,,,,,,
10/29/1979,0.0771,,,,,,,,
10/30/1979,0.0771,,,,,,,,
10/31/1979,0.0771,,,,,,,,
11/1/1979,0.035,,,,,,,,
11/2/1979,0.035,,,,,,,,
11/3/1979,0.035,,,,,,,,
11/4/1979,0.035,,,,,,,,
11/5/1979,0.035,,,,,,,,
11/6/1979,0.035,,,,,,,,
11/7/1979,0.035,,,,,,,,
11/8/1979,0.035,,,,,,,,
11/9/1979,0.035,,,,,,,,
11/10/1979,0.035,,,,,,,,
11/11/1979,0.035,,,,,,,,
11/12/1979,0.035,,,,,,,,
11/13/1979,0.035,,,,,,,,
11/14/1979,0.035,,,,,,,,
11/15/1979,0.035,,,,,,,,
11/16/1979,0.035,,,,,,,,
11/17/1979,0.035,,,,,,,,
11/18/1979,0.035,,,,,,,,
11/19/1979,0.035,,,,,,,,
11/20/1979,0.035,,,,,,,,
11/21/1979,0.035,,,,,,,,
11/22/1979,0.035,,,,,,,,
11/23/1979,0.035,,,,,,,,
11/24/1979,0.035,,,,,,,,
11/25/1979,0.035,,,,,,,,
11/26/1979,0.035,,,,,,,,
11/27/1979,0.035,,,,,,,,
11/28/1979,0.035,,,,,,,,
11/29/1979,0.035,,,,,,,,
11/30/1979,0.035,,,,,,,,
12/1/1979,0.01839,,,,,,,,
12/2/1979,0.01839,,,,,,,,
12/3/1979,0.01839,,,,,,,,
12/4/1979,0.01839,,,,,,,,
12/5/1979,0.01839,,,,,,,,
12/6/1979,0.01839,,,,,,,,
12/7/1979,0.01839,,,,,,,,
12/8/1979,0.01839,,,,,,,,
12/9/1979,0.01839,,,,,,,,
12/10/1979,0.01839,,,,,,,,
12/11/1979,0.01839,,,,,,,,
12/12/1979,0.01839,,,,,,,,
12/13/1979,0.01839,,,,,,,,
12/14/1979,0.01839,,,,,,,,
12/15/1979,0.01839,,,,,,,,
12/16/1979,0.01839,,,,,,,,
12/17/1979,0.01839,,,,,,,,
12/18/1979,0.01839,,,,,,,,
12/19/1979,0.01839,,,,,,,,
12/20/1979,0.01839,,,,,,,,
12/21/1979,0.01839,,,,,,,,
12/22/1979,0.01839,,,,,,,,
12/23/1979,0.01839,,,,,,,,
12/24/1979,0.01839,,,,,,,,
12/25/1979,0.01839,,,,,,,,
12/26/1979,0.01839,,,,,,,,
12/27/1979,0.01839,,,,,,,,
12/28/1979,0.01839,,,,,,,,
12/29/1979,0.01839,,,,,,,,
12/30/1979,0.01839,,,,,,,,
12/31/1979,0.01839,,,,,,,,
1/1/1980,0.02032,,,,,,,,
1/2/1980,0.02032,,,,,,,,
1/3/1980,0.02032,,,,,,,,
1/4/1980,0.02032,,,,,,,,
1/5/1980,0.02032,,,,,,,,
1/6/1980,0.02032,,,,,,,,
1/7/1980,0.02032,,,,,,,,
1/8/1980,0.02032,,,,,,,,
1/9/1980,0.02032,,,,,,,,
1/10/1980,0.02032,,,,,,,,
1/11/1980,0.02032,,,,,,,,
1/12/1980,0.02032,,,,,,,,
1/13/1980,0.02032,,,,,,,,
1/14/1980,0.02032,,,,,,,,
1/15/1980,0.02032,,,,,,,,
1/16/1980,0.02032,,,,,,,,
1/17/1980,0.02032,,,,,,,,
1/18/1980,0.02032,,,,,,,,
1/19/1980,0.02032,,,,,,,,
1/20/1980,0.02032,,,,,,,,
1/21/1980,0.02032,,,,,,,,
1/22/1980,0.02032,,,,,,,,
1/23/1980,0.02032,,,,,,,,
1/24/1980,0.02032,,,,,,,,
1/25/1980,0.02032,,,,,,,,
1/26/1980,0.02032,,,,,,,,
1/27/1980,0.02032,,,,,,,,
1/28/1980,0.02032,,,,,,,,
1/29/1980,0.02032,,,,,,,,
1/30/1980,0.02032,,,,,,,,
1/31/1980,0.02032,,,,,,,,
2/1/1980,0.04214,,,,,,,,
2/2/1980,0.04214,,,,,,,,
2/3/1980,0.04214,,,,,,,,
2/4/1980,0.04214,,,,,,,,
2/5/1980,0.04214,,,,,,,,
2/6/1980,0.04214,,,,,,,,
2/7/1980,0.04214,,,,,,,,
2/8/1980,0.04214,,,,,,,,
2/9/1980,0.04214,,,,,,,,
2/10/1980,0.04214,,,,,,,,
2/11/1980,0.04214,,,,,,,,
2/12/1980,0.04214,,,,,,,,
2/13/1980,0.04214,,,,,,,,
2/14/1980,0.04214,,,,,,,,
2/15/1980,0.04214,,,,,,,,
2/16/1980,0.04214,,,,,,,,
2/17/1980,0.04214,,,,,,,,
2/18/1980,0.04214,,,,,,,,
2/19/1980,0.04214,,,,,,,,
2/20/1980,0.04214,,,,,,,,
2/21/1980,0.04214,,,,,,,,
2/22/1980,0.04214,,,,,,,,
2/23/1980,0.04214,,,,,,,,
2/24/1980,0.04214,,,,,,,,
2/25/1980,0.04214,,,,,,,,
2/26/1980,0.04214,,,,,,,,
2/27/1980,0.04214,,,,,,,,
2/28/1980,0.04214,,,,,,,,
2/29/1980,0.04214,,,,,,,,
3/1/1980,0.07387,,,,,,,,
3/2/1980,0.07387,,,,,,,,
3/3/1980,0.07387,,,,,,,,
3/4/1980,0.07387,,,,,,,,
3/5/1980,0.07387,,,,,,,,
3/6/1980,0.07387,,,,,,,,
3/7/1980,0.07387,,,,,,,,
3/8/1980,0.07387,,,,,,,,
3/9/1980,0.07387,,,,,,,,
3/10/1980,0.07387,,,,,,,,
3/11/1980,0.07387,,,,,,,,
3/12/1980,0.07387,,,,,,,,
3/13/1980,0.07387,,,,,,,,
3/14/1980,0.07387,,,,,,,,
3/15/1980,0.07387,,,,,,,,
3/16/1980,0.07387,,,,,,,,
3/17/1980,0.07387,,,,,,,,
3/18/1980,0.07387,,,,,,,,
3/19/1980,0.07387,,,,,,,,
3/20/1980,0.07387,,,,,,,,
3/21/1980,0.07387,,,,,,,,
3/22/1980,0.07387,,,,,,,,
3/23/1980,0.07387,,,,,,,,
3/24/1980,0.07387,,,,,,,,
3/25/1980,0.07387,,,,,,,,
3/26/1980,0.07387,,,,,,,,
3/27/1980,0.07387,,,,,,,,
3/28/1980,0.07387,,,,,,,,
3/29/1980,0.07387,,,,,,,,
3/30/1980,0.07387,,,,,,,,
3/31/1980,0.07387,,,,,,,,
4/1/1980,0.11033,,,,,,,,
4/2/1980,0.11033,,,,,,,,
4/3/1980,0.11033,,,,,,,,
4/4/1980,0.11033,,,,,,,,
4/5/1980,0.11033,,,,,,,,
4/6/1980,0.11033,,,,,,,,
4/7/1980,0.11033,,,,,,,,
4/8/1980,0.11033,,,,,,,,
4/9/1980,0.11033,,,,,,,,
4/10/1980,0.11033,,,,,,,,
4/11/1980,0.11033,,,,,,,,
4/12/1980,0.11033,,,,,,,,
4/13/1980,0.11033,,,,,,,,
4/14/1980,0.11033,,,,,,,,
4/15/1980,0.11033,,,,,,,,
4/16/1980,0.11033,,,,,,,,
4/17/1980,0.11033,,,,,,,,
4/18/1980,0.11033,,,,,,,,
4/19/1980,0.11033,,,,,,,,
4/20/1980,0.11033,,,,,,,,
4/21/1980,0.11033,,,,,,,,
4/22/1980,0.11033,,,,,,,,
4/23/1980,0.11033,,,,,,,,
4/24/1980,0.11033,,,,,,,,
4/25/1980,0.11033,,,,,,,,
4/26/1980,0.11033,,,,,,,,
4/27/1980,0.11033,,,,,,,,
4/28/1980,0.11033,,,,,,,,
4/29/1980,0.11033,,,,,,,,
4/30/1980,0.11033,,,,,,,,
5/1/1980,0.16613,,,,,,,,
5/2/1980,0.16613,,,,,,,,
5/3/1980,0.16613,,,,,,,,
5/4/1980,0.16613,,,,,,,,
5/5/1980,0.16613,,,,,,,,
5/6/1980,0.16613,,,,,,,,
5/7/1980,0.16613,,,,,,,,
5/8/1980,0.16613,,,,,,,,
5/9/1980,0.16613,,,,,,,,
5/10/1980,0.16613,,,,,,,,
5/11/1980,0.16613,,,,,,,,
5/12/1980,0.16613,,,,,,,,
5/13/1980,0.16613,,,,,,,,
5/14/1980,0.16613,,,,,,,,
5/15/1980,0.16613,,,,,,,,
5/16/1980,0.16613,,,,,,,,
5/17/1980,0.16613,,,,,,,,
5/18/1980,0.16613,,,,,,,,
5/19/1980,0.16613,,,,,,,,
5/20/1980,0.16613,,,,,,,,
5/21/1980,0.16613,,,,,,,,
5/22/1980,0.16613,,,,,,,,
5/23/1980,0.16613,,,,,,,,
5/24/1980,0.16613,,,,,,,,
5/25/1980,0.16613,,,,,,,,
5/26/1980,0.16613,,,,,,,,
5/27/1980,0.16613,,,,,,,,
5/28/1980,0.16613,,,,,,,,
5/29/1980,0.16613,,,,,,,,
5/30/1980,0.16613,,,,,,,,
5/31/1980,0.16613,,,,,,,,
6/1/1980,0.20033,,,,,,,,
6/2/1980,0.20033,,,,,,,,
6/3/1980,0.20033,,,,,,,,
6/4/1980,0.20033,,,,,,,,
6/5/1980,0.20033,,,,,,,,
6/6/1980,0.20033,,,,,,,,
6/7/1980,0.20033,,,,,,,,
6/8/1980,0.20033,,,,,,,,
6/9/1980,0.20033,,,,,,,,
6/10/1980,0.20033,,,,,,,,
6/11/1980,0.20033,,,,,,,,
6/12/1980,0.20033,,,,,,,,
6/13/1980,0.20033,,,,,,,,
6/14/1980,0.20033,,,,,,,,
6/15/1980,0.20033,,,,,,,,
6/16/1980,0.20033,,,,,,,,
6/17/1980,0.20033,,,,,,,,
6/18/1980,0.20033,,,,,,,,
6/19/1980,0.20033,,,,,,,,
6/20/1980,0.20033,,,,,,,,
6/21/1980,0.20033,,,,,,,,
6/22/1980,0.20033,,,,,,,,
6/23/1980,0.20033,,,,,,,,
6/24/1980,0.20033,,,,,,,,
6/25/1980,0.20033,,,,,,,,
6/26/1980,0.20033,,,,,,,,
6/27/1980,0.20033,,,,,,,,
6/28/1980,0.20033,,,,,,,,
6/29/1980,0.20033,,,,,,,,
6/30/1980,0.20033,,,,,,,,
7/1/1980,0.23871,,,,,,,,
7/2/1980,0.23871,,,,,,,,
7/3/1980,0.23871,,,,,,,,
7/4/1980,0.23871,,,,,,,,
7/5/1980,0.23871,,,,,,,,
7/6/1980,0.23871,,,,,,,,
7/7/1980,0.23871,,,,,,,,
7/8/1980,0.23871,,,,,,,,
7/9/1980,0.23871,,,,,,,,
7/10/1980,0.23871,,,,,,,,
7/11/1980,0.23871,,,,,,,,
7/12/1980,0.23871,,,,,,,,
7/13/1980,0.23871,,,,,,,,
7/14/1980,0.23871,,,,,,,,
7/15/1980,0.23871,,,,,,,,
7/16/1980,0.23871,,,,,,,,
7/17/1980,0.23871,,,,,,,,
7/18/1980,0.23871,,,,,,,,
7/19/1980,0.23871,,,,,,,,
7/20/1980,0.23871,,,,,,,,
7/21/1980,0.23871,,,,,,,,
7/22/1980,0.23871,,,,,,,,
7/23/1980,0.23871,,,,,,,,
7/24/1980,0.23871,,,,,,,,
7/25/1980,0.23871,,,,,,,,
7/26/1980,0.23871,,,,,,,,
7/27/1980,0.23871,,,,,,,,
7/28/1980,0.23871,,,,,,,,
7/29/1980,0.23871,,,,,,,,
7/30/1980,0.23871,,,,,,,,
7/31/1980,0.23871,,,,,,,,
8/1/1980,0.21871,,,,,,,,
8/2/1980,0.21871,,,,,,,,
8/3/1980,0.21871,,,,,,,,
8/4/1980,0.21871,,,,,,,,
8/5/1980,0.21871,,,,,,,,
8/6/1980,0.21871,,,,,,,,
8/7/1980,0.21871,,,,,,,,
8/8/1980,0.21871,,,,,,,,
8/9/1980,0.21871,,,,,,,,
8/10/1980,0.21871,,,,,,,,
8/11/1980,0.21871,,,,,,,,
8/12/1980,0.21871,,,,,,,,
8/13/1980,0.21871,,,,,,,,
8/14/1980,0.21871,,,,,,,,
8/15/1980,0.21871,,,,,,,,
8/16/1980,0.21871,,,,,,,,
8/17/1980,0.21871,,,,,,,,
8/18/1980,0.21871,,,,,,,,
8/19/1980,0.21871,,,,,,,,
8/20/1980,0.21871,,,,,,,,
8/21/1980,0.21871,,,,,,,,
8/22/1980,0.21871,,,,,,,,
8/23/1980,0.21871,,,,,,,,
8/24/1980,0.21871,,,,,,,,
8/25/1980,0.21871,,,,,,,,
8/26/1980,0.21871,,,,,,,,
8/27/1980,0.21871,,,,,,,,
8/28/1980,0.21871,,,,,,,,
8/29/1980,0.21871,,,,,,,,
8/30/1980,0.21871,,,,,,,,
8/31/1980,0.21871,,,,,,,,
9/1/1980,0.156,,,,,,,,
9/2/1980,0.156,,,,,,,,
9/3/1980,0.156,,,,,,,,
9/4/1980,0.156,,,,,,,,
9/5/1980,0.156,,,,,,,,
9/6/1980,0.156,,,,,,,,
9/7/1980,0.156,,,,,,,,
9/8/1980,0.156,,,,,,,,
9/9/1980,0.156,,,,,,,,
9/10/1980,0.156,,,,,,,,
9/11/1980,0.156,,,,,,,,
9/12/1980,0.156,,,,,,,,
9/13/1980,0.156,,,,,,,,
9/14/1980,0.156,,,,,,,,
9/15/1980,0.156,,,,,,,,
9/16/1980,0.156,,,,,,,,
9/17/1980,0.156,,,,,,,,
9/18/1980,0.156,,,,,,,,
9/19/1980,0.156,,,,,,,,
9/20/1980,0.156,,,,,,,,
9/21/1980,0.156,,,,,,,,
9/22/1980,0.156,,,,,,,,
9/23/1980,0.156,,,,,,,,
9/24/1980,0.156,,,,,,,,
9/25/1980,0.156,,,,,,,,
9/26/1980,0.156,,,,,,,,
9/27/1980,0.156,,,,,,,,
9/28/1980,0.156,,,,,,,,
9/29/1980,0.156,,,,,,,,
9/30/1980,0.156,,,,,,,,
10/1/1980,0.0771,,,,,,,,
10/2/1980,0.0771,,,,,,,,
10/3/1980,0.0771,,,,,,,,
10/4/1980,0.0771,,,,,,,,
10/5/1980,0.0771,,,,,,,,
10/6/1980,0.0771,,,,,,,,
10/7/1980,0.0771,,,,,,,,
10/8/1980,0.0771,,,,,,,,
10/9/1980,0.0771,,,,,,,,
10/10/1980,0.0771,,,,,,,,
10/11/1980,0.0771,,,,,,,,
10/12/1980,0.0771,,,,,,,,
10/13/1980,0.0771,,,,,,,,
10/14/1980,0.0771,,,,,,,,
10/15/1980,0.0771,,,,,,,,
10/16/1980,0.0771,,,,,,,,
10/17/1980,0.0771,,,,,,,,
10/18/1980,0.0771,,,,,,,,
10/19/1980,0.0771,,,,,,,,
10/20/1980,0.0771,,,,,,,,
10/21/1980,0.0771,,,,,,,,
10/22/1980,0.0771,,,,,,,,
10/23/1980,0.0771,,,,,,,,
10/24/1980,0.0771,,,,,,,,
10/25/1980,0.0771,,,,,,,,
10/26/1980,0.0771,,,,,,,,
10/27/1980,0.0771,,,,,,,,
10/28/1980,0.0771,,,,,,,,
10/29/1980,0.0771,,,,,,,,
10/30/1980,0.0771,,,,,,,,
10/31/1980,0.0771,,,,,,,,
11/1/1980,0.035,,,,,,,,
11/2/1980,0.035,,,,,,,,
11/3/1980,0.035,,,,,,,,
11/4/1980,0.035,,,,,,,,
11/5/1980,0.035,,,,,,,,
11/6/1980,0.035,,,,,,,,
11/7/1980,0.035,,,,,,,,
11/8/1980,0.035,,,,,,,,
11/9/1980,0.035,,,,,,,,
11/10/1980,0.035,,,,,,,,
11/11/1980,0.035,,,,,,,,
11/12/1980,0.035,,,,,,,,
11/13/1980,0.035,,,,,,,,
11/14/1980,0.035,,,,,,,,
11/15/1980,0.035,,,,,,,,
11/16/1980,0.035,,,,,,,,
11/17/1980,0.035,,,,,,,,
11/18/1980,0.035,,,,,,,,
11/19/1980,0.035,,,,,,,,
11/20/1980,0.035,,,,,,,,
11/21/1980,0.035,,,,,,,,
11/22/1980,0.035,,,,,,,,
11/23/1980,0.035,,,,,,,,
11/24/1980,0.035,,,,,,,,
11/25/1980,0.035,,,,,,,,
11/26/1980,0.035,,,,,,,,
11/27/1980,0.035,,,,,,,,
11/28/1980,0.035,,,,,,,,
11/29/1980,0.035,,,,,,,,
11/30/1980,0.035,,,,,,,,
12/1/1980,0.01839,,,,,,,,
12/2/1980,0.01839,,,,,,,,
12/3/1980,0.01839,,,,,,,,
12/4/1980,0.01839,,,,,,,,
12/5/1980,0.01839,,,,,,,,
12/6/1980,0.01839,,,,,,,,
12/7/1980,0.01839,,,,,,,,
12/8/1980,0.01839,,,,,,,,
12/9/1980,0.01839,,,,,,,,
12/10/1980,0.01839,,,,,,,,
12/11/1980,0.01839,,,,,,,,
12/12/1980,0.01839,,,,,,,,
12/13/1980,0.01839,,,,,,,,
12/14/1980,0.01839,,,,,,,,
12/15/1980,0.01839,,,,,,,,
12/16/1980,0.01839,,,,,,,,
12/17/1980,0.01839,,,,,,,,
12/18/1980,0.01839,,,,,,,,
12/19/1980,0.01839,,,,,,,,
12/20/1980,0.01839,,,,,,,,
12/21/1980,0.01839,,,,,,,,
12/22/1980,0.01839,,,,,,,,
12/23/1980,0.01839,,,,,,,,
12/24/1980,0.01839,,,,,,,,
12/25/1980,0.01839,,,,,,,,
12/26/1980,0.01839,,,,,,,,
12/27/1980,0.01839,,,,,,,,
12/28/1980,0.01839,,,,,,,,
12/29/1980,0.01839,,,,,,,,
12/30/1980,0.01839,,,,,,,,
12/31/1980,0.01839,,,,,,,,
1/1/1981,0.02032,,,,,,,,
1/2/1981,0.02032,,,,,,,,
1/3/1981,0.02032,,,,,,,,
1/4/1981,0.02032,,,,,,,,
1/5/1981,0.02032,,,,,,,,
1/6/1981,0.02032,,,,,,,,
1/7/1981,0.02032,,,,,,,,
1/8/1981,0.02032,,,,,,,,
1/9/1981,0.02032,,,,,,,,
1/10/1981,0.02032,,,,,,,,
1/11/1981,0.02032,,,,,,,,
1/12/1981,0.02032,,,,,,,,
1/13/1981,0.02032,,,,,,,,
1/14/1981,0.02032,,,,,,,,
1/15/1981,0.02032,,,,,,,,
1/16/1981,0.02032,,,,,,,,
1/17/1981,0.02032,,,,,,,,
1/18/1981,0.02032,,,,,,,,
1/19/1981,0.02032,,,,,,,,
1/20/1981,0.02032,,,,,,,,
1/21/1981,0.02032,,,,,,,,
1/22/1981,0.02032,,,,,,,,
1/23/1981,0.02032,,,,,,,,
1/24/1981,0.02032,,,,,,,,
1/25/1981,0.02032,,,,,,,,
1/26/1981,0.02032,,,,,,,,
1/27/1981,0.02032,,,,,,,,
1/28/1981,0.02032,,,,,,,,
1/29/1981,0.02032,,,,,,,,
1/30/1981,0.02032,,,,,,,,
1/31/1981,0.02032,,,,,,,,
2/1/1981,0.04214,,,,,,,,
2/2/1981,0.04214,,,,,,,,
2/3/1981,0.04214,,,,,,,,
2/4/1981,0.04214,,,,,,,,
2/5/1981,0.04214,,,,,,,,
2/6/1981,0.04214,,,,,,,,
2/7/1981,0.04214,,,,,,,,
2/8/1981,0.04214,,,,,,,,
2/9/1981,0.04214,,,,,,,,
2/10/1981,0.04214,,,,,,,,
2/11/1981,0.04214,,,,,,,,
2/12/1981,0.04214,,,,,,,,
2/13/1981,0.04214,,,,,,,,
2/14/1981,0.04214,,,,,,,,
2/15/1981,0.04214,,,,,,,,
2/16/1981,0.04214,,,,,,,,
2/17/1981,0.04214,,,,,,,,
2/18/1981,0.04214,,,,,,,,
2/19/1981,0.04214,,,,,,,,
2/20/1981,0.04214,,,,,,,,
2/21/1981,0.04214,,,,,,,,
2/22/1981,0.04214,,,,,,,,
2/23/1981,0.04214,,,,,,,,
2/24/1981,0.04214,,,,,,,,
2/25/1981,0.04214,,,,,,,,
2/26/1981,0.04214,,,,,,,,
2/27/1981,0.04214,,,,,,,,
2/28/1981,0.04214,,,,,,,,
3/1/1981,0.07387,,,,,,,,
3/2/1981,0.07387,,,,,,,,
3/3/1981,0.07387,,,,,,,,
3/4/1981,0.07387,,,,,,,,
3/5/1981,0.07387,,,,,,,,
3/6/1981,0.07387,,,,,,,,
3/7/1981,0.07387,,,,,,,,
3/8/1981,0.07387,,,,,,,,
3/9/1981,0.07387,,,,,,,,
3/10/1981,0.07387,,,,,,,,
3/11/1981,0.07387,,,,,,,,
3/12/1981,0.07387,,,,,,,,
3/13/1981,0.07387,,,,,,,,
3/14/1981,0.07387,,,,,,,,
3/15/1981,0.07387,,,,,,,,
3/16/1981,0.07387,,,,,,,,
3/17/1981,0.07387,,,,,,,,
3/18/1981,0.07387,,,,,,,,
3/19/1981,0.07387,,,,,,,,
3/20/1981,0.07387,,,,,,,,
3/21/1981,0.07387,,,,,,,,
3/22/1981,0.07387,,,,,,,,
3/23/1981,0.07387,,,,,,,,
3/24/1981,0.07387,,,,,,,,
3/25/1981,0.07387,,,,,,,,
3/26/1981,0.07387,,,,,,,,
3/27/1981,0.07387,,,,,,,,
3/28/1981,0.07387,,,,,,,,
3/29/1981,0.07387,,,,,,,,
3/30/1981,0.07387,,,,,,,,
3/31/1981,0.07387,,,,,,,,
4/1/1981,0.11033,,,,,,,,
4/2/1981,0.11033,,,,,,,,
4/3/1981,0.11033,,,,,,,,
4/4/1981,0.11033,,,,,,,,
4/5/1981,0.11033,,,,,,,,
4/6/1981,0.11033,,,,,,,,
4/7/1981,0.11033,,,,,,,,
4/8/1981,0.11033,,,,,,,,
4/9/1981,0.11033,,,,,,,,
4/10/1981,0.11033,,,,,,,,
4/11/1981,0.11033,,,,,,,,
4/12/1981,0.11033,,,,,,,,
4/13/1981,0.11033,,,,,,,,
4/14/1981,0.11033,,,,,,,,
4/15/1981,0.11033,,,,,,,,
4/16/1981,0.11033,,,,,,,,
4/17/1981,0.11033,,,,,,,,
4/18/1981,0.11033,,,,,,,,
4/19/1981,0.11033,,,,,,,,
4/20/1981,0.11033,,,,,,,,
4/21/1981,0.11033,,,,,,,,
4/22/1981,0.11033,,,,,,,,
4/23/1981,0.11033,,,,,,,,
4/24/1981,0.11033,,,,,,,,
4/25/1981,0.11033,,,,,,,,
4/26/1981,0.11033,,,,,,,,
4/27/1981,0.11033,,,,,,,,
4/28/1981,0.11033,,,,,,,,
4/29/1981,0.11033,,,,,,,,
4/30/1981,0.11033,,,,,,,,
5/1/1981,0.16613,,,,,,,,
5/2/1981,0.16613,,,,,,,,
5/3/1981,0.16613,,,,,,,,
5/4/1981,0.16613,,,,,,,,
5/5/1981,0.16613,,,,,,,,
5/6/1981,0.16613,,,,,,,,
5/7/1981,0.16613,,,,,,,,
5/8/1981,0.16613,,,,,,,,
5/9/1981,0.16613,,,,,,,,
5/10/1981,0.16613,,,,,,,,
5/11/1981,0.16613,,,,,,,,
5/12/1981,0.16613,,,,,,,,
5/13/1981,0.16613,,,,,,,,
5/14/1981,0.16613,,,,,,,,
5/15/1981,0.16613,,,,,,,,
5/16/1981,0.16613,,,,,,,,
5/17/1981,0.16613,,,,,,,,
5/18/1981,0.16613,,,,,,,,
5/19/1981,0.16613,,,,,,,,
5/20/1981,0.16613,,,,,,,,
5/21/1981,0.16613,,,,,,,,
5/22/1981,0.16613,,,,,,,,
5/23/1981,0.16613,,,,,,,,
5/24/1981,0.16613,,,,,,,,
5/25/1981,0.16613,,,,,,,,
5/26/1981,0.16613,,,,,,,,
5/27/1981,0.16613,,,,,,,,
5/28/1981,0.16613,,,,,,,,
5/29/1981,0.16613,,,,,,,,
5/30/1981,0.16613,,,,,,,,
5/31/1981,0.16613,,,,,,,,
6/1/1981,0.20033,,,,,,,,
6/2/1981,0.20033,,,,,,,,
6/3/1981,0.20033,,,,,,,,
6/4/1981,0.20033,,,,,,,,
6/5/1981,0.20033,,,,,,,,
6/6/1981,0.20033,,,,,,,,
6/7/1981,0.20033,,,,,,,,
6/8/1981,0.20033,,,,,,,,
6/9/1981,0.20033,,,,,,,,
6/10/1981,0.20033,,,,,,,,
6/11/1981,0.20033,,,,,,,,
6/12/1981,0.20033,,,,,,,,
6/13/1981,0.20033,,,,,,,,
6/14/1981,0.20033,,,,,,,,
6/15/1981,0.20033,,,,,,,,
6/16/1981,0.20033,,,,,,,,
6/17/1981,0.20033,,,,,,,,
6/18/1981,0.20033,,,,,,,,
6/19/1981,0.20033,,,,,,,,
6/20/1981,0.20033,,,,,,,,
6/21/1981,0.20033,,,,,,,,
6/22/1981,0.20033,,,,,,,,
6/23/1981,0.20033,,,,,,,,
6/24/1981,0.20033,,,,,,,,
6/25/1981,0.20033,,,,,,,,
6/26/1981,0.20033,,,,,,,,
6/27/1981,0.20033,,,,,,,,
6/28/1981,0.20033,,,,,,,,
6/29/1981,0.20033,,,,,,,,
6/30/1981,0.20033,,,,,,,,
7/1/1981,0.23871,,,,,,,,
7/2/1981,0.23871,,,,,,,,
7/3/1981,0.23871,,,,,,,,
7/4/1981,0.23871,,,,,,,,
7/5/1981,0.23871,,,,,,,,
7/6/1981,0.23871,,,,,,,,
7/7/1981,0.23871,,,,,,,,
7/8/1981,0.23871,,,,,,,,
7/9/1981,0.23871,,,,,,,,
7/10/1981,0.23871,,,,,,,,
7/11/1981,0.23871,,,,,,,,
7/12/1981,0.23871,,,,,,,,
7/13/1981,0.23871,,,,,,,,
7/14/1981,0.23871,,,,,,,,
7/15/1981,0.23871,,,,,,,,
7/16/1981,0.23871,,,,,,,,
7/17/1981,0.23871,,,,,,,,
7/18/1981,0.23871,,,,,,,,
7/19/1981,0.23871,,,,,,,,
7/20/1981,0.23871,,,,,,,,
7/21/1981,0.23871,,,,,,,,
7/22/1981,0.23871,,,,,,,,
7/23/1981,0.23871,,,,,,,,
7/24/1981,0.23871,,,,,,,,
7/25/1981,0.23871,,,,,,,,
7/26/1981,0.23871,,,,,,,,
7/27/1981,0.23871,,,,,,,,
7/28/1981,0.23871,,,,,,,,
7/29/1981,0.23871,,,,,,,,
7/30/1981,0.23871,,,,,,,,
7/31/1981,0.23871,,,,,,,,
8/1/1981,0.21871,,,,,,,,
8/2/1981,0.21871,,,,,,,,
8/3/1981,0.21871,,,,,,,,
8/4/1981,0.21871,,,,,,,,
8/5/1981,0.21871,,,,,,,,
8/6/1981,0.21871,,,,,,,,
8/7/1981,0.21871,,,,,,,,
8/8/1981,0.21871,,,,,,,,
8/9/1981,0.21871,,,,,,,,
8/10/1981,0.21871,,,,,,,,
8/11/1981,0.21871,,,,,,,,
8/12/1981,0.21871,,,,,,,,
8/13/1981,0.21871,,,,,,,,
8/14/1981,0.21871,,,,,,,,
8/15/1981,0.21871,,,,,,,,
8/16/1981,0.21871,,,,,,,,
8/17/1981,0.21871,,,,,,,,
8/18/1981,0.21871,,,,,,,,
8/19/1981,0.21871,,,,,,,,
8/20/1981,0.21871,,,,,,,,
8/21/1981,0.21871,,,,,,,,
8/22/1981,0.21871,,,,,,,,
8/23/1981,0.21871,,,,,,,,
8/24/1981,0.21871,,,,,,,,
8/25/1981,0.21871,,,,,,,,
8/26/1981,0.21871,,,,,,,,
8/27/1981,0.21871,,,,,,,,
8/28/1981,0.21871,,,,,,,,
8/29/1981,0.21871,,,,,,,,
8/30/1981,0.21871,,,,,,,,
8/31/1981,0.21871,,,,,,,,
9/1/1981,0.156,,,,,,,,
9/2/1981,0.156,,,,,,,,
9/3/1981,0.156,,,,,,,,
9/4/1981,0.156,,,,,,,,
9/5/1981,0.156,,,,,,,,
9/6/1981,0.156,,,,,,,,
9/7/1981,0.156,,,,,,,,
9/8/1981,0.156,,,,,,,,
9/9/1981,0.156,,,,,,,,
9/10/1981,0.156,,,,,,,,
9/11/1981,0.156,,,,,,,,
9/12/1981,0.156,,,,,,,,
9/13/1981,0.156,,,,,,,,
9/14/1981,0.156,,,,,,,,
9/15/1981,0.156,,,,,,,,
9/16/1981,0.156,,,,,,,,
9/17/1981,0.156,,,,,,,,
9/18/1981,0.156,,,,,,,,
9/19/1981,0.156,,,,,,,,
9/20/1981,0.156,,,,,,,,
9/21/1981,0.156,,,,,,,,
9/22/1981,0.156,,,,,,,,
9/23/1981,0.156,,,,,,,,
9/24/1981,0.156,,,,,,,,
9/25/1981,0.156,,,,,,,,
9/26/1981,0.156,,,,,,,,
9/27/1981,0.156,,,,,,,,
9/28/1981,0.156,,,,,,,,
9/29/1981,0.156,,,,,,,,
9/30/1981,0.156,,,,,,,,
10/1/1981,0.0771,,,,,,,,
10/2/1981,0.0771,,,,,,,,
10/3/1981,0.0771,,,,,,,,
10/4/1981,0.0771,,,,,,,,
10/5/1981,0.0771,,,,,,,,
10/6/1981,0.0771,,,,,,,,
10/7/1981,0.0771,,,,,,,,
10/8/1981,0.0771,,,,,,,,
10/9/1981,0.0771,,,,,,,,
10/10/1981,0.0771,,,,,,,,
10/11/1981,0.0771,,,,,,,,
10/12/1981,0.0771,,,,,,,,
10/13/1981,0.0771,,,,,,,,
10/14/1981,0.0771,,,,,,,,
10/15/1981,0.0771,,,,,,,,
10/16/1981,0.0771,,,,,,,,
10/17/1981,0.0771,,,,,,,,
10/18/1981,0.0771,,,,,,,,
10/19/1981,0.0771,,,,,,,,
10/20/1981,0.0771,,,,,,,,
10/21/1981,0.0771,,,,,,,,
10/22/1981,0.0771,,,,,,,,
10/23/1981,0.0771,,,,,,,,
10/24/1981,0.0771,,,,,,,,
10/25/1981,0.0771,,,,,,,,
10/26/1981,0.0771,,,,,,,,
10/27/1981,0.0771,,,,,,,,
10/28/1981,0.0771,,,,,,,,
10/29/1981,0.0771,,,,,,,,
10/30/1981,0.0771,,,,,,,,
10/31/1981,0.0771,,,,,,,,
11/1/1981,0.035,,,,,,,,
11/2/1981,0.035,,,,,,,,
11/3/1981,0.035,,,,,,,,
11/4/1981,0.035,,,,,,,,
11/5/1981,0.035,,,,,,,,
11/6/1981,0.035,,,,,,,,
11/7/1981,0.035,,,,,,,,
11/8/1981,0.035,,,,,,,,
11/9/1981,0.035,,,,,,,,
11/10/1981,0.035,,,,,,,,
11/11/1981,0.035,,,,,,,,
11/12/1981,0.035,,,,,,,,
11/13/1981,0.035,,,,,,,,
11/14/1981,0.035,,,,,,,,
11/15/1981,0.035,,,,,,,,
11/16/1981,0.035,,,,,,,,
11/17/1981,0.035,,,,,,,,
11/18/1981,0.035,,,,,,,,
11/19/1981,0.035,,,,,,,,
11/20/1981,0.035,,,,,,,,
11/21/1981,0.035,,,,,,,,
11/22/1981,0.035,,,,,,,,
11/23/1981,0.035,,,,,,,,
11/24/1981,0.035,,,,,,,,
11/25/1981,0.035,,,,,,,,
11/26/1981,0.035,,,,,,,,
11/27/1981,0.035,,,,,,,,
11/28/1981,0.035,,,,,,,,
11/29/1981,0.035,,,,,,,,
11/30/1981,0.035,,,,,,,,
12/1/1981,0.01839,,,,,,,,
12/2/1981,0.01839,,,,,,,,
12/3/1981,0.01839,,,,,,,,
12/4/1981,0.01839,,,,,,,,
12/5/1981,0.01839,,,,,,,,
12/6/1981,0.01839,,,,,,,,
12/7/1981,0.01839,,,,,,,,
12/8/1981,0.01839,,,,,,,,
12/9/1981,0.01839,,,,,,,,
12/10/1981,0.01839,,,,,,,,
12/11/1981,0.01839,,,,,,,,
12/12/1981,0.01839,,,,,,,,
12/13/1981,0.01839,,,,,,,,
12/14/1981,0.01839,,,,,,,,
12/15/1981,0.01839,,,,,,,,
12/16/1981,0.01839,,,,,,,,
12/17/1981,0.01839,,,,,,,,
12/18/1981,0.01839,,,,,,,,
12/19/1981,0.01839,,,,,,,,
12/20/1981,0.01839,,,,,,,,
12/21/1981,0.01839,,,,,,,,
12/22/1981,0.01839,,,,,,,,
12/23/1981,0.01839,,,,,,,,
12/24/1981,0.01839,,,,,,,,
12/25/1981,0.01839,,,,,,,,
12/26/1981,0.01839,,,,,,,,
12/27/1981,0.01839,,,,,,,,
12/28/1981,0.01839,,,,,,,,
12/29/1981,0.01839,,,,,,,,
12/30/1981,0.01839,,,,,,,,
12/31/1981,0.01839,,,,,,,,
1/1/1982,0.02032,,,,,,,,
1/2/1982,0.02032,,,,,,,,
1/3/1982,0.02032,,,,,,,,
1/4/1982,0.02032,,,,,,,,
1/5/1982,0.02032,,,,,,,,
1/6/1982,0.02032,,,,,,,,
1/7/1982,0.02032,,,,,,,,
1/8/1982,0.02032,,,,,,,,
1/9/1982,0.02032,,,,,,,,
1/10/1982,0.02032,,,,,,,,
1/11/1982,0.02032,,,,,,,,
1/12/1982,0.02032,,,,,,,,
1/13/1982,0.02032,,,,,,,,
1/14/1982,0.02032,,,,,,,,
1/15/1982,0.02032,,,,,,,,
1/16/1982,0.02032,,,,,,,,
1/17/1982,0.02032,,,,,,,,
1/18/1982,0.02032,,,,,,,,
1/19/1982,0.02032,,,,,,,,
1/20/1982,0.02032,,,,,,,,
1/21/1982,0.02032,,,,,,,,
1/22/1982,0.02032,,,,,,,,
1/23/1982,0.02032,,,,,,,,
1/24/1982,0.02032,,,,,,,,
1/25/1982,0.02032,,,,,,,,
1/26/1982,0.02032,,,,,,,,
1/27/1982,0.02032,,,,,,,,
1/28/1982,0.02032,,,,,,,,
1/29/1982,0.02032,,,,,,,,
1/30/1982,0.02032,,,,,,,,
1/31/1982,0.02032,,,,,,,,
2/1/1982,0.04214,,,,,,,,
2/2/1982,0.04214,,,,,,,,
2/3/1982,0.04214,,,,,,,,
2/4/1982,0.04214,,,,,,,,
2/5/1982,0.04214,,,,,,,,
2/6/1982,0.04214,,,,,,,,
2/7/1982,0.04214,,,,,,,,
2/8/1982,0.04214,,,,,,,,
2/9/1982,0.04214,,,,,,,,
2/10/1982,0.04214,,,,,,,,
2/11/1982,0.04214,,,,,,,,
2/12/1982,0.04214,,,,,,,,
2/13/1982,0.04214,,,,,,,,
2/14/1982,0.04214,,,,,,,,
2/15/1982,0.04214,,,,,,,,
2/16/1982,0.04214,,,,,,,,
2/17/1982,0.04214,,,,,,,,
2/18/1982,0.04214,,,,,,,,
2/19/1982,0.04214,,,,,,,,
2/20/1982,0.04214,,,,,,,,
2/21/1982,0.04214,,,,,,,,
2/22/1982,0.04214,,,,,,,,
2/23/1982,0.04214,,,,,,,,
2/24/1982,0.04214,,,,,,,,
2/25/1982,0.04214,,,,,,,,
2/26/1982,0.04214,,,,,,,,
2/27/1982,0.04214,,,,,,,,
2/28/1982,0.04214,,,,,,,,
3/1/1982,0.07387,,,,,,,,
3/2/1982,0.07387,,,,,,,,
3/3/1982,0.07387,,,,,,,,
3/4/1982,0.07387,,,,,,,,
3/5/1982,0.07387,,,,,,,,
3/6/1982,0.07387,,,,,,,,
3/7/1982,0.07387,,,,,,,,
3/8/1982,0.07387,,,,,,,,
3/9/1982,0.07387,,,,,,,,
3/10/1982,0.07387,,,,,,,,
3/11/1982,0.07387,,,,,,,,
3/12/1982,0.07387,,,,,,,,
3/13/1982,0.07387,,,,,,,,
3/14/1982,0.07387,,,,,,,,
3/15/1982,0.07387,,,,,,,,
3/16/1982,0.07387,,,,,,,,
3/17/1982,0.07387,,,,,,,,
3/18/1982,0.07387,,,,,,,,
3/19/1982,0.07387,,,,,,,,
3/20/1982,0.07387,,,,,,,,
3/21/1982,0.07387,,,,,,,,
3/22/1982,0.07387,,,,,,,,
3/23/1982,0.07387,,,,,,,,
3/24/1982,0.07387,,,,,,,,
3/25/1982,0.07387,,,,,,,,
3/26/1982,0.07387,,,,,,,,
3/27/1982,0.07387,,,,,,,,
3/28/1982,0.07387,,,,,,,,
3/29/1982,0.07387,,,,,,,,
3/30/1982,0.07387,,,,,,,,
3/31/1982,0.07387,,,,,,,,
4/1/1982,0.11033,,,,,,,,
4/2/1982,0.11033,,,,,,,,
4/3/1982,0.11033,,,,,,,,
4/4/1982,0.11033,,,,,,,,
4/5/1982,0.11033,,,,,,,,
4/6/1982,0.11033,,,,,,,,
4/7/1982,0.11033,,,,,,,,
4/8/1982,0.11033,,,,,,,,
4/9/1982,0.11033,,,,,,,,
4/10/1982,0.11033,,,,,,,,
4/11/1982,0.11033,,,,,,,,
4/12/1982,0.11033,,,,,,,,
4/13/1982,0.11033,,,,,,,,
4/14/1982,0.11033,,,,,,,,
4/15/1982,0.11033,,,,,,,,
4/16/1982,0.11033,,,,,,,,
4/17/1982,0.11033,,,,,,,,
4/18/1982,0.11033,,,,,,,,
4/19/1982,0.11033,,,,,,,,
4/20/1982,0.11033,,,,,,,,
4/21/1982,0.11033,,,,,,,,
4/22/1982,0.11033,,,,,,,,
4/23/1982,0.11033,,,,,,,,
4/24/1982,0.11033,,,,,,,,
4/25/1982,0.11033,,,,,,,,
4/26/1982,0.11033,,,,,,,,
4/27/1982,0.11033,,,,,,,,
4/28/1982,0.11033,,,,,,,,
4/29/1982,0.11033,,,,,,,,
4/30/1982,0.11033,,,,,,,,
5/1/1982,0.16613,,,,,,,,
5/2/1982,0.16613,,,,,,,,
5/3/1982,0.16613,,,,,,,,
5/4/1982,0.16613,,,,,,,,
5/5/1982,0.16613,,,,,,,,
5/6/1982,0.16613,,,,,,,,
5/7/1982,0.16613,,,,,,,,
5/8/1982,0.16613,,,,,,,,
5/9/1982,0.16613,,,,,,,,
5/10/1982,0.16613,,,,,,,,
5/11/1982,0.16613,,,,,,,,
5/12/1982,0.16613,,,,,,,,
5/13/1982,0.16613,,,,,,,,
5/14/1982,0.16613,,,,,,,,
5/15/1982,0.16613,,,,,,,,
5/16/1982,0.16613,,,,,,,,
5/17/1982,0.16613,,,,,,,,
5/18/1982,0.16613,,,,,,,,
5/19/1982,0.16613,,,,,,,,
5/20/1982,0.16613,,,,,,,,
5/21/1982,0.16613,,,,,,,,
5/22/1982,0.16613,,,,,,,,
5/23/1982,0.16613,,,,,,,,
5/24/1982,0.16613,,,,,,,,
5/25/1982,0.16613,,,,,,,,
5/26/1982,0.16613,,,,,,,,
5/27/1982,0.16613,,,,,,,,
5/28/1982,0.16613,,,,,,,,
5/29/1982,0.16613,,,,,,,,
5/30/1982,0.16613,,,,,,,,
5/31/1982,0.16613,,,,,,,,
6/1/1982,0.20033,,,,,,,,
6/2/1982,0.20033,,,,,,,,
6/3/1982,0.20033,,,,,,,,
6/4/1982,0.20033,,,,,,,,
6/5/1982,0.20033,,,,,,,,
6/6/1982,0.20033,,,,,,,,
6/7/1982,0.20033,,,,,,,,
6/8/1982,0.20033,,,,,,,,
6/9/1982,0.20033,,,,,,,,
6/10/1982,0.20033,,,,,,,,
6/11/1982,0.20033,,,,,,,,
6/12/1982,0.20033,,,,,,,,
6/13/1982,0.20033,,,,,,,,
6/14/1982,0.20033,,,,,,,,
6/15/1982,0.20033,,,,,,,,
6/16/1982,0.20033,,,,,,,,
6/17/1982,0.20033,,,,,,,,
6/18/1982,0.20033,,,,,,,,
6/19/1982,0.20033,,,,,,,,
6/20/1982,0.20033,,,,,,,,
6/21/1982,0.20033,,,,,,,,
6/22/1982,0.20033,,,,,,,,
6/23/1982,0.20033,,,,,,,,
6/24/1982,0.20033,,,,,,,,
6/25/1982,0.20033,,,,,,,,
6/26/1982,0.20033,,,,,,,,
6/27/1982,0.20033,,,,,,,,
6/28/1982,0.20033,,,,,,,,
6/29/1982,0.20033,,,,,,,,
6/30/1982,0.20033,,,,,,,,
7/1/1982,0.23871,,,,,,,,
7/2/1982,0.23871,,,,,,,,
7/3/1982,0.23871,,,,,,,,
7/4/1982,0.23871,,,,,,,,
7/5/1982,0.23871,,,,,,,,
7/6/1982,0.23871,,,,,,,,
7/7/1982,0.23871,,,,,,,,
7/8/1982,0.23871,,,,,,,,
7/9/1982,0.23871,,,,,,,,
7/10/1982,0.23871,,,,,,,,
7/11/1982,0.23871,,,,,,,,
7/12/1982,0.23871,,,,,,,,
7/13/1982,0.23871,,,,,,,,
7/14/1982,0.23871,,,,,,,,
7/15/1982,0.23871,,,,,,,,
7/16/1982,0.23871,,,,,,,,
7/17/1982,0.23871,,,,,,,,
7/18/1982,0.23871,,,,,,,,
7/19/1982,0.23871,,,,,,,,
7/20/1982,0.23871,,,,,,,,
7/21/1982,0.23871,,,,,,,,
7/22/1982,0.23871,,,,,,,,
7/23/1982,0.23871,,,,,,,,
7/24/1982,0.23871,,,,,,,,
7/25/1982,0.23871,,,,,,,,
7/26/1982,0.23871,,,,,,,,
7/27/1982,0.23871,,,,,,,,
7/28/1982,0.23871,,,,,,,,
7/29/1982,0.23871,,,,,,,,
7/30/1982,0.23871,,,,,,,,
7/31/1982,0.23871,,,,,,,,
8/1/1982,0.21871,,,,,,,,
8/2/1982,0.21871,,,,,,,,
8/3/1982,0.21871,,,,,,,,
8/4/1982,0.21871,,,,,,,,
8/5/1982,0.21871,,,,,,,,
8/6/1982,0.21871,,,,,,,,
8/7/1982,0.21871,,,,,,,,
8/8/1982,0.21871,,,,,,,,
8/9/1982,0.21871,,,,,,,,
8/10/1982,0.21871,,,,,,,,
8/11/1982,0.21871,,,,,,,,
8/12/1982,0.21871,,,,,,,,
8/13/1982,0.21871,,,,,,,,
8/14/1982,0.21871,,,,,,,,
8/15/1982,0.21871,,,,,,,,
8/16/1982,0.21871,,,,,,,,
8/17/1982,0.21871,,,,,,,,
8/18/1982,0.21871,,,,,,,,
8/19/1982,0.21871,,,,,,,,
8/20/1982,0.21871,,,,,,,,
8/21/1982,0.21871,,,,,,,,
8/22/1982,0.21871,,,,,,,,
8/23/1982,0.21871,,,,,,,,
8/24/1982,0.21871,,,,,,,,
8/25/1982,0.21871,,,,,,,,
8/26/1982,0.21871,,,,,,,,
8/27/1982,0.21871,,,,,,,,
8/28/1982,0.21871,,,,,,,,
8/29/1982,0.21871,,,,,,,,
8/30/1982,0.21871,,,,,,,,
8/31/1982,0.21871,,,,,,,,
9/1/1982,0.156,,,,,,,,
9/2/1982,0.156,,,,,,,,
9/3/1982,0.156,,,,,,,,
9/4/1982,0.156,,,,,,,,
9/5/1982,0.156,,,,,,,,
9/6/1982,0.156,,,,,,,,
9/7/1982,0.156,,,,,,,,
9/8/1982,0.156,,,,,,,,
9/9/1982,0.156,,,,,,,,
9/10/1982,0.156,,,,,,,,
9/11/1982,0.156,,,,,,,,
9/12/1982,0.156,,,,,,,,
9/13/1982,0.156,,,,,,,,
9/14/1982,0.156,,,,,,,,
9/15/1982,0.156,,,,,,,,
9/16/1982,0.156,,,,,,,,
9/17/1982,0.156,,,,,,,,
9/18/1982,0.156,,,,,,,,
9/19/1982,0.156,,,,,,,,
9/20/1982,0.156,,,,,,,,
9/21/1982,0.156,,,,,,,,
9/22/1982,0.156,,,,,,,,
9/23/1982,0.156,,,,,,,,
9/24/1982,0.156,,,,,,,,
9/25/1982,0.156,,,,,,,,
9/26/1982,0.156,,,,,,,,
9/27/1982,0.156,,,,,,,,
9/28/1982,0.156,,,,,,,,
9/29/1982,0.156,,,,,,,,
9/30/1982,0.156,,,,,,,,
10/1/1982,0.0771,,,,,,,,
10/2/1982,0.0771,,,,,,,,
10/3/1982,0.0771,,,,,,,,
10/4/1982,0.0771,,,,,,,,
10/5/1982,0.0771,,,,,,,,
10/6/1982,0.0771,,,,,,,,
10/7/1982,0.0771,,,,,,,,
10/8/1982,0.0771,,,,,,,,
10/9/1982,0.0771,,,,,,,,
10/10/1982,0.0771,,,,,,,,
10/11/1982,0.0771,,,,,,,,
10/12/1982,0.0771,,,,,,,,
10/13/1982,0.0771,,,,,,,,
10/14/1982,0.0771,,,,,,,,
10/15/1982,0.0771,,,,,,,,
10/16/1982,0.0771,,,,,,,,
10/17/1982,0.0771,,,,,,,,
10/18/1982,0.0771,,,,,,,,
10/19/1982,0.0771,,,,,,,,
10/20/1982,0.0771,,,,,,,,
10/21/1982,0.0771,,,,,,,,
10/22/1982,0.0771,,,,,,,,
10/23/1982,0.0771,,,,,,,,
10/24/1982,0.0771,,,,,,,,
10/25/1982,0.0771,,,,,,,,
10/26/1982,0.0771,,,,,,,,
10/27/1982,0.0771,,,,,,,,
10/28/1982,0.0771,,,,,,,,
10/29/1982,0.0771,,,,,,,,
10/30/1982,0.0771,,,,,,,,
10/31/1982,0.0771,,,,,,,,
11/1/1982,0.035,,,,,,,,
11/2/1982,0.035,,,,,,,,
11/3/1982,0.035,,,,,,,,
11/4/1982,0.035,,,,,,,,
11/5/1982,0.035,,,,,,,,
11/6/1982,0.035,,,,,,,,
11/7/1982,0.035,,,,,,,,
11/8/1982,0.035,,,,,,,,
11/9/1982,0.035,,,,,,,,
11/10/1982,0.035,,,,,,,,
11/11/1982,0.035,,,,,,,,
11/12/1982,0.035,,,,,,,,
11/13/1982,0.035,,,,,,,,
11/14/1982,0.035,,,,,,,,
11/15/1982,0.035,,,,,,,,
11/16/1982,0.035,,,,,,,,
11/17/1982,0.035,,,,,,,,
11/18/1982,0.035,,,,,,,,
11/19/1982,0.035,,,,,,,,
11/20/1982,0.035,,,,,,,,
11/21/1982,0.035,,,,,,,,
11/22/1982,0.035,,,,,,,,
11/23/1982,0.035,,,,,,,,
11/24/1982,0.035,,,,,,,,
11/25/1982,0.035,,,,,,,,
11/26/1982,0.035,,,,,,,,
11/27/1982,0.035,,,,,,,,
11/28/1982,0.035,,,,,,,,
11/29/1982,0.035,,,,,,,,
11/30/1982,0.035,,,,,,,,
12/1/1982,0.01839,,,,,,,,
12/2/1982,0.01839,,,,,,,,
12/3/1982,0.01839,,,,,,,,
12/4/1982,0.01839,,,,,,,,
12/5/1982,0.01839,,,,,,,,
12/6/1982,0.01839,,,,,,,,
12/7/1982,0.01839,,,,,,,,
12/8/1982,0.01839,,,,,,,,
12/9/1982,0.01839,,,,,,,,
12/10/1982,0.01839,,,,,,,,
12/11/1982,0.01839,,,,,,,,
12/12/1982,0.01839,,,,,,,,
12/13/1982,0.01839,,,,,,,,
12/14/1982,0.01839,,,,,,,,
12/15/1982,0.01839,,,,,,,,
12/16/1982,0.01839,,,,,,,,
12/17/1982,0.01839,,,,,,,,
12/18/1982,0.01839,,,,,,,,
12/19/1982,0.01839,,,,,,,,
12/20/1982,0.01839,,,,,,,,
12/21/1982,0.01839,,,,,,,,
12/22/1982,0.01839,,,,,,,,
12/23/1982,0.01839,,,,,,,,
12/24/1982,0.01839,,,,,,,,
12/25/1982,0.01839,,,,,,,,
12/26/1982,0.01839,,,,,,,,
12/27/1982,0.01839,,,,,,,,
12/28/1982,0.01839,,,,,,,,
12/29/1982,0.01839,,,,,,,,
12/30/1982,0.01839,,,,,,,,
12/31/1982,0.01839,,,,,,,,
1/1/1983,0.02032,,,,,,,,
1/2/1983,0.02032,,,,,,,,
1/3/1983,0.02032,,,,,,,,
1/4/1983,0.02032,,,,,,,,
1/5/1983,0.02032,,,,,,,,
1/6/1983,0.02032,,,,,,,,
1/7/1983,0.02032,,,,,,,,
1/8/1983,0.02032,,,,,,,,
1/9/1983,0.02032,,,,,,,,
1/10/1983,0.02032,,,,,,,,
1/11/1983,0.02032,,,,,,,,
1/12/1983,0.02032,,,,,,,,
1/13/1983,0.02032,,,,,,,,
1/14/1983,0.02032,,,,,,,,
1/15/1983,0.02032,,,,,,,,
1/16/1983,0.02032,,,,,,,,
1/17/1983,0.02032,,,,,,,,
1/18/1983,0.02032,,,,,,,,
1/19/1983,0.02032,,,,,,,,
1/20/1983,0.02032,,,,,,,,
1/21/1983,0.02032,,,,,,,,
1/22/1983,0.02032,,,,,,,,
1/23/1983,0.02032,,,,,,,,
1/24/1983,0.02032,,,,,,,,
1/25/1983,0.02032,,,,,,,,
1/26/1983,0.02032,,,,,,,,
1/27/1983,0.02032,,,,,,,,
1/28/1983,0.02032,,,,,,,,
1/29/1983,0.02032,,,,,,,,
1/30/1983,0.02032,,,,,,,,
1/31/1983,0.02032,,,,,,,,
2/1/1983,0.04214,,,,,,,,
2/2/1983,0.04214,,,,,,,,
2/3/1983,0.04214,,,,,,,,
2/4/1983,0.04214,,,,,,,,
2/5/1983,0.04214,,,,,,,,
2/6/1983,0.04214,,,,,,,,
2/7/1983,0.04214,,,,,,,,
2/8/1983,0.04214,,,,,,,,
2/9/1983,0.04214,,,,,,,,
2/10/1983,0.04214,,,,,,,,
2/11/1983,0.04214,,,,,,,,
2/12/1983,0.04214,,,,,,,,
2/13/1983,0.04214,,,,,,,,
2/14/1983,0.04214,,,,,,,,
2/15/1983,0.04214,,,,,,,,
2/16/1983,0.04214,,,,,,,,
2/17/1983,0.04214,,,,,,,,
2/18/1983,0.04214,,,,,,,,
2/19/1983,0.04214,,,,,,,,
2/20/1983,0.04214,,,,,,,,
2/21/1983,0.04214,,,,,,,,
2/22/1983,0.04214,,,,,,,,
2/23/1983,0.04214,,,,,,,,
2/24/1983,0.04214,,,,,,,,
2/25/1983,0.04214,,,,,,,,
2/26/1983,0.04214,,,,,,,,
2/27/1983,0.04214,,,,,,,,
2/28/1983,0.04214,,,,,,,,
3/1/1983,0.07387,,,,,,,,
3/2/1983,0.07387,,,,,,,,
3/3/1983,0.07387,,,,,,,,
3/4/1983,0.07387,,,,,,,,
3/5/1983,0.07387,,,,,,,,
3/6/1983,0.07387,,,,,,,,
3/7/1983,0.07387,,,,,,,,
3/8/1983,0.07387,,,,,,,,
3/9/1983,0.07387,,,,,,,,
3/10/1983,0.07387,,,,,,,,
3/11/1983,0.07387,,,,,,,,
3/12/1983,0.07387,,,,,,,,
3/13/1983,0.07387,,,,,,,,
3/14/1983,0.07387,,,,,,,,
3/15/1983,0.07387,,,,,,,,
3/16/1983,0.07387,,,,,,,,
3/17/1983,0.07387,,,,,,,,
3/18/1983,0.07387,,,,,,,,
3/19/1983,0.07387,,,,,,,,
3/20/1983,0.07387,,,,,,,,
3/21/1983,0.07387,,,,,,,,
3/22/1983,0.07387,,,,,,,,
3/23/1983,0.07387,,,,,,,,
3/24/1983,0.07387,,,,,,,,
3/25/1983,0.07387,,,,,,,,
3/26/1983,0.07387,,,,,,,,
3/27/1983,0.07387,,,,,,,,
3/28/1983,0.07387,,,,,,,,
3/29/1983,0.07387,,,,,,,,
3/30/1983,0.07387,,,,,,,,
3/31/1983,0.07387,,,,,,,,
4/1/1983,0.11033,,,,,,,,
4/2/1983,0.11033,,,,,,,,
4/3/1983,0.11033,,,,,,,,
4/4/1983,0.11033,,,,,,,,
4/5/1983,0.11033,,,,,,,,
4/6/1983,0.11033,,,,,,,,
4/7/1983,0.11033,,,,,,,,
4/8/1983,0.11033,,,,,,,,
4/9/1983,0.11033,,,,,,,,
4/10/1983,0.11033,,,,,,,,
4/11/1983,0.11033,,,,,,,,
4/12/1983,0.11033,,,,,,,,
4/13/1983,0.11033,,,,,,,,
4/14/1983,0.11033,,,,,,,,
4/15/1983,0.11033,,,,,,,,
4/16/1983,0.11033,,,,,,,,
4/17/1983,0.11033,,,,,,,,
4/18/1983,0.11033,,,,,,,,
4/19/1983,0.11033,,,,,,,,
4/20/1983,0.11033,,,,,,,,
4/21/1983,0.11033,,,,,,,,
4/22/1983,0.11033,,,,,,,,
4/23/1983,0.11033,,,,,,,,
4/24/1983,0.11033,,,,,,,,
4/25/1983,0.11033,,,,,,,,
4/26/1983,0.11033,,,,,,,,
4/27/1983,0.11033,,,,,,,,
4/28/1983,0.11033,,,,,,,,
4/29/1983,0.11033,,,,,,,,
4/30/1983,0.11033,,,,,,,,
5/1/1983,0.16613,,,,,,,,
5/2/1983,0.16613,,,,,,,,
5/3/1983,0.16613,,,,,,,,
5/4/1983,0.16613,,,,,,,,
5/5/1983,0.16613,,,,,,,,
5/6/1983,0.16613,,,,,,,,
5/7/1983,0.16613,,,,,,,,
5/8/1983,0.16613,,,,,,,,
5/9/1983,0.16613,,,,,,,,
5/10/1983,0.16613,,,,,,,,
5/11/1983,0.16613,,,,,,,,
5/12/1983,0.16613,,,,,,,,
5/13/1983,0.16613,,,,,,,,
5/14/1983,0.16613,,,,,,,,
5/15/1983,0.16613,,,,,,,,
5/16/1983,0.16613,,,,,,,,
5/17/1983,0.16613,,,,,,,,
5/18/1983,0.16613,,,,,,,,
5/19/1983,0.16613,,,,,,,,
5/20/1983,0.16613,,,,,,,,
5/21/1983,0.16613,,,,,,,,
5/22/1983,0.16613,,,,,,,,
5/23/1983,0.16613,,,,,,,,
5/24/1983,0.16613,,,,,,,,
5/25/1983,0.16613,,,,,,,,
5/26/1983,0.16613,,,,,,,,
5/27/1983,0.16613,,,,,,,,
5/28/1983,0.16613,,,,,,,,
5/29/1983,0.16613,,,,,,,,
5/30/1983,0.16613,,,,,,,,
5/31/1983,0.16613,,,,,,,,
6/1/1983,0.20033,,,,,,,,
6/2/1983,0.20033,,,,,,,,
6/3/1983,0.20033,,,,,,,,
6/4/1983,0.20033,,,,,,,,
6/5/1983,0.20033,,,,,,,,
6/6/1983,0.20033,,,,,,,,
6/7/1983,0.20033,,,,,,,,
6/8/1983,0.20033,,,,,,,,
6/9/1983,0.20033,,,,,,,,
6/10/1983,0.20033,,,,,,,,
6/11/1983,0.20033,,,,,,,,
6/12/1983,0.20033,,,,,,,,
6/13/1983,0.20033,,,,,,,,
6/14/1983,0.20033,,,,,,,,
6/15/1983,0.20033,,,,,,,,
6/16/1983,0.20033,,,,,,,,
6/17/1983,0.20033,,,,,,,,
6/18/1983,0.20033,,,,,,,,
6/19/1983,0.20033,,,,,,,,
6/20/1983,0.20033,,,,,,,,
6/21/1983,0.20033,,,,,,,,
6/22/1983,0.20033,,,,,,,,
6/23/1983,0.20033,,,,,,,,
6/24/1983,0.20033,,,,,,,,
6/25/1983,0.20033,,,,,,,,
6/26/1983,0.20033,,,,,,,,
6/27/1983,0.20033,,,,,,,,
6/28/1983,0.20033,,,,,,,,
6/29/1983,0.20033,,,,,,,,
6/30/1983,0.20033,,,,,,,,
7/1/1983,0.23871,,,,,,,,
7/2/1983,0.23871,,,,,,,,
7/3/1983,0.23871,,,,,,,,
7/4/1983,0.23871,,,,,,,,
7/5/1983,0.23871,,,,,,,,
7/6/1983,0.23871,,,,,,,,
7/7/1983,0.23871,,,,,,,,
7/8/1983,0.23871,,,,,,,,
7/9/1983,0.23871,,,,,,,,
7/10/1983,0.23871,,,,,,,,
7/11/1983,0.23871,,,,,,,,
7/12/1983,0.23871,,,,,,,,
7/13/1983,0.23871,,,,,,,,
7/14/1983,0.23871,,,,,,,,
7/15/1983,0.23871,,,,,,,,
7/16/1983,0.23871,,,,,,,,
7/17/1983,0.23871,,,,,,,,
7/18/1983,0.23871,,,,,,,,
7/19/1983,0.23871,,,,,,,,
7/20/1983,0.23871,,,,,,,,
7/21/1983,0.23871,,,,,,,,
7/22/1983,0.23871,,,,,,,,
7/23/1983,0.23871,,,,,,,,
7/24/1983,0.23871,,,,,,,,
7/25/1983,0.23871,,,,,,,,
7/26/1983,0.23871,,,,,,,,
7/27/1983,0.23871,,,,,,,,
7/28/1983,0.23871,,,,,,,,
7/29/1983,0.23871,,,,,,,,
7/30/1983,0.23871,,,,,,,,
7/31/1983,0.23871,,,,,,,,
8/1/1983,0.21871,,,,,,,,
8/2/1983,0.21871,,,,,,,,
8/3/1983,0.21871,,,,,,,,
8/4/1983,0.21871,,,,,,,,
8/5/1983,0.21871,,,,,,,,
8/6/1983,0.21871,,,,,,,,
8/7/1983,0.21871,,,,,,,,
8/8/1983,0.21871,,,,,,,,
8/9/1983,0.21871,,,,,,,,
8/10/1983,0.21871,,,,,,,,
8/11/1983,0.21871,,,,,,,,
8/12/1983,0.21871,,,,,,,,
8/13/1983,0.21871,,,,,,,,
8/14/1983,0.21871,,,,,,,,
8/15/1983,0.21871,,,,,,,,
8/16/1983,0.21871,,,,,,,,
8/17/1983,0.21871,,,,,,,,
8/18/1983,0.21871,,,,,,,,
8/19/1983,0.21871,,,,,,,,
8/20/1983,0.21871,,,,,,,,
8/21/1983,0.21871,,,,,,,,
8/22/1983,0.21871,,,,,,,,
8/23/1983,0.21871,,,,,,,,
8/24/1983,0.21871,,,,,,,,
8/25/1983,0.21871,,,,,,,,
8/26/1983,0.21871,,,,,,,,
8/27/1983,0.21871,,,,,,,,
8/28/1983,0.21871,,,,,,,,
8/29/1983,0.21871,,,,,,,,
8/30/1983,0.21871,,,,,,,,
8/31/1983,0.21871,,,,,,,,
9/1/1983,0.156,,,,,,,,
9/2/1983,0.156,,,,,,,,
9/3/1983,0.156,,,,,,,,
9/4/1983,0.156,,,,,,,,
9/5/1983,0.156,,,,,,,,
9/6/1983,0.156,,,,,,,,
9/7/1983,0.156,,,,,,,,
9/8/1983,0.156,,,,,,,,
9/9/1983,0.156,,,,,,,,
9/10/1983,0.156,,,,,,,,
9/11/1983,0.156,,,,,,,,
9/12/1983,0.156,,,,,,,,
9/13/1983,0.156,,,,,,,,
9/14/1983,0.156,,,,,,,,
9/15/1983,0.156,,,,,,,,
9/16/1983,0.156,,,,,,,,
9/17/1983,0.156,,,,,,,,
9/18/1983,0.156,,,,,,,,
9/19/1983,0.156,,,,,,,,
9/20/1983,0.156,,,,,,,,
9/21/1983,0.156,,,,,,,,
9/22/1983,0.156,,,,,,,,
9/23/1983,0.156,,,,,,,,
9/24/1983,0.156,,,,,,,,
9/25/1983,0.156,,,,,,,,
9/26/1983,0.156,,,,,,,,
9/27/1983,0.156,,,,,,,,
9/28/1983,0.156,,,,,,,,
9/29/1983,0.156,,,,,,,,
9/30/1983,0.156,,,,,,,,
10/1/1983,0.0771,,,,,,,,
10/2/1983,0.0771,,,,,,,,
10/3/1983,0.0771,,,,,,,,
10/4/1983,0.0771,,,,,,,,
10/5/1983,0.0771,,,,,,,,
10/6/1983,0.0771,,,,,,,,
10/7/1983,0.0771,,,,,,,,
10/8/1983,0.0771,,,,,,,,
10/9/1983,0.0771,,,,,,,,
10/10/1983,0.0771,,,,,,,,
10/11/1983,0.0771,,,,,,,,
10/12/1983,0.0771,,,,,,,,
10/13/1983,0.0771,,,,,,,,
10/14/1983,0.0771,,,,,,,,
10/15/1983,0.0771,,,,,,,,
10/16/1983,0.0771,,,,,,,,
10/17/1983,0.0771,,,,,,,,
10/18/1983,0.0771,,,,,,,,
10/19/1983,0.0771,,,,,,,,
10/20/1983,0.0771,,,,,,,,
10/21/1983,0.0771,,,,,,,,
10/22/1983,0.0771,,,,,,,,
10/23/1983,0.0771,,,,,,,,
10/24/1983,0.0771,,,,,,,,
10/25/1983,0.0771,,,,,,,,
10/26/1983,0.0771,,,,,,,,
10/27/1983,0.0771,,,,,,,,
10/28/1983,0.0771,,,,,,,,
10/29/1983,0.0771,,,,,,,,
10/30/1983,0.0771,,,,,,,,
10/31/1983,0.0771,,,,,,,,
11/1/1983,0.035,,,,,,,,
11/2/1983,0.035,,,,,,,,
11/3/1983,0.035,,,,,,,,
11/4/1983,0.035,,,,,,,,
11/5/1983,0.035,,,,,,,,
11/6/1983,0.035,,,,,,,,
11/7/1983,0.035,,,,,,,,
11/8/1983,0.035,,,,,,,,
11/9/1983,0.035,,,,,,,,
11/10/1983,0.035,,,,,,,,
11/11/1983,0.035,,,,,,,,
11/12/1983,0.035,,,,,,,,
11/13/1983,0.035,,,,,,,,
11/14/1983,0.035,,,,,,,,
11/15/1983,0.035,,,,,,,,
11/16/1983,0.035,,,,,,,,
11/17/1983,0.035,,,,,,,,
11/18/1983,0.035,,,,,,,,
11/19/1983,0.035,,,,,,,,
11/20/1983,0.035,,,,,,,,
11/21/1983,0.035,,,,,,,,
11/22/1983,0.035,,,,,,,,
11/23/1983,0.035,,,,,,,,
11/24/1983,0.035,,,,,,,,
11/25/1983,0.035,,,,,,,,
11/26/1983,0.035,,,,,,,,
11/27/1983,0.035,,,,,,,,
11/28/1983,0.035,,,,,,,,
11/29/1983,0.035,,,,,,,,
11/30/1983,0.035,,,,,,,,
12/1/1983,0.01839,,,,,,,,
12/2/1983,0.01839,,,,,,,,
12/3/1983,0.01839,,,,,,,,
12/4/1983,0.01839,,,,,,,,
12/5/1983,0.01839,,,,,,,,
12/6/1983,0.01839,,,,,,,,
12/7/1983,0.01839,,,,,,,,
12/8/1983,0.01839,,,,,,,,
12/9/1983,0.01839,,,,,,,,
12/10/1983,0.01839,,,,,,,,
12/11/1983,0.01839,,,,,,,,
12/12/1983,0.01839,,,,,,,,
12/13/1983,0.01839,,,,,,,,
12/14/1983,0.01839,,,,,,,,
12/15/1983,0.01839,,,,,,,,
12/16/1983,0.01839,,,,,,,,
12/17/1983,0.01839,,,,,,,,
12/18/1983,0.01839,,,,,,,,
12/19/1983,0.01839,,,,,,,,
12/20/1983,0.01839,,,,,,,,
12/21/1983,0.01839,,,,,,,,
12/22/1983,0.01839,,,,,,,,
12/23/1983,0.01839,,,,,,,,
12/24/1983,0.01839,,,,,,,,
12/25/1983,0.01839,,,,,,,,
12/26/1983,0.01839,,,,,,,,
12/27/1983,0.01839,,,,,,,,
12/28/1983,0.01839,,,,,,,,
12/29/1983,0.01839,,,,,,,,
12/30/1983,0.01839,,,,,,,,
12/31/1983,0.01839,,,,,,,,
1/1/1984,0.02032,,,,,,,,
1/2/1984,0.02032,,,,,,,,
1/3/1984,0.02032,,,,,,,,
1/4/1984,0.02032,,,,,,,,
1/5/1984,0.02032,,,,,,,,
1/6/1984,0.02032,,,,,,,,
1/7/1984,0.02032,,,,,,,,
1/8/1984,0.02032,,,,,,,,
1/9/1984,0.02032,,,,,,,,
1/10/1984,0.02032,,,,,,,,
1/11/1984,0.02032,,,,,,,,
1/12/1984,0.02032,,,,,,,,
1/13/1984,0.02032,,,,,,,,
1/14/1984,0.02032,,,,,,,,
1/15/1984,0.02032,,,,,,,,
1/16/1984,0.02032,,,,,,,,
1/17/1984,0.02032,,,,,,,,
1/18/1984,0.02032,,,,,,,,
1/19/1984,0.02032,,,,,,,,
1/20/1984,0.02032,,,,,,,,
1/21/1984,0.02032,,,,,,,,
1/22/1984,0.02032,,,,,,,,
1/23/1984,0.02032,,,,,,,,
1/24/1984,0.02032,,,,,,,,
1/25/1984,0.02032,,,,,,,,
1/26/1984,0.02032,,,,,,,,
1/27/1984,0.02032,,,,,,,,
1/28/1984,0.02032,,,,,,,,
1/29/1984,0.02032,,,,,,,,
1/30/1984,0.02032,,,,,,,,
1/31/1984,0.02032,,,,,,,,
2/1/1984,0.04214,,,,,,,,
2/2/1984,0.04214,,,,,,,,
2/3/1984,0.04214,,,,,,,,
2/4/1984,0.04214,,,,,,,,
2/5/1984,0.04214,,,,,,,,
2/6/1984,0.04214,,,,,,,,
2/7/1984,0.04214,,,,,,,,
2/8/1984,0.04214,,,,,,,,
2/9/1984,0.04214,,,,,,,,
2/10/1984,0.04214,,,,,,,,
2/11/1984,0.04214,,,,,,,,
2/12/1984,0.04214,,,,,,,,
2/13/1984,0.04214,,,,,,,,
2/14/1984,0.04214,,,,,,,,
2/15/1984,0.04214,,,,,,,,
2/16/1984,0.04214,,,,,,,,
2/17/1984,0.04214,,,,,,,,
2/18/1984,0.04214,,,,,,,,
2/19/1984,0.04214,,,,,,,,
2/20/1984,0.04214,,,,,,,,
2/21/1984,0.04214,,,,,,,,
2/22/1984,0.04214,,,,,,,,
2/23/1984,0.04214,,,,,,,,
2/24/1984,0.04214,,,,,,,,
2/25/1984,0.04214,,,,,,,,
2/26/1984,0.04214,,,,,,,,
2/27/1984,0.04214,,,,,,,,
2/28/1984,0.04214,,,,,,,,
2/29/1984,0.04214,,,,,,,,
3/1/1984,0.07387,,,,,,,,
3/2/1984,0.07387,,,,,,,,
3/3/1984,0.07387,,,,,,,,
3/4/1984,0.07387,,,,,,,,
3/5/1984,0.07387,,,,,,,,
3/6/1984,0.07387,,,,,,,,
3/7/1984,0.07387,,,,,,,,
3/8/1984,0.07387,,,,,,,,
3/9/1984,0.07387,,,,,,,,
3/10/1984,0.07387,,,,,,,,
3/11/1984,0.07387,,,,,,,,
3/12/1984,0.07387,,,,,,,,
3/13/1984,0.07387,,,,,,,,
3/14/1984,0.07387,,,,,,,,
3/15/1984,0.07387,,,,,,,,
3/16/1984,0.07387,,,,,,,,
3/17/1984,0.07387,,,,,,,,
3/18/1984,0.07387,,,,,,,,
3/19/1984,0.07387,,,,,,,,
3/20/1984,0.07387,,,,,,,,
3/21/1984,0.07387,,,,,,,,
3/22/1984,0.07387,,,,,,,,
3/23/1984,0.07387,,,,,,,,
3/24/1984,0.07387,,,,,,,,
3/25/1984,0.07387,,,,,,,,
3/26/1984,0.07387,,,,,,,,
3/27/1984,0.07387,,,,,,,,
3/28/1984,0.07387,,,,,,,,
3/29/1984,0.07387,,,,,,,,
3/30/1984,0.07387,,,,,,,,
3/31/1984,0.07387,,,,,,,,
4/1/1984,0.11033,,,,,,,,
4/2/1984,0.11033,,,,,,,,
4/3/1984,0.11033,,,,,,,,
4/4/1984,0.11033,,,,,,,,
4/5/1984,0.11033,,,,,,,,
4/6/1984,0.11033,,,,,,,,
4/7/1984,0.11033,,,,,,,,
4/8/1984,0.11033,,,,,,,,
4/9/1984,0.11033,,,,,,,,
4/10/1984,0.11033,,,,,,,,
4/11/1984,0.11033,,,,,,,,
4/12/1984,0.11033,,,,,,,,
4/13/1984,0.11033,,,,,,,,
4/14/1984,0.11033,,,,,,,,
4/15/1984,0.11033,,,,,,,,
4/16/1984,0.11033,,,,,,,,
4/17/1984,0.11033,,,,,,,,
4/18/1984,0.11033,,,,,,,,
4/19/1984,0.11033,,,,,,,,
4/20/1984,0.11033,,,,,,,,
4/21/1984,0.11033,,,,,,,,
4/22/1984,0.11033,,,,,,,,
4/23/1984,0.11033,,,,,,,,
4/24/1984,0.11033,,,,,,,,
4/25/1984,0.11033,,,,,,,,
4/26/1984,0.11033,,,,,,,,
4/27/1984,0.11033,,,,,,,,
4/28/1984,0.11033,,,,,,,,
4/29/1984,0.11033,,,,,,,,
4/30/1984,0.11033,,,,,,,,
5/1/1984,0.16613,,,,,,,,
5/2/1984,0.16613,,,,,,,,
5/3/1984,0.16613,,,,,,,,
5/4/1984,0.16613,,,,,,,,
5/5/1984,0.16613,,,,,,,,
5/6/1984,0.16613,,,,,,,,
5/7/1984,0.16613,,,,,,,,
5/8/1984,0.16613,,,,,,,,
5/9/1984,0.16613,,,,,,,,
5/10/1984,0.16613,,,,,,,,
5/11/1984,0.16613,,,,,,,,
5/12/1984,0.16613,,,,,,,,
5/13/1984,0.16613,,,,,,,,
5/14/1984,0.16613,,,,,,,,
5/15/1984,0.16613,,,,,,,,
5/16/1984,0.16613,,,,,,,,
5/17/1984,0.16613,,,,,,,,
5/18/1984,0.16613,,,,,,,,
5/19/1984,0.16613,,,,,,,,
5/20/1984,0.16613,,,,,,,,
5/21/1984,0.16613,,,,,,,,
5/22/1984,0.16613,,,,,,,,
5/23/1984,0.16613,,,,,,,,
5/24/1984,0.16613,,,,,,,,
5/25/1984,0.16613,,,,,,,,
5/26/1984,0.16613,,,,,,,,
5/27/1984,0.16613,,,,,,,,
5/28/1984,0.16613,,,,,,,,
5/29/1984,0.16613,,,,,,,,
5/30/1984,0.16613,,,,,,,,
5/31/1984,0.16613,,,,,,,,
6/1/1984,0.20033,,,,,,,,
6/2/1984,0.20033,,,,,,,,
6/3/1984,0.20033,,,,,,,,
6/4/1984,0.20033,,,,,,,,
6/5/1984,0.20033,,,,,,,,
6/6/1984,0.20033,,,,,,,,
6/7/1984,0.20033,,,,,,,,
6/8/1984,0.20033,,,,,,,,
6/9/1984,0.20033,,,,,,,,
6/10/1984,0.20033,,,,,,,,
6/11/1984,0.20033,,,,,,,,
6/12/1984,0.20033,,,,,,,,
6/13/1984,0.20033,,,,,,,,
6/14/1984,0.20033,,,,,,,,
6/15/1984,0.20033,,,,,,,,
6/16/1984,0.20033,,,,,,,,
6/17/1984,0.20033,,,,,,,,
6/18/1984,0.20033,,,,,,,,
6/19/1984,0.20033,,,,,,,,
6/20/1984,0.20033,,,,,,,,
6/21/1984,0.20033,,,,,,,,
6/22/1984,0.20033,,,,,,,,
6/23/1984,0.20033,,,,,,,,
6/24/1984,0.20033,,,,,,,,
6/25/1984,0.20033,,,,,,,,
6/26/1984,0.20033,,,,,,,,
6/27/1984,0.20033,,,,,,,,
6/28/1984,0.20033,,,,,,,,
6/29/1984,0.20033,,,,,,,,
6/30/1984,0.20033,,,,,,,,
7/1/1984,0.23871,,,,,,,,
7/2/1984,0.23871,,,,,,,,
7/3/1984,0.23871,,,,,,,,
7/4/1984,0.23871,,,,,,,,
7/5/1984,0.23871,,,,,,,,
7/6/1984,0.23871,,,,,,,,
7/7/1984,0.23871,,,,,,,,
7/8/1984,0.23871,,,,,,,,
7/9/1984,0.23871,,,,,,,,
7/10/1984,0.23871,,,,,,,,
7/11/1984,0.23871,,,,,,,,
7/12/1984,0.23871,,,,,,,,
7/13/1984,0.23871,,,,,,,,
7/14/1984,0.23871,,,,,,,,
7/15/1984,0.23871,,,,,,,,
7/16/1984,0.23871,,,,,,,,
7/17/1984,0.23871,,,,,,,,
7/18/1984,0.23871,,,,,,,,
7/19/1984,0.23871,,,,,,,,
7/20/1984,0.23871,,,,,,,,
7/21/1984,0.23871,,,,,,,,
7/22/1984,0.23871,,,,,,,,
7/23/1984,0.23871,,,,,,,,
7/24/1984,0.23871,,,,,,,,
7/25/1984,0.23871,,,,,,,,
7/26/1984,0.23871,,,,,,,,
7/27/1984,0.23871,,,,,,,,
7/28/1984,0.23871,,,,,,,,
7/29/1984,0.23871,,,,,,,,
7/30/1984,0.23871,,,,,,,,
7/31/1984,0.23871,,,,,,,,
8/1/1984,0.21871,,,,,,,,
8/2/1984,0.21871,,,,,,,,
8/3/1984,0.21871,,,,,,,,
8/4/1984,0.21871,,,,,,,,
8/5/1984,0.21871,,,,,,,,
8/6/1984,0.21871,,,,,,,,
8/7/1984,0.21871,,,,,,,,
8/8/1984,0.21871,,,,,,,,
8/9/1984,0.21871,,,,,,,,
8/10/1984,0.21871,,,,,,,,
8/11/1984,0.21871,,,,,,,,
8/12/1984,0.21871,,,,,,,,
8/13/1984,0.21871,,,,,,,,
8/14/1984,0.21871,,,,,,,,
8/15/1984,0.21871,,,,,,,,
8/16/1984,0.21871,,,,,,,,
8/17/1984,0.21871,,,,,,,,
8/18/1984,0.21871,,,,,,,,
8/19/1984,0.21871,,,,,,,,
8/20/1984,0.21871,,,,,,,,
8/21/1984,0.21871,,,,,,,,
8/22/1984,0.21871,,,,,,,,
8/23/1984,0.21871,,,,,,,,
8/24/1984,0.21871,,,,,,,,
8/25/1984,0.21871,,,,,,,,
8/26/1984,0.21871,,,,,,,,
8/27/1984,0.21871,,,,,,,,
8/28/1984,0.21871,,,,,,,,
8/29/1984,0.21871,,,,,,,,
8/30/1984,0.21871,,,,,,,,
8/31/1984,0.21871,,,,,,,,
9/1/1984,0.156,,,,,,,,
9/2/1984,0.156,,,,,,,,
9/3/1984,0.156,,,,,,,,
9/4/1984,0.156,,,,,,,,
9/5/1984,0.156,,,,,,,,
9/6/1984,0.156,,,,,,,,
9/7/1984,0.156,,,,,,,,
9/8/1984,0.156,,,,,,,,
9/9/1984,0.156,,,,,,,,
9/10/1984,0.156,,,,,,,,
9/11/1984,0.156,,,,,,,,
9/12/1984,0.156,,,,,,,,
9/13/1984,0.156,,,,,,,,
9/14/1984,0.156,,,,,,,,
9/15/1984,0.156,,,,,,,,
9/16/1984,0.156,,,,,,,,
9/17/1984,0.156,,,,,,,,
9/18/1984,0.156,,,,,,,,
9/19/1984,0.156,,,,,,,,
9/20/1984,0.156,,,,,,,,
9/21/1984,0.156,,,,,,,,
9/22/1984,0.156,,,,,,,,
9/23/1984,0.156,,,,,,,,
9/24/1984,0.156,,,,,,,,
9/25/1984,0.156,,,,,,,,
9/26/1984,0.156,,,,,,,,
9/27/1984,0.156,,,,,,,,
9/28/1984,0.156,,,,,,,,
9/29/1984,0.156,,,,,,,,
9/30/1984,0.156,,,,,,,,
10/1/1984,0.0771,,,,,,,,
10/2/1984,0.0771,,,,,,,,
10/3/1984,0.0771,,,,,,,,
10/4/1984,0.0771,,,,,,,,
10/5/1984,0.0771,,,,,,,,
10/6/1984,0.0771,,,,,,,,
10/7/1984,0.0771,,,,,,,,
10/8/1984,0.0771,,,,,,,,
10/9/1984,0.0771,,,,,,,,
10/10/1984,0.0771,,,,,,,,
10/11/1984,0.0771,,,,,,,,
10/12/1984,0.0771,,,,,,,,
10/13/1984,0.0771,,,,,,,,
10/14/1984,0.0771,,,,,,,,
10/15/1984,0.0771,,,,,,,,
10/16/1984,0.0771,,,,,,,,
10/17/1984,0.0771,,,,,,,,
10/18/1984,0.0771,,,,,,,,
10/19/1984,0.0771,,,,,,,,
10/20/1984,0.0771,,,,,,,,
10/21/1984,0.0771,,,,,,,,
10/22/1984,0.0771,,,,,,,,
10/23/1984,0.0771,,,,,,,,
10/24/1984,0.0771,,,,,,,,
10/25/1984,0.0771,,,,,,,,
10/26/1984,0.0771,,,,,,,,
10/27/1984,0.0771,,,,,,,,
10/28/1984,0.0771,,,,,,,,
10/29/1984,0.0771,,,,,,,,
10/30/1984,0.0771,,,,,,,,
10/31/1984,0.0771,,,,,,,,
11/1/1984,0.035,,,,,,,,
11/2/1984,0.035,,,,,,,,
11/3/1984,0.035,,,,,,,,
11/4/1984,0.035,,,,,,,,
11/5/1984,0.035,,,,,,,,
11/6/1984,0.035,,,,,,,,
11/7/1984,0.035,,,,,,,,
11/8/1984,0.035,,,,,,,,
11/9/1984,0.035,,,,,,,,
11/10/1984,0.035,,,,,,,,
11/11/1984,0.035,,,,,,,,
11/12/1984,0.035,,,,,,,,
11/13/1984,0.035,,,,,,,,
11/14/1984,0.035,,,,,,,,
11/15/1984,0.035,,,,,,,,
11/16/1984,0.035,,,,,,,,
11/17/1984,0.035,,,,,,,,
11/18/1984,0.035,,,,,,,,
11/19/1984,0.035,,,,,,,,
11/20/1984,0.035,,,,,,,,
11/21/1984,0.035,,,,,,,,
11/22/1984,0.035,,,,,,,,
11/23/1984,0.035,,,,,,,,
11/24/1984,0.035,,,,,,,,
11/25/1984,0.035,,,,,,,,
11/26/1984,0.035,,,,,,,,
11/27/1984,0.035,,,,,,,,
11/28/1984,0.035,,,,,,,,
11/29/1984,0.035,,,,,,,,
11/30/1984,0.035,,,,,,,,
12/1/1984,0.01839,,,,,,,,
12/2/1984,0.01839,,,,,,,,
12/3/1984,0.01839,,,,,,,,
12/4/1984,0.01839,,,,,,,,
12/5/1984,0.01839,,,,,,,,
12/6/1984,0.01839,,,,,,,,
12/7/1984,0.01839,,,,,,,,
12/8/1984,0.01839,,,,,,,,
12/9/1984,0.01839,,,,,,,,
12/10/1984,0.01839,,,,,,,,
12/11/1984,0.01839,,,,,,,,
12/12/1984,0.01839,,,,,,,,
12/13/1984,0.01839,,,,,,,,
12/14/1984,0.01839,,,,,,,,
12/15/1984,0.01839,,,,,,,,
12/16/1984,0.01839,,,,,,,,
12/17/1984,0.01839,,,,,,,,
12/18/1984,0.01839,,,,,,,,
12/19/1984,0.01839,,,,,,,,
12/20/1984,0.01839,,,,,,,,
12/21/1984,0.01839,,,,,,,,
12/22/1984,0.01839,,,,,,,,
12/23/1984,0.01839,,,,,,,,
12/24/1984,0.01839,,,,,,,,
12/25/1984,0.01839,,,,,,,,
12/26/1984,0.01839,,,,,,,,
12/27/1984,0.01839,,,,,,,,
12/28/1984,0.01839,,,,,,,,
12/29/1984,0.01839,,,,,,,,
12/30/1984,0.01839,,,,,,,,
12/31/1984,0.01839,,,,,,,,
1/1/1985,0.02032,,,,,,,,
1/2/1985,0.02032,,,,,,,,
1/3/1985,0.02032,,,,,,,,
1/4/1985,0.02032,,,,,,,,
1/5/1985,0.02032,,,,,,,,
1/6/1985,0.02032,,,,,,,,
1/7/1985,0.02032,,,,,,,,
1/8/1985,0.02032,,,,,,,,
1/9/1985,0.02032,,,,,,,,
1/10/1985,0.02032,,,,,,,,
1/11/1985,0.02032,,,,,,,,
1/12/1985,0.02032,,,,,,,,
1/13/1985,0.02032,,,,,,,,
1/14/1985,0.02032,,,,,,,,
1/15/1985,0.02032,,,,,,,,
1/16/1985,0.02032,,,,,,,,
1/17/1985,0.02032,,,,,,,,
1/18/1985,0.02032,,,,,,,,
1/19/1985,0.02032,,,,,,,,
1/20/1985,0.02032,,,,,,,,
1/21/1985,0.02032,,,,,,,,
1/22/1985,0.02032,,,,,,,,
1/23/1985,0.02032,,,,,,,,
1/24/1985,0.02032,,,,,,,,
1/25/1985,0.02032,,,,,,,,
1/26/1985,0.02032,,,,,,,,
1/27/1985,0.02032,,,,,,,,
1/28/1985,0.02032,,,,,,,,
1/29/1985,0.02032,,,,,,,,
1/30/1985,0.02032,,,,,,,,
1/31/1985,0.02032,,,,,,,,
2/1/1985,0.04214,,,,,,,,
2/2/1985,0.04214,,,,,,,,
2/3/1985,0.04214,,,,,,,,
2/4/1985,0.04214,,,,,,,,
2/5/1985,0.04214,,,,,,,,
2/6/1985,0.04214,,,,,,,,
2/7/1985,0.04214,,,,,,,,
2/8/1985,0.04214,,,,,,,,
2/9/1985,0.04214,,,,,,,,
2/10/1985,0.04214,,,,,,,,
2/11/1985,0.04214,,,,,,,,
2/12/1985,0.04214,,,,,,,,
2/13/1985,0.04214,,,,,,,,
2/14/1985,0.04214,,,,,,,,
2/15/1985,0.04214,,,,,,,,
2/16/1985,0.04214,,,,,,,,
2/17/1985,0.04214,,,,,,,,
2/18/1985,0.04214,,,,,,,,
2/19/1985,0.04214,,,,,,,,
2/20/1985,0.04214,,,,,,,,
2/21/1985,0.04214,,,,,,,,
2/22/1985,0.04214,,,,,,,,
2/23/1985,0.04214,,,,,,,,
2/24/1985,0.04214,,,,,,,,
2/25/1985,0.04214,,,,,,,,
2/26/1985,0.04214,,,,,,,,
2/27/1985,0.04214,,,,,,,,
2/28/1985,0.04214,,,,,,,,
3/1/1985,0.07387,,,,,,,,
3/2/1985,0.07387,,,,,,,,
3/3/1985,0.07387,,,,,,,,
3/4/1985,0.07387,,,,,,,,
3/5/1985,0.07387,,,,,,,,
3/6/1985,0.07387,,,,,,,,
3/7/1985,0.07387,,,,,,,,
3/8/1985,0.07387,,,,,,,,
3/9/1985,0.07387,,,,,,,,
3/10/1985,0.07387,,,,,,,,
3/11/1985,0.07387,,,,,,,,
3/12/1985,0.07387,,,,,,,,
3/13/1985,0.07387,,,,,,,,
3/14/1985,0.07387,,,,,,,,
3/15/1985,0.07387,,,,,,,,
3/16/1985,0.07387,,,,,,,,
3/17/1985,0.07387,,,,,,,,
3/18/1985,0.07387,,,,,,,,
3/19/1985,0.07387,,,,,,,,
3/20/1985,0.07387,,,,,,,,
3/21/1985,0.07387,,,,,,,,
3/22/1985,0.07387,,,,,,,,
3/23/1985,0.07387,,,,,,,,
3/24/1985,0.07387,,,,,,,,
3/25/1985,0.07387,,,,,,,,
3/26/1985,0.07387,,,,,,,,
3/27/1985,0.07387,,,,,,,,
3/28/1985,0.07387,,,,,,,,
3/29/1985,0.07387,,,,,,,,
3/30/1985,0.07387,,,,,,,,
3/31/1985,0.07387,,,,,,,,
4/1/1985,0.11033,,,,,,,,
4/2/1985,0.11033,,,,,,,,
4/3/1985,0.11033,,,,,,,,
4/4/1985,0.11033,,,,,,,,
4/5/1985,0.11033,,,,,,,,
4/6/1985,0.11033,,,,,,,,
4/7/1985,0.11033,,,,,,,,
4/8/1985,0.11033,,,,,,,,
4/9/1985,0.11033,,,,,,,,
4/10/1985,0.11033,,,,,,,,
4/11/1985,0.11033,,,,,,,,
4/12/1985,0.11033,,,,,,,,
4/13/1985,0.11033,,,,,,,,
4/14/1985,0.11033,,,,,,,,
4/15/1985,0.11033,,,,,,,,
4/16/1985,0.11033,,,,,,,,
4/17/1985,0.11033,,,,,,,,
4/18/1985,0.11033,,,,,,,,
4/19/1985,0.11033,,,,,,,,
4/20/1985,0.11033,,,,,,,,
4/21/1985,0.11033,,,,,,,,
4/22/1985,0.11033,,,,,,,,
4/23/1985,0.11033,,,,,,,,
4/24/1985,0.11033,,,,,,,,
4/25/1985,0.11033,,,,,,,,
4/26/1985,0.11033,,,,,,,,
4/27/1985,0.11033,,,,,,,,
4/28/1985,0.11033,,,,,,,,
4/29/1985,0.11033,,,,,,,,
4/30/1985,0.11033,,,,,,,,
5/1/1985,0.16613,,,,,,,,
5/2/1985,0.16613,,,,,,,,
5/3/1985,0.16613,,,,,,,,
5/4/1985,0.16613,,,,,,,,
5/5/1985,0.16613,,,,,,,,
5/6/1985,0.16613,,,,,,,,
5/7/1985,0.16613,,,,,,,,
5/8/1985,0.16613,,,,,,,,
5/9/1985,0.16613,,,,,,,,
5/10/1985,0.16613,,,,,,,,
5/11/1985,0.16613,,,,,,,,
5/12/1985,0.16613,,,,,,,,
5/13/1985,0.16613,,,,,,,,
5/14/1985,0.16613,,,,,,,,
5/15/1985,0.16613,,,,,,,,
5/16/1985,0.16613,,,,,,,,
5/17/1985,0.16613,,,,,,,,
5/18/1985,0.16613,,,,,,,,
5/19/1985,0.16613,,,,,,,,
5/20/1985,0.16613,,,,,,,,
5/21/1985,0.16613,,,,,,,,
5/22/1985,0.16613,,,,,,,,
5/23/1985,0.16613,,,,,,,,
5/24/1985,0.16613,,,,,,,,
5/25/1985,0.16613,,,,,,,,
5/26/1985,0.16613,,,,,,,,
5/27/1985,0.16613,,,,,,,,
5/28/1985,0.16613,,,,,,,,
5/29/1985,0.16613,,,,,,,,
5/30/1985,0.16613,,,,,,,,
5/31/1985,0.16613,,,,,,,,
6/1/1985,0.20033,,,,,,,,
6/2/1985,0.20033,,,,,,,,
6/3/1985,0.20033,,,,,,,,
6/4/1985,0.20033,,,,,,,,
6/5/1985,0.20033,,,,,,,,
6/6/1985,0.20033,,,,,,,,
6/7/1985,0.20033,,,,,,,,
6/8/1985,0.20033,,,,,,,,
6/9/1985,0.20033,,,,,,,,
6/10/1985,0.20033,,,,,,,,
6/11/1985,0.20033,,,,,,,,
6/12/1985,0.20033,,,,,,,,
6/13/1985,0.20033,,,,,,,,
6/14/1985,0.20033,,,,,,,,
6/15/1985,0.20033,,,,,,,,
6/16/1985,0.20033,,,,,,,,
6/17/1985,0.20033,,,,,,,,
6/18/1985,0.20033,,,,,,,,
6/19/1985,0.20033,,,,,,,,
6/20/1985,0.20033,,,,,,,,
6/21/1985,0.20033,,,,,,,,
6/22/1985,0.20033,,,,,,,,
6/23/1985,0.20033,,,,,,,,
6/24/1985,0.20033,,,,,,,,
6/25/1985,0.20033,,,,,,,,
6/26/1985,0.20033,,,,,,,,
6/27/1985,0.20033,,,,,,,,
6/28/1985,0.20033,,,,,,,,
6/29/1985,0.20033,,,,,,,,
6/30/1985,0.20033,,,,,,,,
7/1/1985,0.23871,,,,,,,,
7/2/1985,0.23871,,,,,,,,
7/3/1985,0.23871,,,,,,,,
7/4/1985,0.23871,,,,,,,,
7/5/1985,0.23871,,,,,,,,
7/6/1985,0.23871,,,,,,,,
7/7/1985,0.23871,,,,,,,,
7/8/1985,0.23871,,,,,,,,
7/9/1985,0.23871,,,,,,,,
7/10/1985,0.23871,,,,,,,,
7/11/1985,0.23871,,,,,,,,
7/12/1985,0.23871,,,,,,,,
7/13/1985,0.23871,,,,,,,,
7/14/1985,0.23871,,,,,,,,
7/15/1985,0.23871,,,,,,,,
7/16/1985,0.23871,,,,,,,,
7/17/1985,0.23871,,,,,,,,
7/18/1985,0.23871,,,,,,,,
7/19/1985,0.23871,,,,,,,,
7/20/1985,0.23871,,,,,,,,
7/21/1985,0.23871,,,,,,,,
7/22/1985,0.23871,,,,,,,,
7/23/1985,0.23871,,,,,,,,
7/24/1985,0.23871,,,,,,,,
7/25/1985,0.23871,,,,,,,,
7/26/1985,0.23871,,,,,,,,
7/27/1985,0.23871,,,,,,,,
7/28/1985,0.23871,,,,,,,,
7/29/1985,0.23871,,,,,,,,
7/30/1985,0.23871,,,,,,,,
7/31/1985,0.23871,,,,,,,,
8/1/1985,0.21871,,,,,,,,
8/2/1985,0.21871,,,,,,,,
8/3/1985,0.21871,,,,,,,,
8/4/1985,0.21871,,,,,,,,
8/5/1985,0.21871,,,,,,,,
8/6/1985,0.21871,,,,,,,,
8/7/1985,0.21871,,,,,,,,
8/8/1985,0.21871,,,,,,,,
8/9/1985,0.21871,,,,,,,,
8/10/1985,0.21871,,,,,,,,
8/11/1985,0.21871,,,,,,,,
8/12/1985,0.21871,,,,,,,,
8/13/1985,0.21871,,,,,,,,
8/14/1985,0.21871,,,,,,,,
8/15/1985,0.21871,,,,,,,,
8/16/1985,0.21871,,,,,,,,
8/17/1985,0.21871,,,,,,,,
8/18/1985,0.21871,,,,,,,,
8/19/1985,0.21871,,,,,,,,
8/20/1985,0.21871,,,,,,,,
8/21/1985,0.21871,,,,,,,,
8/22/1985,0.21871,,,,,,,,
8/23/1985,0.21871,,,,,,,,
8/24/1985,0.21871,,,,,,,,
8/25/1985,0.21871,,,,,,,,
8/26/1985,0.21871,,,,,,,,
8/27/1985,0.21871,,,,,,,,
8/28/1985,0.21871,,,,,,,,
8/29/1985,0.21871,,,,,,,,
8/30/1985,0.21871,,,,,,,,
8/31/1985,0.21871,,,,,,,,
9/1/1985,0.156,,,,,,,,
9/2/1985,0.156,,,,,,,,
9/3/1985,0.156,,,,,,,,
9/4/1985,0.156,,,,,,,,
9/5/1985,0.156,,,,,,,,
9/6/1985,0.156,,,,,,,,
9/7/1985,0.156,,,,,,,,
9/8/1985,0.156,,,,,,,,
9/9/1985,0.156,,,,,,,,
9/10/1985,0.156,,,,,,,,
9/11/1985,0.156,,,,,,,,
9/12/1985,0.156,,,,,,,,
9/13/1985,0.156,,,,,,,,
9/14/1985,0.156,,,,,,,,
9/15/1985,0.156,,,,,,,,
9/16/1985,0.156,,,,,,,,
9/17/1985,0.156,,,,,,,,
9/18/1985,0.156,,,,,,,,
9/19/1985,0.156,,,,,,,,
9/20/1985,0.156,,,,,,,,
9/21/1985,0.156,,,,,,,,
9/22/1985,0.156,,,,,,,,
9/23/1985,0.156,,,,,,,,
9/24/1985,0.156,,,,,,,,
9/25/1985,0.156,,,,,,,,
9/26/1985,0.156,,,,,,,,
9/27/1985,0.156,,,,,,,,
9/28/1985,0.156,,,,,,,,
9/29/1985,0.156,,,,,,,,
9/30/1985,0.156,,,,,,,,
10/1/1985,0.0771,,,,,,,,
10/2/1985,0.0771,,,,,,,,
10/3/1985,0.0771,,,,,,,,
10/4/1985,0.0771,,,,,,,,
10/5/1985,0.0771,,,,,,,,
10/6/1985,0.0771,,,,,,,,
10/7/1985,0.0771,,,,,,,,
10/8/1985,0.0771,,,,,,,,
10/9/1985,0.0771,,,,,,,,
10/10/1985,0.0771,,,,,,,,
10/11/1985,0.0771,,,,,,,,
10/12/1985,0.0771,,,,,,,,
10/13/1985,0.0771,,,,,,,,
10/14/1985,0.0771,,,,,,,,
10/15/1985,0.0771,,,,,,,,
10/16/1985,0.0771,,,,,,,,
10/17/1985,0.0771,,,,,,,,
10/18/1985,0.0771,,,,,,,,
10/19/1985,0.0771,,,,,,,,
10/20/1985,0.0771,,,,,,,,
10/21/1985,0.0771,,,,,,,,
10/22/1985,0.0771,,,,,,,,
10/23/1985,0.0771,,,,,,,,
10/24/1985,0.0771,,,,,,,,
10/25/1985,0.0771,,,,,,,,
10/26/1985,0.0771,,,,,,,,
10/27/1985,0.0771,,,,,,,,
10/28/1985,0.0771,,,,,,,,
10/29/1985,0.0771,,,,,,,,
10/30/1985,0.0771,,,,,,,,
10/31/1985,0.0771,,,,,,,,
11/1/1985,0.035,,,,,,,,
11/2/1985,0.035,,,,,,,,
11/3/1985,0.035,,,,,,,,
11/4/1985,0.035,,,,,,,,
11/5/1985,0.035,,,,,,,,
11/6/1985,0.035,,,,,,,,
11/7/1985,0.035,,,,,,,,
11/8/1985,0.035,,,,,,,,
11/9/1985,0.035,,,,,,,,
11/10/1985,0.035,,,,,,,,
11/11/1985,0.035,,,,,,,,
11/12/1985,0.035,,,,,,,,
11/13/1985,0.035,,,,,,,,
11/14/1985,0.035,,,,,,,,
11/15/1985,0.035,,,,,,,,
11/16/1985,0.035,,,,,,,,
11/17/1985,0.035,,,,,,,,
11/18/1985,0.035,,,,,,,,
11/19/1985,0.035,,,,,,,,
11/20/1985,0.035,,,,,,,,
11/21/1985,0.035,,,,,,,,
11/22/1985,0.035,,,,,,,,
11/23/1985,0.035,,,,,,,,
11/24/1985,0.035,,,,,,,,
11/25/1985,0.035,,,,,,,,
11/26/1985,0.035,,,,,,,,
11/27/1985,0.035,,,,,,,,
11/28/1985,0.035,,,,,,,,
11/29/1985,0.035,,,,,,,,
11/30/1985,0.035,,,,,,,,
12/1/1985,0.01839,,,,,,,,
12/2/1985,0.01839,,,,,,,,
12/3/1985,0.01839,,,,,,,,
12/4/1985,0.01839,,,,,,,,
12/5/1985,0.01839,,,,,,,,
12/6/1985,0.01839,,,,,,,,
12/7/1985,0.01839,,,,,,,,
12/8/1985,0.01839,,,,,,,,
12/9/1985,0.01839,,,,,,,,
12/10/1985,0.01839,,,,,,,,
12/11/1985,0.01839,,,,,,,,
12/12/1985,0.01839,,,,,,,,
12/13/1985,0.01839,,,,,,,,
12/14/1985,0.01839,,,,,,,,
12/15/1985,0.01839,,,,,,,,
12/16/1985,0.01839,,,,,,,,
12/17/1985,0.01839,,,,,,,,
12/18/1985,0.01839,,,,,,,,
12/19/1985,0.01839,,,,,,,,
12/20/1985,0.01839,,,,,,,,
12/21/1985,0.01839,,,,,,,,
12/22/1985,0.01839,,,,,,,,
12/23/1985,0.01839,,,,,,,,
12/24/1985,0.01839,,,,,,,,
12/25/1985,0.01839,,,,,,,,
12/26/1985,0.01839,,,,,,,,
12/27/1985,0.01839,,,,,,,,
12/28/1985,0.01839,,,,,,,,
12/29/1985,0.01839,,,,,,,,
12/30/1985,0.01839,,,,,,,,
12/31/1985,0.01839,,,,,,,,
1/1/1986,0.02032,,,,,,,,
1/2/1986,0.02032,,,,,,,,
1/3/1986,0.02032,,,,,,,,
1/4/1986,0.02032,,,,,,,,
1/5/1986,0.02032,,,,,,,,
1/6/1986,0.02032,,,,,,,,
1/7/1986,0.02032,,,,,,,,
1/8/1986,0.02032,,,,,,,,
1/9/1986,0.02032,,,,,,,,
1/10/1986,0.02032,,,,,,,,
1/11/1986,0.02032,,,,,,,,
1/12/1986,0.02032,,,,,,,,
1/13/1986,0.02032,,,,,,,,
1/14/1986,0.02032,,,,,,,,
1/15/1986,0.02032,,,,,,,,
1/16/1986,0.02032,,,,,,,,
1/17/1986,0.02032,,,,,,,,
1/18/1986,0.02032,,,,,,,,
1/19/1986,0.02032,,,,,,,,
1/20/1986,0.02032,,,,,,,,
1/21/1986,0.02032,,,,,,,,
1/22/1986,0.02032,,,,,,,,
1/23/1986,0.02032,,,,,,,,
1/24/1986,0.02032,,,,,,,,
1/25/1986,0.02032,,,,,,,,
1/26/1986,0.02032,,,,,,,,
1/27/1986,0.02032,,,,,,,,
1/28/1986,0.02032,,,,,,,,
1/29/1986,0.02032,,,,,,,,
1/30/1986,0.02032,,,,,,,,
1/31/1986,0.02032,,,,,,,,
2/1/1986,0.04214,,,,,,,,
2/2/1986,0.04214,,,,,,,,
2/3/1986,0.04214,,,,,,,,
2/4/1986,0.04214,,,,,,,,
2/5/1986,0.04214,,,,,,,,
2/6/1986,0.04214,,,,,,,,
2/7/1986,0.04214,,,,,,,,
2/8/1986,0.04214,,,,,,,,
2/9/1986,0.04214,,,,,,,,
2/10/1986,0.04214,,,,,,,,
2/11/1986,0.04214,,,,,,,,
2/12/1986,0.04214,,,,,,,,
2/13/1986,0.04214,,,,,,,,
2/14/1986,0.04214,,,,,,,,
2/15/1986,0.04214,,,,,,,,
2/16/1986,0.04214,,,,,,,,
2/17/1986,0.04214,,,,,,,,
2/18/1986,0.04214,,,,,,,,
2/19/1986,0.04214,,,,,,,,
2/20/1986,0.04214,,,,,,,,
2/21/1986,0.04214,,,,,,,,
2/22/1986,0.04214,,,,,,,,
2/23/1986,0.04214,,,,,,,,
2/24/1986,0.04214,,,,,,,,
2/25/1986,0.04214,,,,,,,,
2/26/1986,0.04214,,,,,,,,
2/27/1986,0.04214,,,,,,,,
2/28/1986,0.04214,,,,,,,,
3/1/1986,0.07387,,,,,,,,
3/2/1986,0.07387,,,,,,,,
3/3/1986,0.07387,,,,,,,,
3/4/1986,0.07387,,,,,,,,
3/5/1986,0.07387,,,,,,,,
3/6/1986,0.07387,,,,,,,,
3/7/1986,0.07387,,,,,,,,
3/8/1986,0.07387,,,,,,,,
3/9/1986,0.07387,,,,,,,,
3/10/1986,0.07387,,,,,,,,
3/11/1986,0.07387,,,,,,,,
3/12/1986,0.07387,,,,,,,,
3/13/1986,0.07387,,,,,,,,
3/14/1986,0.07387,,,,,,,,
3/15/1986,0.07387,,,,,,,,
3/16/1986,0.07387,,,,,,,,
3/17/1986,0.07387,,,,,,,,
3/18/1986,0.07387,,,,,,,,
3/19/1986,0.07387,,,,,,,,
3/20/1986,0.07387,,,,,,,,
3/21/1986,0.07387,,,,,,,,
3/22/1986,0.07387,,,,,,,,
3/23/1986,0.07387,,,,,,,,
3/24/1986,0.07387,,,,,,,,
3/25/1986,0.07387,,,,,,,,
3/26/1986,0.07387,,,,,,,,
3/27/1986,0.07387,,,,,,,,
3/28/1986,0.07387,,,,,,,,
3/29/1986,0.07387,,,,,,,,
3/30/1986,0.07387,,,,,,,,
3/31/1986,0.07387,,,,,,,,
4/1/1986,0.11033,,,,,,,,
4/2/1986,0.11033,,,,,,,,
4/3/1986,0.11033,,,,,,,,
4/4/1986,0.11033,,,,,,,,
4/5/1986,0.11033,,,,,,,,
4/6/1986,0.11033,,,,,,,,
4/7/1986,0.11033,,,,,,,,
4/8/1986,0.11033,,,,,,,,
4/9/1986,0.11033,,,,,,,,
4/10/1986,0.11033,,,,,,,,
4/11/1986,0.11033,,,,,,,,
4/12/1986,0.11033,,,,,,,,
4/13/1986,0.11033,,,,,,,,
4/14/1986,0.11033,,,,,,,,
4/15/1986,0.11033,,,,,,,,
4/16/1986,0.11033,,,,,,,,
4/17/1986,0.11033,,,,,,,,
4/18/1986,0.11033,,,,,,,,
4/19/1986,0.11033,,,,,,,,
4/20/1986,0.11033,,,,,,,,
4/21/1986,0.11033,,,,,,,,
4/22/1986,0.11033,,,,,,,,
4/23/1986,0.11033,,,,,,,,
4/24/1986,0.11033,,,,,,,,
4/25/1986,0.11033,,,,,,,,
4/26/1986,0.11033,,,,,,,,
4/27/1986,0.11033,,,,,,,,
4/28/1986,0.11033,,,,,,,,
4/29/1986,0.11033,,,,,,,,
4/30/1986,0.11033,,,,,,,,
5/1/1986,0.16613,,,,,,,,
5/2/1986,0.16613,,,,,,,,
5/3/1986,0.16613,,,,,,,,
5/4/1986,0.16613,,,,,,,,
5/5/1986,0.16613,,,,,,,,
5/6/1986,0.16613,,,,,,,,
5/7/1986,0.16613,,,,,,,,
5/8/1986,0.16613,,,,,,,,
5/9/1986,0.16613,,,,,,,,
5/10/1986,0.16613,,,,,,,,
5/11/1986,0.16613,,,,,,,,
5/12/1986,0.16613,,,,,,,,
5/13/1986,0.16613,,,,,,,,
5/14/1986,0.16613,,,,,,,,
5/15/1986,0.16613,,,,,,,,
5/16/1986,0.16613,,,,,,,,
5/17/1986,0.16613,,,,,,,,
5/18/1986,0.16613,,,,,,,,
5/19/1986,0.16613,,,,,,,,
5/20/1986,0.16613,,,,,,,,
5/21/1986,0.16613,,,,,,,,
5/22/1986,0.16613,,,,,,,,
5/23/1986,0.16613,,,,,,,,
5/24/1986,0.16613,,,,,,,,
5/25/1986,0.16613,,,,,,,,
5/26/1986,0.16613,,,,,,,,
5/27/1986,0.16613,,,,,,,,
5/28/1986,0.16613,,,,,,,,
5/29/1986,0.16613,,,,,,,,
5/30/1986,0.16613,,,,,,,,
5/31/1986,0.16613,,,,,,,,
6/1/1986,0.20033,,,,,,,,
6/2/1986,0.20033,,,,,,,,
6/3/1986,0.20033,,,,,,,,
6/4/1986,0.20033,,,,,,,,
6/5/1986,0.20033,,,,,,,,
6/6/1986,0.20033,,,,,,,,
6/7/1986,0.20033,,,,,,,,
6/8/1986,0.20033,,,,,,,,
6/9/1986,0.20033,,,,,,,,
6/10/1986,0.20033,,,,,,,,
6/11/1986,0.20033,,,,,,,,
6/12/1986,0.20033,,,,,,,,
6/13/1986,0.20033,,,,,,,,
6/14/1986,0.20033,,,,,,,,
6/15/1986,0.20033,,,,,,,,
6/16/1986,0.20033,,,,,,,,
6/17/1986,0.20033,,,,,,,,
6/18/1986,0.20033,,,,,,,,
6/19/1986,0.20033,,,,,,,,
6/20/1986,0.20033,,,,,,,,
6/21/1986,0.20033,,,,,,,,
6/22/1986,0.20033,,,,,,,,
6/23/1986,0.20033,,,,,,,,
6/24/1986,0.20033,,,,,,,,
6/25/1986,0.20033,,,,,,,,
6/26/1986,0.20033,,,,,,,,
6/27/1986,0.20033,,,,,,,,
6/28/1986,0.20033,,,,,,,,
6/29/1986,0.20033,,,,,,,,
6/30/1986,0.20033,,,,,,,,
7/1/1986,0.23871,,,,,,,,
7/2/1986,0.23871,,,,,,,,
7/3/1986,0.23871,,,,,,,,
7/4/1986,0.23871,,,,,,,,
7/5/1986,0.23871,,,,,,,,
7/6/1986,0.23871,,,,,,,,
7/7/1986,0.23871,,,,,,,,
7/8/1986,0.23871,,,,,,,,
7/9/1986,0.23871,,,,,,,,
7/10/1986,0.23871,,,,,,,,
7/11/1986,0.23871,,,,,,,,
7/12/1986,0.23871,,,,,,,,
7/13/1986,0.23871,,,,,,,,
7/14/1986,0.23871,,,,,,,,
7/15/1986,0.23871,,,,,,,,
7/16/1986,0.23871,,,,,,,,
7/17/1986,0.23871,,,,,,,,
7/18/1986,0.23871,,,,,,,,
7/19/1986,0.23871,,,,,,,,
7/20/1986,0.23871,,,,,,,,
7/21/1986,0.23871,,,,,,,,
7/22/1986,0.23871,,,,,,,,
7/23/1986,0.23871,,,,,,,,
7/24/1986,0.23871,,,,,,,,
7/25/1986,0.23871,,,,,,,,
7/26/1986,0.23871,,,,,,,,
7/27/1986,0.23871,,,,,,,,
7/28/1986,0.23871,,,,,,,,
7/29/1986,0.23871,,,,,,,,
7/30/1986,0.23871,,,,,,,,
7/31/1986,0.23871,,,,,,,,
8/1/1986,0.21871,,,,,,,,
8/2/1986,0.21871,,,,,,,,
8/3/1986,0.21871,,,,,,,,
8/4/1986,0.21871,,,,,,,,
8/5/1986,0.21871,,,,,,,,
8/6/1986,0.21871,,,,,,,,
8/7/1986,0.21871,,,,,,,,
8/8/1986,0.21871,,,,,,,,
8/9/1986,0.21871,,,,,,,,
8/10/1986,0.21871,,,,,,,,
8/11/1986,0.21871,,,,,,,,
8/12/1986,0.21871,,,,,,,,
8/13/1986,0.21871,,,,,,,,
8/14/1986,0.21871,,,,,,,,
8/15/1986,0.21871,,,,,,,,
8/16/1986,0.21871,,,,,,,,
8/17/1986,0.21871,,,,,,,,
8/18/1986,0.21871,,,,,,,,
8/19/1986,0.21871,,,,,,,,
8/20/1986,0.21871,,,,,,,,
8/21/1986,0.21871,,,,,,,,
8/22/1986,0.21871,,,,,,,,
8/23/1986,0.21871,,,,,,,,
8/24/1986,0.21871,,,,,,,,
8/25/1986,0.21871,,,,,,,,
8/26/1986,0.21871,,,,,,,,
8/27/1986,0.21871,,,,,,,,
8/28/1986,0.21871,,,,,,,,
8/29/1986,0.21871,,,,,,,,
8/30/1986,0.21871,,,,,,,,
8/31/1986,0.21871,,,,,,,,
9/1/1986,0.156,,,,,,,,
9/2/1986,0.156,,,,,,,,
9/3/1986,0.156,,,,,,,,
9/4/1986,0.156,,,,,,,,
9/5/1986,0.156,,,,,,,,
9/6/1986,0.156,,,,,,,,
9/7/1986,0.156,,,,,,,,
9/8/1986,0.156,,,,,,,,
9/9/1986,0.156,,,,,,,,
9/10/1986,0.156,,,,,,,,
9/11/1986,0.156,,,,,,,,
9/12/1986,0.156,,,,,,,,
9/13/1986,0.156,,,,,,,,
9/14/1986,0.156,,,,,,,,
9/15/1986,0.156,,,,,,,,
9/16/1986,0.156,,,,,,,,
9/17/1986,0.156,,,,,,,,
9/18/1986,0.156,,,,,,,,
9/19/1986,0.156,,,,,,,,
9/20/1986,0.156,,,,,,,,
9/21/1986,0.156,,,,,,,,
9/22/1986,0.156,,,,,,,,
9/23/1986,0.156,,,,,,,,
9/24/1986,0.156,,,,,,,,
9/25/1986,0.156,,,,,,,,
9/26/1986,0.156,,,,,,,,
9/27/1986,0.156,,,,,,,,
9/28/1986,0.156,,,,,,,,
9/29/1986,0.156,,,,,,,,
9/30/1986,0.156,,,,,,,,
10/1/1986,0.0771,,,,,,,,
10/2/1986,0.0771,,,,,,,,
10/3/1986,0.0771,,,,,,,,
10/4/1986,0.0771,,,,,,,,
10/5/1986,0.0771,,,,,,,,
10/6/1986,0.0771,,,,,,,,
10/7/1986,0.0771,,,,,,,,
10/8/1986,0.0771,,,,,,,,
10/9/1986,0.0771,,,,,,,,
10/10/1986,0.0771,,,,,,,,
10/11/1986,0.0771,,,,,,,,
10/12/1986,0.0771,,,,,,,,
10/13/1986,0.0771,,,,,,,,
10/14/1986,0.0771,,,,,,,,
10/15/1986,0.0771,,,,,,,,
10/16/1986,0.0771,,,,,,,,
10/17/1986,0.0771,,,,,,,,
10/18/1986,0.0771,,,,,,,,
10/19/1986,0.0771,,,,,,,,
10/20/1986,0.0771,,,,,,,,
10/21/1986,0.0771,,,,,,,,
10/22/1986,0.0771,,,,,,,,
10/23/1986,0.0771,,,,,,,,
10/24/1986,0.0771,,,,,,,,
10/25/1986,0.0771,,,,,,,,
10/26/1986,0.0771,,,,,,,,
10/27/1986,0.0771,,,,,,,,
10/28/1986,0.0771,,,,,,,,
10/29/1986,0.0771,,,,,,,,
10/30/1986,0.0771,,,,,,,,
10/31/1986,0.0771,,,,,,,,
11/1/1986,0.035,,,,,,,,
11/2/1986,0.035,,,,,,,,
11/3/1986,0.035,,,,,,,,
11/4/1986,0.035,,,,,,,,
11/5/1986,0.035,,,,,,,,
11/6/1986,0.035,,,,,,,,
11/7/1986,0.035,,,,,,,,
11/8/1986,0.035,,,,,,,,
11/9/1986,0.035,,,,,,,,
11/10/1986,0.035,,,,,,,,
11/11/1986,0.035,,,,,,,,
11/12/1986,0.035,,,,,,,,
11/13/1986,0.035,,,,,,,,
11/14/1986,0.035,,,,,,,,
11/15/1986,0.035,,,,,,,,
11/16/1986,0.035,,,,,,,,
11/17/1986,0.035,,,,,,,,
11/18/1986,0.035,,,,,,,,
11/19/1986,0.035,,,,,,,,
11/20/1986,0.035,,,,,,,,
11/21/1986,0.035,,,,,,,,
11/22/1986,0.035,,,,,,,,
11/23/1986,0.035,,,,,,,,
11/24/1986,0.035,,,,,,,,
11/25/1986,0.035,,,,,,,,
11/26/1986,0.035,,,,,,,,
11/27/1986,0.035,,,,,,,,
11/28/1986,0.035,,,,,,,,
11/29/1986,0.035,,,,,,,,
11/30/1986,0.035,,,,,,,,
12/1/1986,0.01839,,,,,,,,
12/2/1986,0.01839,,,,,,,,
12/3/1986,0.01839,,,,,,,,
12/4/1986,0.01839,,,,,,,,
12/5/1986,0.01839,,,,,,,,
12/6/1986,0.01839,,,,,,,,
12/7/1986,0.01839,,,,,,,,
12/8/1986,0.01839,,,,,,,,
12/9/1986,0.01839,,,,,,,,
12/10/1986,0.01839,,,,,,,,
12/11/1986,0.01839,,,,,,,,
12/12/1986,0.01839,,,,,,,,
12/13/1986,0.01839,,,,,,,,
12/14/1986,0.01839,,,,,,,,
12/15/1986,0.01839,,,,,,,,
12/16/1986,0.01839,,,,,,,,
12/17/1986,0.01839,,,,,,,,
12/18/1986,0.01839,,,,,,,,
12/19/1986,0.01839,,,,,,,,
12/20/1986,0.01839,,,,,,,,
12/21/1986,0.01839,,,,,,,,
12/22/1986,0.01839,,,,,,,,
12/23/1986,0.01839,,,,,,,,
12/24/1986,0.01839,,,,,,,,
12/25/1986,0.01839,,,,,,,,
12/26/1986,0.01839,,,,,,,,
12/27/1986,0.01839,,,,,,,,
12/28/1986,0.01839,,,,,,,,
12/29/1986,0.01839,,,,,,,,
12/30/1986,0.01839,,,,,,,,
12/31/1986,0.01839,,,,,,,,
1/1/1987,0.02032,,,,,,,,
1/2/1987,0.02032,,,,,,,,
1/3/1987,0.02032,,,,,,,,
1/4/1987,0.02032,,,,,,,,
1/5/1987,0.02032,,,,,,,,
1/6/1987,0.02032,,,,,,,,
1/7/1987,0.02032,,,,,,,,
1/8/1987,0.02032,,,,,,,,
1/9/1987,0.02032,,,,,,,,
1/10/1987,0.02032,,,,,,,,
1/11/1987,0.02032,,,,,,,,
1/12/1987,0.02032,,,,,,,,
1/13/1987,0.02032,,,,,,,,
1/14/1987,0.02032,,,,,,,,
1/15/1987,0.02032,,,,,,,,
1/16/1987,0.02032,,,,,,,,
1/17/1987,0.02032,,,,,,,,
1/18/1987,0.02032,,,,,,,,
1/19/1987,0.02032,,,,,,,,
1/20/1987,0.02032,,,,,,,,
1/21/1987,0.02032,,,,,,,,
1/22/1987,0.02032,,,,,,,,
1/23/1987,0.02032,,,,,,,,
1/24/1987,0.02032,,,,,,,,
1/25/1987,0.02032,,,,,,,,
1/26/1987,0.02032,,,,,,,,
1/27/1987,0.02032,,,,,,,,
1/28/1987,0.02032,,,,,,,,
1/29/1987,0.02032,,,,,,,,
1/30/1987,0.02032,,,,,,,,
1/31/1987,0.02032,,,,,,,,
2/1/1987,0.04214,,,,,,,,
2/2/1987,0.04214,,,,,,,,
2/3/1987,0.04214,,,,,,,,
2/4/1987,0.04214,,,,,,,,
2/5/1987,0.04214,,,,,,,,
2/6/1987,0.04214,,,,,,,,
2/7/1987,0.04214,,,,,,,,
2/8/1987,0.04214,,,,,,,,
2/9/1987,0.04214,,,,,,,,
2/10/1987,0.04214,,,,,,,,
2/11/1987,0.04214,,,,,,,,
2/12/1987,0.04214,,,,,,,,
2/13/1987,0.04214,,,,,,,,
2/14/1987,0.04214,,,,,,,,
2/15/1987,0.04214,,,,,,,,
2/16/1987,0.04214,,,,,,,,
2/17/1987,0.04214,,,,,,,,
2/18/1987,0.04214,,,,,,,,
2/19/1987,0.04214,,,,,,,,
2/20/1987,0.04214,,,,,,,,
2/21/1987,0.04214,,,,,,,,
2/22/1987,0.04214,,,,,,,,
2/23/1987,0.04214,,,,,,,,
2/24/1987,0.04214,,,,,,,,
2/25/1987,0.04214,,,,,,,,
2/26/1987,0.04214,,,,,,,,
2/27/1987,0.04214,,,,,,,,
2/28/1987,0.04214,,,,,,,,
3/1/1987,0.07387,,,,,,,,
3/2/1987,0.07387,,,,,,,,
3/3/1987,0.07387,,,,,,,,
3/4/1987,0.07387,,,,,,,,
3/5/1987,0.07387,,,,,,,,
3/6/1987,0.07387,,,,,,,,
3/7/1987,0.07387,,,,,,,,
3/8/1987,0.07387,,,,,,,,
3/9/1987,0.07387,,,,,,,,
3/10/1987,0.07387,,,,,,,,
3/11/1987,0.07387,,,,,,,,
3/12/1987,0.07387,,,,,,,,
3/13/1987,0.07387,,,,,,,,
3/14/1987,0.07387,,,,,,,,
3/15/1987,0.07387,,,,,,,,
3/16/1987,0.07387,,,,,,,,
3/17/1987,0.07387,,,,,,,,
3/18/1987,0.07387,,,,,,,,
3/19/1987,0.07387,,,,,,,,
3/20/1987,0.07387,,,,,,,,
3/21/1987,0.07387,,,,,,,,
3/22/1987,0.07387,,,,,,,,
3/23/1987,0.07387,,,,,,,,
3/24/1987,0.07387,,,,,,,,
3/25/1987,0.07387,,,,,,,,
3/26/1987,0.07387,,,,,,,,
3/27/1987,0.07387,,,,,,,,
3/28/1987,0.07387,,,,,,,,
3/29/1987,0.07387,,,,,,,,
3/30/1987,0.07387,,,,,,,,
3/31/1987,0.07387,,,,,,,,
4/1/1987,0.11033,,,,,,,,
4/2/1987,0.11033,,,,,,,,
4/3/1987,0.11033,,,,,,,,
4/4/1987,0.11033,,,,,,,,
4/5/1987,0.11033,,,,,,,,
4/6/1987,0.11033,,,,,,,,
4/7/1987,0.11033,,,,,,,,
4/8/1987,0.11033,,,,,,,,
4/9/1987,0.11033,,,,,,,,
4/10/1987,0.11033,,,,,,,,
4/11/1987,0.11033,,,,,,,,
4/12/1987,0.11033,,,,,,,,
4/13/1987,0.11033,,,,,,,,
4/14/1987,0.11033,,,,,,,,
4/15/1987,0.11033,,,,,,,,
4/16/1987,0.11033,,,,,,,,
4/17/1987,0.11033,,,,,,,,
4/18/1987,0.11033,,,,,,,,
4/19/1987,0.11033,,,,,,,,
4/20/1987,0.11033,,,,,,,,
4/21/1987,0.11033,,,,,,,,
4/22/1987,0.11033,,,,,,,,
4/23/1987,0.11033,,,,,,,,
4/24/1987,0.11033,,,,,,,,
4/25/1987,0.11033,,,,,,,,
4/26/1987,0.11033,,,,,,,,
4/27/1987,0.11033,,,,,,,,
4/28/1987,0.11033,,,,,,,,
4/29/1987,0.11033,,,,,,,,
4/30/1987,0.11033,,,,,,,,
5/1/1987,0.16613,,,,,,,,
5/2/1987,0.16613,,,,,,,,
5/3/1987,0.16613,,,,,,,,
5/4/1987,0.16613,,,,,,,,
5/5/1987,0.16613,,,,,,,,
5/6/1987,0.16613,,,,,,,,
5/7/1987,0.16613,,,,,,,,
5/8/1987,0.16613,,,,,,,,
5/9/1987,0.16613,,,,,,,,
5/10/1987,0.16613,,,,,,,,
5/11/1987,0.16613,,,,,,,,
5/12/1987,0.16613,,,,,,,,
5/13/1987,0.16613,,,,,,,,
5/14/1987,0.16613,,,,,,,,
5/15/1987,0.16613,,,,,,,,
5/16/1987,0.16613,,,,,,,,
5/17/1987,0.16613,,,,,,,,
5/18/1987,0.16613,,,,,,,,
5/19/1987,0.16613,,,,,,,,
5/20/1987,0.16613,,,,,,,,
5/21/1987,0.16613,,,,,,,,
5/22/1987,0.16613,,,,,,,,
5/23/1987,0.16613,,,,,,,,
5/24/1987,0.16613,,,,,,,,
5/25/1987,0.16613,,,,,,,,
5/26/1987,0.16613,,,,,,,,
5/27/1987,0.16613,,,,,,,,
5/28/1987,0.16613,,,,,,,,
5/29/1987,0.16613,,,,,,,,
5/30/1987,0.16613,,,,,,,,
5/31/1987,0.16613,,,,,,,,
6/1/1987,0.20033,,,,,,,,
6/2/1987,0.20033,,,,,,,,
6/3/1987,0.20033,,,,,,,,
6/4/1987,0.20033,,,,,,,,
6/5/1987,0.20033,,,,,,,,
6/6/1987,0.20033,,,,,,,,
6/7/1987,0.20033,,,,,,,,
6/8/1987,0.20033,,,,,,,,
6/9/1987,0.20033,,,,,,,,
6/10/1987,0.20033,,,,,,,,
6/11/1987,0.20033,,,,,,,,
6/12/1987,0.20033,,,,,,,,
6/13/1987,0.20033,,,,,,,,
6/14/1987,0.20033,,,,,,,,
6/15/1987,0.20033,,,,,,,,
6/16/1987,0.20033,,,,,,,,
6/17/1987,0.20033,,,,,,,,
6/18/1987,0.20033,,,,,,,,
6/19/1987,0.20033,,,,,,,,
6/20/1987,0.20033,,,,,,,,
6/21/1987,0.20033,,,,,,,,
6/22/1987,0.20033,,,,,,,,
6/23/1987,0.20033,,,,,,,,
6/24/1987,0.20033,,,,,,,,
6/25/1987,0.20033,,,,,,,,
6/26/1987,0.20033,,,,,,,,
6/27/1987,0.20033,,,,,,,,
6/28/1987,0.20033,,,,,,,,
6/29/1987,0.20033,,,,,,,,
6/30/1987,0.20033,,,,,,,,
7/1/1987,0.23871,,,,,,,,
7/2/1987,0.23871,,,,,,,,
7/3/1987,0.23871,,,,,,,,
7/4/1987,0.23871,,,,,,,,
7/5/1987,0.23871,,,,,,,,
7/6/1987,0.23871,,,,,,,,
7/7/1987,0.23871,,,,,,,,
7/8/1987,0.23871,,,,,,,,
7/9/1987,0.23871,,,,,,,,
7/10/1987,0.23871,,,,,,,,
7/11/1987,0.23871,,,,,,,,
7/12/1987,0.23871,,,,,,,,
7/13/1987,0.23871,,,,,,,,
7/14/1987,0.23871,,,,,,,,
7/15/1987,0.23871,,,,,,,,
7/16/1987,0.23871,,,,,,,,
7/17/1987,0.23871,,,,,,,,
7/18/1987,0.23871,,,,,,,,
7/19/1987,0.23871,,,,,,,,
7/20/1987,0.23871,,,,,,,,
7/21/1987,0.23871,,,,,,,,
7/22/1987,0.23871,,,,,,,,
7/23/1987,0.23871,,,,,,,,
7/24/1987,0.23871,,,,,,,,
7/25/1987,0.23871,,,,,,,,
7/26/1987,0.23871,,,,,,,,
7/27/1987,0.23871,,,,,,,,
7/28/1987,0.23871,,,,,,,,
7/29/1987,0.23871,,,,,,,,
7/30/1987,0.23871,,,,,,,,
7/31/1987,0.23871,,,,,,,,
8/1/1987,0.21871,,,,,,,,
8/2/1987,0.21871,,,,,,,,
8/3/1987,0.21871,,,,,,,,
8/4/1987,0.21871,,,,,,,,
8/5/1987,0.21871,,,,,,,,
8/6/1987,0.21871,,,,,,,,
8/7/1987,0.21871,,,,,,,,
8/8/1987,0.21871,,,,,,,,
8/9/1987,0.21871,,,,,,,,
8/10/1987,0.21871,,,,,,,,
8/11/1987,0.21871,,,,,,,,
8/12/1987,0.21871,,,,,,,,
8/13/1987,0.21871,,,,,,,,
8/14/1987,0.21871,,,,,,,,
8/15/1987,0.21871,,,,,,,,
8/16/1987,0.21871,,,,,,,,
8/17/1987,0.21871,,,,,,,,
8/18/1987,0.21871,,,,,,,,
8/19/1987,0.21871,,,,,,,,
8/20/1987,0.21871,,,,,,,,
8/21/1987,0.21871,,,,,,,,
8/22/1987,0.21871,,,,,,,,
8/23/1987,0.21871,,,,,,,,
8/24/1987,0.21871,,,,,,,,
8/25/1987,0.21871,,,,,,,,
8/26/1987,0.21871,,,,,,,,
8/27/1987,0.21871,,,,,,,,
8/28/1987,0.21871,,,,,,,,
8/29/1987,0.21871,,,,,,,,
8/30/1987,0.21871,,,,,,,,
8/31/1987,0.21871,,,,,,,,
9/1/1987,0.156,,,,,,,,
9/2/1987,0.156,,,,,,,,
9/3/1987,0.156,,,,,,,,
9/4/1987,0.156,,,,,,,,
9/5/1987,0.156,,,,,,,,
9/6/1987,0.156,,,,,,,,
9/7/1987,0.156,,,,,,,,
9/8/1987,0.156,,,,,,,,
9/9/1987,0.156,,,,,,,,
9/10/1987,0.156,,,,,,,,
9/11/1987,0.156,,,,,,,,
9/12/1987,0.156,,,,,,,,
9/13/1987,0.156,,,,,,,,
9/14/1987,0.156,,,,,,,,
9/15/1987,0.156,,,,,,,,
9/16/1987,0.156,,,,,,,,
9/17/1987,0.156,,,,,,,,
9/18/1987,0.156,,,,,,,,
9/19/1987,0.156,,,,,,,,
9/20/1987,0.156,,,,,,,,
9/21/1987,0.156,,,,,,,,
9/22/1987,0.156,,,,,,,,
9/23/1987,0.156,,,,,,,,
9/24/1987,0.156,,,,,,,,
9/25/1987,0.156,,,,,,,,
9/26/1987,0.156,,,,,,,,
9/27/1987,0.156,,,,,,,,
9/28/1987,0.156,,,,,,,,
9/29/1987,0.156,,,,,,,,
9/30/1987,0.156,,,,,,,,
10/1/1987,0.0771,,,,,,,,
10/2/1987,0.0771,,,,,,,,
10/3/1987,0.0771,,,,,,,,
10/4/1987,0.0771,,,,,,,,
10/5/1987,0.0771,,,,,,,,
10/6/1987,0.0771,,,,,,,,
10/7/1987,0.0771,,,,,,,,
10/8/1987,0.0771,,,,,,,,
10/9/1987,0.0771,,,,,,,,
10/10/1987,0.0771,,,,,,,,
10/11/1987,0.0771,,,,,,,,
10/12/1987,0.0771,,,,,,,,
10/13/1987,0.0771,,,,,,,,
10/14/1987,0.0771,,,,,,,,
10/15/1987,0.0771,,,,,,,,
10/16/1987,0.0771,,,,,,,,
10/17/1987,0.0771,,,,,,,,
10/18/1987,0.0771,,,,,,,,
10/19/1987,0.0771,,,,,,,,
10/20/1987,0.0771,,,,,,,,
10/21/1987,0.0771,,,,,,,,
10/22/1987,0.0771,,,,,,,,
10/23/1987,0.0771,,,,,,,,
10/24/1987,0.0771,,,,,,,,
10/25/1987,0.0771,,,,,,,,
10/26/1987,0.0771,,,,,,,,
10/27/1987,0.0771,,,,,,,,
10/28/1987,0.0771,,,,,,,,
10/29/1987,0.0771,,,,,,,,
10/30/1987,0.0771,,,,,,,,
10/31/1987,0.0771,,,,,,,,
11/1/1987,0.035,,,,,,,,
11/2/1987,0.035,,,,,,,,
11/3/1987,0.035,,,,,,,,
11/4/1987,0.035,,,,,,,,
11/5/1987,0.035,,,,,,,,
11/6/1987,0.035,,,,,,,,
11/7/1987,0.035,,,,,,,,
11/8/1987,0.035,,,,,,,,
11/9/1987,0.035,,,,,,,,
11/10/1987,0.035,,,,,,,,
11/11/1987,0.035,,,,,,,,
11/12/1987,0.035,,,,,,,,
11/13/1987,0.035,,,,,,,,
11/14/1987,0.035,,,,,,,,
11/15/1987,0.035,,,,,,,,
11/16/1987,0.035,,,,,,,,
11/17/1987,0.035,,,,,,,,
11/18/1987,0.035,,,,,,,,
11/19/1987,0.035,,,,,,,,
11/20/1987,0.035,,,,,,,,
11/21/1987,0.035,,,,,,,,
11/22/1987,0.035,,,,,,,,
11/23/1987,0.035,,,,,,,,
11/24/1987,0.035,,,,,,,,
11/25/1987,0.035,,,,,,,,
11/26/1987,0.035,,,,,,,,
11/27/1987,0.035,,,,,,,,
11/28/1987,0.035,,,,,,,,
11/29/1987,0.035,,,,,,,,
11/30/1987,0.035,,,,,,,,
12/1/1987,0.01839,,,,,,,,
12/2/1987,0.01839,,,,,,,,
12/3/1987,0.01839,,,,,,,,
12/4/1987,0.01839,,,,,,,,
12/5/1987,0.01839,,,,,,,,
12/6/1987,0.01839,,,,,,,,
12/7/1987,0.01839,,,,,,,,
12/8/1987,0.01839,,,,,,,,
12/9/1987,0.01839,,,,,,,,
12/10/1987,0.01839,,,,,,,,
12/11/1987,0.01839,,,,,,,,
12/12/1987,0.01839,,,,,,,,
12/13/1987,0.01839,,,,,,,,
12/14/1987,0.01839,,,,,,,,
12/15/1987,0.01839,,,,,,,,
12/16/1987,0.01839,,,,,,,,
12/17/1987,0.01839,,,,,,,,
12/18/1987,0.01839,,,,,,,,
12/19/1987,0.01839,,,,,,,,
12/20/1987,0.01839,,,,,,,,
12/21/1987,0.01839,,,,,,,,
12/22/1987,0.01839,,,,,,,,
12/23/1987,0.01839,,,,,,,,
12/24/1987,0.01839,,,,,,,,
12/25/1987,0.01839,,,,,,,,
12/26/1987,0.01839,,,,,,,,
12/27/1987,0.01839,,,,,,,,
12/28/1987,0.01839,,,,,,,,
12/29/1987,0.01839,,,,,,,,
12/30/1987,0.01839,,,,,,,,
12/31/1987,0.01839,,,,,,,,
1/1/1988,0.02032,,,,,,,,
1/2/1988,0.02032,,,,,,,,
1/3/1988,0.02032,,,,,,,,
1/4/1988,0.02032,,,,,,,,
1/5/1988,0.02032,,,,,,,,
1/6/1988,0.02032,,,,,,,,
1/7/1988,0.02032,,,,,,,,
1/8/1988,0.02032,,,,,,,,
1/9/1988,0.02032,,,,,,,,
1/10/1988,0.02032,,,,,,,,
1/11/1988,0.02032,,,,,,,,
1/12/1988,0.02032,,,,,,,,
1/13/1988,0.02032,,,,,,,,
1/14/1988,0.02032,,,,,,,,
1/15/1988,0.02032,,,,,,,,
1/16/1988,0.02032,,,,,,,,
1/17/1988,0.02032,,,,,,,,
1/18/1988,0.02032,,,,,,,,
1/19/1988,0.02032,,,,,,,,
1/20/1988,0.02032,,,,,,,,
1/21/1988,0.02032,,,,,,,,
1/22/1988,0.02032,,,,,,,,
1/23/1988,0.02032,,,,,,,,
1/24/1988,0.02032,,,,,,,,
1/25/1988,0.02032,,,,,,,,
1/26/1988,0.02032,,,,,,,,
1/27/1988,0.02032,,,,,,,,
1/28/1988,0.02032,,,,,,,,
1/29/1988,0.02032,,,,,,,,
1/30/1988,0.02032,,,,,,,,
1/31/1988,0.02032,,,,,,,,
2/1/1988,0.04214,,,,,,,,
2/2/1988,0.04214,,,,,,,,
2/3/1988,0.04214,,,,,,,,
2/4/1988,0.04214,,,,,,,,
2/5/1988,0.04214,,,,,,,,
2/6/1988,0.04214,,,,,,,,
2/7/1988,0.04214,,,,,,,,
2/8/1988,0.04214,,,,,,,,
2/9/1988,0.04214,,,,,,,,
2/10/1988,0.04214,,,,,,,,
2/11/1988,0.04214,,,,,,,,
2/12/1988,0.04214,,,,,,,,
2/13/1988,0.04214,,,,,,,,
2/14/1988,0.04214,,,,,,,,
2/15/1988,0.04214,,,,,,,,
2/16/1988,0.04214,,,,,,,,
2/17/1988,0.04214,,,,,,,,
2/18/1988,0.04214,,,,,,,,
2/19/1988,0.04214,,,,,,,,
2/20/1988,0.04214,,,,,,,,
2/21/1988,0.04214,,,,,,,,
2/22/1988,0.04214,,,,,,,,
2/23/1988,0.04214,,,,,,,,
2/24/1988,0.04214,,,,,,,,
2/25/1988,0.04214,,,,,,,,
2/26/1988,0.04214,,,,,,,,
2/27/1988,0.04214,,,,,,,,
2/28/1988,0.04214,,,,,,,,
2/29/1988,0.04214,,,,,,,,
3/1/1988,0.07387,,,,,,,,
3/2/1988,0.07387,,,,,,,,
3/3/1988,0.07387,,,,,,,,
3/4/1988,0.07387,,,,,,,,
3/5/1988,0.07387,,,,,,,,
3/6/1988,0.07387,,,,,,,,
3/7/1988,0.07387,,,,,,,,
3/8/1988,0.07387,,,,,,,,
3/9/1988,0.07387,,,,,,,,
3/10/1988,0.07387,,,,,,,,
3/11/1988,0.07387,,,,,,,,
3/12/1988,0.07387,,,,,,,,
3/13/1988,0.07387,,,,,,,,
3/14/1988,0.07387,,,,,,,,
3/15/1988,0.07387,,,,,,,,
3/16/1988,0.07387,,,,,,,,
3/17/1988,0.07387,,,,,,,,
3/18/1988,0.07387,,,,,,,,
3/19/1988,0.07387,,,,,,,,
3/20/1988,0.07387,,,,,,,,
3/21/1988,0.07387,,,,,,,,
3/22/1988,0.07387,,,,,,,,
3/23/1988,0.07387,,,,,,,,
3/24/1988,0.07387,,,,,,,,
3/25/1988,0.07387,,,,,,,,
3/26/1988,0.07387,,,,,,,,
3/27/1988,0.07387,,,,,,,,
3/28/1988,0.07387,,,,,,,,
3/29/1988,0.07387,,,,,,,,
3/30/1988,0.07387,,,,,,,,
3/31/1988,0.07387,,,,,,,,
4/1/1988,0.11033,,,,,,,,
4/2/1988,0.11033,,,,,,,,
4/3/1988,0.11033,,,,,,,,
4/4/1988,0.11033,,,,,,,,
4/5/1988,0.11033,,,,,,,,
4/6/1988,0.11033,,,,,,,,
4/7/1988,0.11033,,,,,,,,
4/8/1988,0.11033,,,,,,,,
4/9/1988,0.11033,,,,,,,,
4/10/1988,0.11033,,,,,,,,
4/11/1988,0.11033,,,,,,,,
4/12/1988,0.11033,,,,,,,,
4/13/1988,0.11033,,,,,,,,
4/14/1988,0.11033,,,,,,,,
4/15/1988,0.11033,,,,,,,,
4/16/1988,0.11033,,,,,,,,
4/17/1988,0.11033,,,,,,,,
4/18/1988,0.11033,,,,,,,,
4/19/1988,0.11033,,,,,,,,
4/20/1988,0.11033,,,,,,,,
4/21/1988,0.11033,,,,,,,,
4/22/1988,0.11033,,,,,,,,
4/23/1988,0.11033,,,,,,,,
4/24/1988,0.11033,,,,,,,,
4/25/1988,0.11033,,,,,,,,
4/26/1988,0.11033,,,,,,,,
4/27/1988,0.11033,,,,,,,,
4/28/1988,0.11033,,,,,,,,
4/29/1988,0.11033,,,,,,,,
4/30/1988,0.11033,,,,,,,,
5/1/1988,0.16613,,,,,,,,
5/2/1988,0.16613,,,,,,,,
5/3/1988,0.16613,,,,,,,,
5/4/1988,0.16613,,,,,,,,
5/5/1988,0.16613,,,,,,,,
5/6/1988,0.16613,,,,,,,,
5/7/1988,0.16613,,,,,,,,
5/8/1988,0.16613,,,,,,,,
5/9/1988,0.16613,,,,,,,,
5/10/1988,0.16613,,,,,,,,
5/11/1988,0.16613,,,,,,,,
5/12/1988,0.16613,,,,,,,,
5/13/1988,0.16613,,,,,,,,
5/14/1988,0.16613,,,,,,,,
5/15/1988,0.16613,,,,,,,,
5/16/1988,0.16613,,,,,,,,
5/17/1988,0.16613,,,,,,,,
5/18/1988,0.16613,,,,,,,,
5/19/1988,0.16613,,,,,,,,
5/20/1988,0.16613,,,,,,,,
5/21/1988,0.16613,,,,,,,,
5/22/1988,0.16613,,,,,,,,
5/23/1988,0.16613,,,,,,,,
5/24/1988,0.16613,,,,,,,,
5/25/1988,0.16613,,,,,,,,
5/26/1988,0.16613,,,,,,,,
5/27/1988,0.16613,,,,,,,,
5/28/1988,0.16613,,,,,,,,
5/29/1988,0.16613,,,,,,,,
5/30/1988,0.16613,,,,,,,,
5/31/1988,0.16613,,,,,,,,
6/1/1988,0.20033,,,,,,,,
6/2/1988,0.20033,,,,,,,,
6/3/1988,0.20033,,,,,,,,
6/4/1988,0.20033,,,,,,,,
6/5/1988,0.20033,,,,,,,,
6/6/1988,0.20033,,,,,,,,
6/7/1988,0.20033,,,,,,,,
6/8/1988,0.20033,,,,,,,,
6/9/1988,0.20033,,,,,,,,
6/10/1988,0.20033,,,,,,,,
6/11/1988,0.20033,,,,,,,,
6/12/1988,0.20033,,,,,,,,
6/13/1988,0.20033,,,,,,,,
6/14/1988,0.20033,,,,,,,,
6/15/1988,0.20033,,,,,,,,
6/16/1988,0.20033,,,,,,,,
6/17/1988,0.20033,,,,,,,,
6/18/1988,0.20033,,,,,,,,
6/19/1988,0.20033,,,,,,,,
6/20/1988,0.20033,,,,,,,,
6/21/1988,0.20033,,,,,,,,
6/22/1988,0.20033,,,,,,,,
6/23/1988,0.20033,,,,,,,,
6/24/1988,0.20033,,,,,,,,
6/25/1988,0.20033,,,,,,,,
6/26/1988,0.20033,,,,,,,,
6/27/1988,0.20033,,,,,,,,
6/28/1988,0.20033,,,,,,,,
6/29/1988,0.20033,,,,,,,,
6/30/1988,0.20033,,,,,,,,
7/1/1988,0.23871,,,,,,,,
7/2/1988,0.23871,,,,,,,,
7/3/1988,0.23871,,,,,,,,
7/4/1988,0.23871,,,,,,,,
7/5/1988,0.23871,,,,,,,,
7/6/1988,0.23871,,,,,,,,
7/7/1988,0.23871,,,,,,,,
7/8/1988,0.23871,,,,,,,,
7/9/1988,0.23871,,,,,,,,
7/10/1988,0.23871,,,,,,,,
7/11/1988,0.23871,,,,,,,,
7/12/1988,0.23871,,,,,,,,
7/13/1988,0.23871,,,,,,,,
7/14/1988,0.23871,,,,,,,,
7/15/1988,0.23871,,,,,,,,
7/16/1988,0.23871,,,,,,,,
7/17/1988,0.23871,,,,,,,,
7/18/1988,0.23871,,,,,,,,
7/19/1988,0.23871,,,,,,,,
7/20/1988,0.23871,,,,,,,,
7/21/1988,0.23871,,,,,,,,
7/22/1988,0.23871,,,,,,,,
7/23/1988,0.23871,,,,,,,,
7/24/1988,0.23871,,,,,,,,
7/25/1988,0.23871,,,,,,,,
7/26/1988,0.23871,,,,,,,,
7/27/1988,0.23871,,,,,,,,
7/28/1988,0.23871,,,,,,,,
7/29/1988,0.23871,,,,,,,,
7/30/1988,0.23871,,,,,,,,
7/31/1988,0.23871,,,,,,,,
8/1/1988,0.21871,,,,,,,,
8/2/1988,0.21871,,,,,,,,
8/3/1988,0.21871,,,,,,,,
8/4/1988,0.21871,,,,,,,,
8/5/1988,0.21871,,,,,,,,
8/6/1988,0.21871,,,,,,,,
8/7/1988,0.21871,,,,,,,,
8/8/1988,0.21871,,,,,,,,
8/9/1988,0.21871,,,,,,,,
8/10/1988,0.21871,,,,,,,,
8/11/1988,0.21871,,,,,,,,
8/12/1988,0.21871,,,,,,,,
8/13/1988,0.21871,,,,,,,,
8/14/1988,0.21871,,,,,,,,
8/15/1988,0.21871,,,,,,,,
8/16/1988,0.21871,,,,,,,,
8/17/1988,0.21871,,,,,,,,
8/18/1988,0.21871,,,,,,,,
8/19/1988,0.21871,,,,,,,,
8/20/1988,0.21871,,,,,,,,
8/21/1988,0.21871,,,,,,,,
8/22/1988,0.21871,,,,,,,,
8/23/1988,0.21871,,,,,,,,
8/24/1988,0.21871,,,,,,,,
8/25/1988,0.21871,,,,,,,,
8/26/1988,0.21871,,,,,,,,
8/27/1988,0.21871,,,,,,,,
8/28/1988,0.21871,,,,,,,,
8/29/1988,0.21871,,,,,,,,
8/30/1988,0.21871,,,,,,,,
8/31/1988,0.21871,,,,,,,,
9/1/1988,0.156,,,,,,,,
9/2/1988,0.156,,,,,,,,
9/3/1988,0.156,,,,,,,,
9/4/1988,0.156,,,,,,,,
9/5/1988,0.156,,,,,,,,
9/6/1988,0.156,,,,,,,,
9/7/1988,0.156,,,,,,,,
9/8/1988,0.156,,,,,,,,
9/9/1988,0.156,,,,,,,,
9/10/1988,0.156,,,,,,,,
9/11/1988,0.156,,,,,,,,
9/12/1988,0.156,,,,,,,,
9/13/1988,0.156,,,,,,,,
9/14/1988,0.156,,,,,,,,
9/15/1988,0.156,,,,,,,,
9/16/1988,0.156,,,,,,,,
9/17/1988,0.156,,,,,,,,
9/18/1988,0.156,,,,,,,,
9/19/1988,0.156,,,,,,,,
9/20/1988,0.156,,,,,,,,
9/21/1988,0.156,,,,,,,,
9/22/1988,0.156,,,,,,,,
9/23/1988,0.156,,,,,,,,
9/24/1988,0.156,,,,,,,,
9/25/1988,0.156,,,,,,,,
9/26/1988,0.156,,,,,,,,
9/27/1988,0.156,,,,,,,,
9/28/1988,0.156,,,,,,,,
9/29/1988,0.156,,,,,,,,
9/30/1988,0.156,,,,,,,,
10/1/1988,0.0771,,,,,,,,
10/2/1988,0.0771,,,,,,,,
10/3/1988,0.0771,,,,,,,,
10/4/1988,0.0771,,,,,,,,
10/5/1988,0.0771,,,,,,,,
10/6/1988,0.0771,,,,,,,,
10/7/1988,0.0771,,,,,,,,
10/8/1988,0.0771,,,,,,,,
10/9/1988,0.0771,,,,,,,,
10/10/1988,0.0771,,,,,,,,
10/11/1988,0.0771,,,,,,,,
10/12/1988,0.0771,,,,,,,,
10/13/1988,0.0771,,,,,,,,
10/14/1988,0.0771,,,,,,,,
10/15/1988,0.0771,,,,,,,,
10/16/1988,0.0771,,,,,,,,
10/17/1988,0.0771,,,,,,,,
10/18/1988,0.0771,,,,,,,,
10/19/1988,0.0771,,,,,,,,
10/20/1988,0.0771,,,,,,,,
10/21/1988,0.0771,,,,,,,,
10/22/1988,0.0771,,,,,,,,
10/23/1988,0.0771,,,,,,,,
10/24/1988,0.0771,,,,,,,,
10/25/1988,0.0771,,,,,,,,
10/26/1988,0.0771,,,,,,,,
10/27/1988,0.0771,,,,,,,,
10/28/1988,0.0771,,,,,,,,
10/29/1988,0.0771,,,,,,,,
10/30/1988,0.0771,,,,,,,,
10/31/1988,0.0771,,,,,,,,
11/1/1988,0.035,,,,,,,,
11/2/1988,0.035,,,,,,,,
11/3/1988,0.035,,,,,,,,
11/4/1988,0.035,,,,,,,,
11/5/1988,0.035,,,,,,,,
11/6/1988,0.035,,,,,,,,
11/7/1988,0.035,,,,,,,,
11/8/1988,0.035,,,,,,,,
11/9/1988,0.035,,,,,,,,
11/10/1988,0.035,,,,,,,,
11/11/1988,0.035,,,,,,,,
11/12/1988,0.035,,,,,,,,
11/13/1988,0.035,,,,,,,,
11/14/1988,0.035,,,,,,,,
11/15/1988,0.035,,,,,,,,
11/16/1988,0.035,,,,,,,,
11/17/1988,0.035,,,,,,,,
11/18/1988,0.035,,,,,,,,
11/19/1988,0.035,,,,,,,,
11/20/1988,0.035,,,,,,,,
11/21/1988,0.035,,,,,,,,
11/22/1988,0.035,,,,,,,,
11/23/1988,0.035,,,,,,,,
11/24/1988,0.035,,,,,,,,
11/25/1988,0.035,,,,,,,,
11/26/1988,0.035,,,,,,,,
11/27/1988,0.035,,,,,,,,
11/28/1988,0.035,,,,,,,,
11/29/1988,0.035,,,,,,,,
11/30/1988,0.035,,,,,,,,
12/1/1988,0.01839,,,,,,,,
12/2/1988,0.01839,,,,,,,,
12/3/1988,0.01839,,,,,,,,
12/4/1988,0.01839,,,,,,,,
12/5/1988,0.01839,,,,,,,,
12/6/1988,0.01839,,,,,,,,
12/7/1988,0.01839,,,,,,,,
12/8/1988,0.01839,,,,,,,,
12/9/1988,0.01839,,,,,,,,
12/10/1988,0.01839,,,,,,,,
12/11/1988,0.01839,,,,,,,,
12/12/1988,0.01839,,,,,,,,
12/13/1988,0.01839,,,,,,,,
12/14/1988,0.01839,,,,,,,,
12/15/1988,0.01839,,,,,,,,
12/16/1988,0.01839,,,,,,,,
12/17/1988,0.01839,,,,,,,,
12/18/1988,0.01839,,,,,,,,
12/19/1988,0.01839,,,,,,,,
12/20/1988,0.01839,,,,,,,,
12/21/1988,0.01839,,,,,,,,
12/22/1988,0.01839,,,,,,,,
12/23/1988,0.01839,,,,,,,,
12/24/1988,0.01839,,,,,,,,
12/25/1988,0.01839,,,,,,,,
12/26/1988,0.01839,,,,,,,,
12/27/1988,0.01839,,,,,,,,
12/28/1988,0.01839,,,,,,,,
12/29/1988,0.01839,,,,,,,,
12/30/1988,0.01839,,,,,,,,
12/31/1988,0.01839,,,,,,,,
1/1/1989,0.02032,,,,,,,,
1/2/1989,0.02032,,,,,,,,
1/3/1989,0.02032,,,,,,,,
1/4/1989,0.02032,,,,,,,,
1/5/1989,0.02032,,,,,,,,
1/6/1989,0.02032,,,,,,,,
1/7/1989,0.02032,,,,,,,,
1/8/1989,0.02032,,,,,,,,
1/9/1989,0.02032,,,,,,,,
1/10/1989,0.02032,,,,,,,,
1/11/1989,0.02032,,,,,,,,
1/12/1989,0.02032,,,,,,,,
1/13/1989,0.02032,,,,,,,,
1/14/1989,0.02032,,,,,,,,
1/15/1989,0.02032,,,,,,,,
1/16/1989,0.02032,,,,,,,,
1/17/1989,0.02032,,,,,,,,
1/18/1989,0.02032,,,,,,,,
1/19/1989,0.02032,,,,,,,,
1/20/1989,0.02032,,,,,,,,
1/21/1989,0.02032,,,,,,,,
1/22/1989,0.02032,,,,,,,,
1/23/1989,0.02032,,,,,,,,
1/24/1989,0.02032,,,,,,,,
1/25/1989,0.02032,,,,,,,,
1/26/1989,0.02032,,,,,,,,
1/27/1989,0.02032,,,,,,,,
1/28/1989,0.02032,,,,,,,,
1/29/1989,0.02032,,,,,,,,
1/30/1989,0.02032,,,,,,,,
1/31/1989,0.02032,,,,,,,,
2/1/1989,0.04214,,,,,,,,
2/2/1989,0.04214,,,,,,,,
2/3/1989,0.04214,,,,,,,,
2/4/1989,0.04214,,,,,,,,
2/5/1989,0.04214,,,,,,,,
2/6/1989,0.04214,,,,,,,,
2/7/1989,0.04214,,,,,,,,
2/8/1989,0.04214,,,,,,,,
2/9/1989,0.04214,,,,,,,,
2/10/1989,0.04214,,,,,,,,
2/11/1989,0.04214,,,,,,,,
2/12/1989,0.04214,,,,,,,,
2/13/1989,0.04214,,,,,,,,
2/14/1989,0.04214,,,,,,,,
2/15/1989,0.04214,,,,,,,,
2/16/1989,0.04214,,,,,,,,
2/17/1989,0.04214,,,,,,,,
2/18/1989,0.04214,,,,,,,,
2/19/1989,0.04214,,,,,,,,
2/20/1989,0.04214,,,,,,,,
2/21/1989,0.04214,,,,,,,,
2/22/1989,0.04214,,,,,,,,
2/23/1989,0.04214,,,,,,,,
2/24/1989,0.04214,,,,,,,,
2/25/1989,0.04214,,,,,,,,
2/26/1989,0.04214,,,,,,,,
2/27/1989,0.04214,,,,,,,,
2/28/1989,0.04214,,,,,,,,
3/1/1989,0.07387,,,,,,,,
3/2/1989,0.07387,,,,,,,,
3/3/1989,0.07387,,,,,,,,
3/4/1989,0.07387,,,,,,,,
3/5/1989,0.07387,,,,,,,,
3/6/1989,0.07387,,,,,,,,
3/7/1989,0.07387,,,,,,,,
3/8/1989,0.07387,,,,,,,,
3/9/1989,0.07387,,,,,,,,
3/10/1989,0.07387,,,,,,,,
3/11/1989,0.07387,,,,,,,,
3/12/1989,0.07387,,,,,,,,
3/13/1989,0.07387,,,,,,,,
3/14/1989,0.07387,,,,,,,,
3/15/1989,0.07387,,,,,,,,
3/16/1989,0.07387,,,,,,,,
3/17/1989,0.07387,,,,,,,,
3/18/1989,0.07387,,,,,,,,
3/19/1989,0.07387,,,,,,,,
3/20/1989,0.07387,,,,,,,,
3/21/1989,0.07387,,,,,,,,
3/22/1989,0.07387,,,,,,,,
3/23/1989,0.07387,,,,,,,,
3/24/1989,0.07387,,,,,,,,
3/25/1989,0.07387,,,,,,,,
3/26/1989,0.07387,,,,,,,,
3/27/1989,0.07387,,,,,,,,
3/28/1989,0.07387,,,,,,,,
3/29/1989,0.07387,,,,,,,,
3/30/1989,0.07387,,,,,,,,
3/31/1989,0.07387,,,,,,,,
4/1/1989,0.11033,,,,,,,,
4/2/1989,0.11033,,,,,,,,
4/3/1989,0.11033,,,,,,,,
4/4/1989,0.11033,,,,,,,,
4/5/1989,0.11033,,,,,,,,
4/6/1989,0.11033,,,,,,,,
4/7/1989,0.11033,,,,,,,,
4/8/1989,0.11033,,,,,,,,
4/9/1989,0.11033,,,,,,,,
4/10/1989,0.11033,,,,,,,,
4/11/1989,0.11033,,,,,,,,
4/12/1989,0.11033,,,,,,,,
4/13/1989,0.11033,,,,,,,,
4/14/1989,0.11033,,,,,,,,
4/15/1989,0.11033,,,,,,,,
4/16/1989,0.11033,,,,,,,,
4/17/1989,0.11033,,,,,,,,
4/18/1989,0.11033,,,,,,,,
4/19/1989,0.11033,,,,,,,,
4/20/1989,0.11033,,,,,,,,
4/21/1989,0.11033,,,,,,,,
4/22/1989,0.11033,,,,,,,,
4/23/1989,0.11033,,,,,,,,
4/24/1989,0.11033,,,,,,,,
4/25/1989,0.11033,,,,,,,,
4/26/1989,0.11033,,,,,,,,
4/27/1989,0.11033,,,,,,,,
4/28/1989,0.11033,,,,,,,,
4/29/1989,0.11033,,,,,,,,
4/30/1989,0.11033,,,,,,,,
5/1/1989,0.16613,,,,,,,,
5/2/1989,0.16613,,,,,,,,
5/3/1989,0.16613,,,,,,,,
5/4/1989,0.16613,,,,,,,,
5/5/1989,0.16613,,,,,,,,
5/6/1989,0.16613,,,,,,,,
5/7/1989,0.16613,,,,,,,,
5/8/1989,0.16613,,,,,,,,
5/9/1989,0.16613,,,,,,,,
5/10/1989,0.16613,,,,,,,,
5/11/1989,0.16613,,,,,,,,
5/12/1989,0.16613,,,,,,,,
5/13/1989,0.16613,,,,,,,,
5/14/1989,0.16613,,,,,,,,
5/15/1989,0.16613,,,,,,,,
5/16/1989,0.16613,,,,,,,,
5/17/1989,0.16613,,,,,,,,
5/18/1989,0.16613,,,,,,,,
5/19/1989,0.16613,,,,,,,,
5/20/1989,0.16613,,,,,,,,
5/21/1989,0.16613,,,,,,,,
5/22/1989,0.16613,,,,,,,,
5/23/1989,0.16613,,,,,,,,
5/24/1989,0.16613,,,,,,,,
5/25/1989,0.16613,,,,,,,,
5/26/1989,0.16613,,,,,,,,
5/27/1989,0.16613,,,,,,,,
5/28/1989,0.16613,,,,,,,,
5/29/1989,0.16613,,,,,,,,
5/30/1989,0.16613,,,,,,,,
5/31/1989,0.16613,,,,,,,,
6/1/1989,0.20033,,,,,,,,
6/2/1989,0.20033,,,,,,,,
6/3/1989,0.20033,,,,,,,,
6/4/1989,0.20033,,,,,,,,
6/5/1989,0.20033,,,,,,,,
6/6/1989,0.20033,,,,,,,,
6/7/1989,0.20033,,,,,,,,
6/8/1989,0.20033,,,,,,,,
6/9/1989,0.20033,,,,,,,,
6/10/1989,0.20033,,,,,,,,
6/11/1989,0.20033,,,,,,,,
6/12/1989,0.20033,,,,,,,,
6/13/1989,0.20033,,,,,,,,
6/14/1989,0.20033,,,,,,,,
6/15/1989,0.20033,,,,,,,,
6/16/1989,0.20033,,,,,,,,
6/17/1989,0.20033,,,,,,,,
6/18/1989,0.20033,,,,,,,,
6/19/1989,0.20033,,,,,,,,
6/20/1989,0.20033,,,,,,,,
6/21/1989,0.20033,,,,,,,,
6/22/1989,0.20033,,,,,,,,
6/23/1989,0.20033,,,,,,,,
6/24/1989,0.20033,,,,,,,,
6/25/1989,0.20033,,,,,,,,
6/26/1989,0.20033,,,,,,,,
6/27/1989,0.20033,,,,,,,,
6/28/1989,0.20033,,,,,,,,
6/29/1989,0.20033,,,,,,,,
6/30/1989,0.20033,,,,,,,,
7/1/1989,0.23871,,,,,,,,
7/2/1989,0.23871,,,,,,,,
7/3/1989,0.23871,,,,,,,,
7/4/1989,0.23871,,,,,,,,
7/5/1989,0.23871,,,,,,,,
7/6/1989,0.23871,,,,,,,,
7/7/1989,0.23871,,,,,,,,
7/8/1989,0.23871,,,,,,,,
7/9/1989,0.23871,,,,,,,,
7/10/1989,0.23871,,,,,,,,
7/11/1989,0.23871,,,,,,,,
7/12/1989,0.23871,,,,,,,,
7/13/1989,0.23871,,,,,,,,
7/14/1989,0.23871,,,,,,,,
7/15/1989,0.23871,,,,,,,,
7/16/1989,0.23871,,,,,,,,
7/17/1989,0.23871,,,,,,,,
7/18/1989,0.23871,,,,,,,,
7/19/1989,0.23871,,,,,,,,
7/20/1989,0.23871,,,,,,,,
7/21/1989,0.23871,,,,,,,,
7/22/1989,0.23871,,,,,,,,
7/23/1989,0.23871,,,,,,,,
7/24/1989,0.23871,,,,,,,,
7/25/1989,0.23871,,,,,,,,
7/26/1989,0.23871,,,,,,,,
7/27/1989,0.23871,,,,,,,,
7/28/1989,0.23871,,,,,,,,
7/29/1989,0.23871,,,,,,,,
7/30/1989,0.23871,,,,,,,,
7/31/1989,0.23871,,,,,,,,
8/1/1989,0.21871,,,,,,,,
8/2/1989,0.21871,,,,,,,,
8/3/1989,0.21871,,,,,,,,
8/4/1989,0.21871,,,,,,,,
8/5/1989,0.21871,,,,,,,,
8/6/1989,0.21871,,,,,,,,
8/7/1989,0.21871,,,,,,,,
8/8/1989,0.21871,,,,,,,,
8/9/1989,0.21871,,,,,,,,
8/10/1989,0.21871,,,,,,,,
8/11/1989,0.21871,,,,,,,,
8/12/1989,0.21871,,,,,,,,
8/13/1989,0.21871,,,,,,,,
8/14/1989,0.21871,,,,,,,,
8/15/1989,0.21871,,,,,,,,
8/16/1989,0.21871,,,,,,,,
8/17/1989,0.21871,,,,,,,,
8/18/1989,0.21871,,,,,,,,
8/19/1989,0.21871,,,,,,,,
8/20/1989,0.21871,,,,,,,,
8/21/1989,0.21871,,,,,,,,
8/22/1989,0.21871,,,,,,,,
8/23/1989,0.21871,,,,,,,,
8/24/1989,0.21871,,,,,,,,
8/25/1989,0.21871,,,,,,,,
8/26/1989,0.21871,,,,,,,,
8/27/1989,0.21871,,,,,,,,
8/28/1989,0.21871,,,,,,,,
8/29/1989,0.21871,,,,,,,,
8/30/1989,0.21871,,,,,,,,
8/31/1989,0.21871,,,,,,,,
9/1/1989,0.156,,,,,,,,
9/2/1989,0.156,,,,,,,,
9/3/1989,0.156,,,,,,,,
9/4/1989,0.156,,,,,,,,
9/5/1989,0.156,,,,,,,,
9/6/1989,0.156,,,,,,,,
9/7/1989,0.156,,,,,,,,
9/8/1989,0.156,,,,,,,,
9/9/1989,0.156,,,,,,,,
9/10/1989,0.156,,,,,,,,
9/11/1989,0.156,,,,,,,,
9/12/1989,0.156,,,,,,,,
9/13/1989,0.156,,,,,,,,
9/14/1989,0.156,,,,,,,,
9/15/1989,0.156,,,,,,,,
9/16/1989,0.156,,,,,,,,
9/17/1989,0.156,,,,,,,,
9/18/1989,0.156,,,,,,,,
9/19/1989,0.156,,,,,,,,
9/20/1989,0.156,,,,,,,,
9/21/1989,0.156,,,,,,,,
9/22/1989,0.156,,,,,,,,
9/23/1989,0.156,,,,,,,,
9/24/1989,0.156,,,,,,,,
9/25/1989,0.156,,,,,,,,
9/26/1989,0.156,,,,,,,,
9/27/1989,0.156,,,,,,,,
9/28/1989,0.156,,,,,,,,
9/29/1989,0.156,,,,,,,,
9/30/1989,0.156,,,,,,,,
10/1/1989,0.0771,,,,,,,,
10/2/1989,0.0771,,,,,,,,
10/3/1989,0.0771,,,,,,,,
10/4/1989,0.0771,,,,,,,,
10/5/1989,0.0771,,,,,,,,
10/6/1989,0.0771,,,,,,,,
10/7/1989,0.0771,,,,,,,,
10/8/1989,0.0771,,,,,,,,
10/9/1989,0.0771,,,,,,,,
10/10/1989,0.0771,,,,,,,,
10/11/1989,0.0771,,,,,,,,
10/12/1989,0.0771,,,,,,,,
10/13/1989,0.0771,,,,,,,,
10/14/1989,0.0771,,,,,,,,
10/15/1989,0.0771,,,,,,,,
10/16/1989,0.0771,,,,,,,,
10/17/1989,0.0771,,,,,,,,
10/18/1989,0.0771,,,,,,,,
10/19/1989,0.0771,,,,,,,,
10/20/1989,0.0771,,,,,,,,
10/21/1989,0.0771,,,,,,,,
10/22/1989,0.0771,,,,,,,,
10/23/1989,0.0771,,,,,,,,
10/24/1989,0.0771,,,,,,,,
10/25/1989,0.0771,,,,,,,,
10/26/1989,0.0771,,,,,,,,
10/27/1989,0.0771,,,,,,,,
10/28/1989,0.0771,,,,,,,,
10/29/1989,0.0771,,,,,,,,
10/30/1989,0.0771,,,,,,,,
10/31/1989,0.0771,,,,,,,,
11/1/1989,0.035,,,,,,,,
11/2/1989,0.035,,,,,,,,
11/3/1989,0.035,,,,,,,,
11/4/1989,0.035,,,,,,,,
11/5/1989,0.035,,,,,,,,
11/6/1989,0.035,,,,,,,,
11/7/1989,0.035,,,,,,,,
11/8/1989,0.035,,,,,,,,
11/9/1989,0.035,,,,,,,,
11/10/1989,0.035,,,,,,,,
11/11/1989,0.035,,,,,,,,
11/12/1989,0.035,,,,,,,,
11/13/1989,0.035,,,,,,,,
11/14/1989,0.035,,,,,,,,
11/15/1989,0.035,,,,,,,,
11/16/1989,0.035,,,,,,,,
11/17/1989,0.035,,,,,,,,
11/18/1989,0.035,,,,,,,,
11/19/1989,0.035,,,,,,,,
11/20/1989,0.035,,,,,,,,
11/21/1989,0.035,,,,,,,,
11/22/1989,0.035,,,,,,,,
11/23/1989,0.035,,,,,,,,
11/24/1989,0.035,,,,,,,,
11/25/1989,0.035,,,,,,,,
11/26/1989,0.035,,,,,,,,
11/27/1989,0.035,,,,,,,,
11/28/1989,0.035,,,,,,,,
11/29/1989,0.035,,,,,,,,
11/30/1989,0.035,,,,,,,,
12/1/1989,0.01839,,,,,,,,
12/2/1989,0.01839,,,,,,,,
12/3/1989,0.01839,,,,,,,,
12/4/1989,0.01839,,,,,,,,
12/5/1989,0.01839,,,,,,,,
12/6/1989,0.01839,,,,,,,,
12/7/1989,0.01839,,,,,,,,
12/8/1989,0.01839,,,,,,,,
12/9/1989,0.01839,,,,,,,,
12/10/1989,0.01839,,,,,,,,
12/11/1989,0.01839,,,,,,,,
12/12/1989,0.01839,,,,,,,,
12/13/1989,0.01839,,,,,,,,
12/14/1989,0.01839,,,,,,,,
12/15/1989,0.01839,,,,,,,,
12/16/1989,0.01839,,,,,,,,
12/17/1989,0.01839,,,,,,,,
12/18/1989,0.01839,,,,,,,,
12/19/1989,0.01839,,,,,,,,
12/20/1989,0.01839,,,,,,,,
12/21/1989,0.01839,,,,,,,,
12/22/1989,0.01839,,,,,,,,
12/23/1989,0.01839,,,,,,,,
12/24/1989,0.01839,,,,,,,,
12/25/1989,0.01839,,,,,,,,
12/26/1989,0.01839,,,,,,,,
12/27/1989,0.01839,,,,,,,,
12/28/1989,0.01839,,,,,,,,
12/29/1989,0.01839,,,,,,,,
12/30/1989,0.01839,,,,,,,,
12/31/1989,0.01839,,,,,,,,
1/1/1990,0.02032,,,,,,,,
1/2/1990,0.02032,,,,,,,,
1/3/1990,0.02032,,,,,,,,
1/4/1990,0.02032,,,,,,,,
1/5/1990,0.02032,,,,,,,,
1/6/1990,0.02032,,,,,,,,
1/7/1990,0.02032,,,,,,,,
1/8/1990,0.02032,,,,,,,,
1/9/1990,0.02032,,,,,,,,
1/10/1990,0.02032,,,,,,,,
1/11/1990,0.02032,,,,,,,,
1/12/1990,0.02032,,,,,,,,
1/13/1990,0.02032,,,,,,,,
1/14/1990,0.02032,,,,,,,,
1/15/1990,0.02032,,,,,,,,
1/16/1990,0.02032,,,,,,,,
1/17/1990,0.02032,,,,,,,,
1/18/1990,0.02032,,,,,,,,
1/19/1990,0.02032,,,,,,,,
1/20/1990,0.02032,,,,,,,,
1/21/1990,0.02032,,,,,,,,
1/22/1990,0.02032,,,,,,,,
1/23/1990,0.02032,,,,,,,,
1/24/1990,0.02032,,,,,,,,
1/25/1990,0.02032,,,,,,,,
1/26/1990,0.02032,,,,,,,,
1/27/1990,0.02032,,,,,,,,
1/28/1990,0.02032,,,,,,,,
1/29/1990,0.02032,,,,,,,,
1/30/1990,0.02032,,,,,,,,
1/31/1990,0.02032,,,,,,,,
2/1/1990,0.04214,,,,,,,,
2/2/1990,0.04214,,,,,,,,
2/3/1990,0.04214,,,,,,,,
2/4/1990,0.04214,,,,,,,,
2/5/1990,0.04214,,,,,,,,
2/6/1990,0.04214,,,,,,,,
2/7/1990,0.04214,,,,,,,,
2/8/1990,0.04214,,,,,,,,
2/9/1990,0.04214,,,,,,,,
2/10/1990,0.04214,,,,,,,,
2/11/1990,0.04214,,,,,,,,
2/12/1990,0.04214,,,,,,,,
2/13/1990,0.04214,,,,,,,,
2/14/1990,0.04214,,,,,,,,
2/15/1990,0.04214,,,,,,,,
2/16/1990,0.04214,,,,,,,,
2/17/1990,0.04214,,,,,,,,
2/18/1990,0.04214,,,,,,,,
2/19/1990,0.04214,,,,,,,,
2/20/1990,0.04214,,,,,,,,
2/21/1990,0.04214,,,,,,,,
2/22/1990,0.04214,,,,,,,,
2/23/1990,0.04214,,,,,,,,
2/24/1990,0.04214,,,,,,,,
2/25/1990,0.04214,,,,,,,,
2/26/1990,0.04214,,,,,,,,
2/27/1990,0.04214,,,,,,,,
2/28/1990,0.04214,,,,,,,,
3/1/1990,0.07387,,,,,,,,
3/2/1990,0.07387,,,,,,,,
3/3/1990,0.07387,,,,,,,,
3/4/1990,0.07387,,,,,,,,
3/5/1990,0.07387,,,,,,,,
3/6/1990,0.07387,,,,,,,,
3/7/1990,0.07387,,,,,,,,
3/8/1990,0.07387,,,,,,,,
3/9/1990,0.07387,,,,,,,,
3/10/1990,0.07387,,,,,,,,
3/11/1990,0.07387,,,,,,,,
3/12/1990,0.07387,,,,,,,,
3/13/1990,0.07387,,,,,,,,
3/14/1990,0.07387,,,,,,,,
3/15/1990,0.07387,,,,,,,,
3/16/1990,0.07387,,,,,,,,
3/17/1990,0.07387,,,,,,,,
3/18/1990,0.07387,,,,,,,,
3/19/1990,0.07387,,,,,,,,
3/20/1990,0.07387,,,,,,,,
3/21/1990,0.07387,,,,,,,,
3/22/1990,0.07387,,,,,,,,
3/23/1990,0.07387,,,,,,,,
3/24/1990,0.07387,,,,,,,,
3/25/1990,0.07387,,,,,,,,
3/26/1990,0.07387,,,,,,,,
3/27/1990,0.07387,,,,,,,,
3/28/1990,0.07387,,,,,,,,
3/29/1990,0.07387,,,,,,,,
3/30/1990,0.07387,,,,,,,,
3/31/1990,0.07387,,,,,,,,
4/1/1990,0.11033,,,,,,,,
4/2/1990,0.11033,,,,,,,,
4/3/1990,0.11033,,,,,,,,
4/4/1990,0.11033,,,,,,,,
4/5/1990,0.11033,,,,,,,,
4/6/1990,0.11033,,,,,,,,
4/7/1990,0.11033,,,,,,,,
4/8/1990,0.11033,,,,,,,,
4/9/1990,0.11033,,,,,,,,
4/10/1990,0.11033,,,,,,,,
4/11/1990,0.11033,,,,,,,,
4/12/1990,0.11033,,,,,,,,
4/13/1990,0.11033,,,,,,,,
4/14/1990,0.11033,,,,,,,,
4/15/1990,0.11033,,,,,,,,
4/16/1990,0.11033,,,,,,,,
4/17/1990,0.11033,,,,,,,,
4/18/1990,0.11033,,,,,,,,
4/19/1990,0.11033,,,,,,,,
4/20/1990,0.11033,,,,,,,,
4/21/1990,0.11033,,,,,,,,
4/22/1990,0.11033,,,,,,,,
4/23/1990,0.11033,,,,,,,,
4/24/1990,0.11033,,,,,,,,
4/25/1990,0.11033,,,,,,,,
4/26/1990,0.11033,,,,,,,,
4/27/1990,0.11033,,,,,,,,
4/28/1990,0.11033,,,,,,,,
4/29/1990,0.11033,,,,,,,,
4/30/1990,0.11033,,,,,,,,
5/1/1990,0.16613,,,,,,,,
5/2/1990,0.16613,,,,,,,,
5/3/1990,0.16613,,,,,,,,
5/4/1990,0.16613,,,,,,,,
5/5/1990,0.16613,,,,,,,,
5/6/1990,0.16613,,,,,,,,
5/7/1990,0.16613,,,,,,,,
5/8/1990,0.16613,,,,,,,,
5/9/1990,0.16613,,,,,,,,
5/10/1990,0.16613,,,,,,,,
5/11/1990,0.16613,,,,,,,,
5/12/1990,0.16613,,,,,,,,
5/13/1990,0.16613,,,,,,,,
5/14/1990,0.16613,,,,,,,,
5/15/1990,0.16613,,,,,,,,
5/16/1990,0.16613,,,,,,,,
5/17/1990,0.16613,,,,,,,,
5/18/1990,0.16613,,,,,,,,
5/19/1990,0.16613,,,,,,,,
5/20/1990,0.16613,,,,,,,,
5/21/1990,0.16613,,,,,,,,
5/22/1990,0.16613,,,,,,,,
5/23/1990,0.16613,,,,,,,,
5/24/1990,0.16613,,,,,,,,
5/25/1990,0.16613,,,,,,,,
5/26/1990,0.16613,,,,,,,,
5/27/1990,0.16613,,,,,,,,
5/28/1990,0.16613,,,,,,,,
5/29/1990,0.16613,,,,,,,,
5/30/1990,0.16613,,,,,,,,
5/31/1990,0.16613,,,,,,,,
6/1/1990,0.20033,,,,,,,,
6/2/1990,0.20033,,,,,,,,
6/3/1990,0.20033,,,,,,,,
6/4/1990,0.20033,,,,,,,,
6/5/1990,0.20033,,,,,,,,
6/6/1990,0.20033,,,,,,,,
6/7/1990,0.20033,,,,,,,,
6/8/1990,0.20033,,,,,,,,
6/9/1990,0.20033,,,,,,,,
6/10/1990,0.20033,,,,,,,,
6/11/1990,0.20033,,,,,,,,
6/12/1990,0.20033,,,,,,,,
6/13/1990,0.20033,,,,,,,,
6/14/1990,0.20033,,,,,,,,
6/15/1990,0.20033,,,,,,,,
6/16/1990,0.20033,,,,,,,,
6/17/1990,0.20033,,,,,,,,
6/18/1990,0.20033,,,,,,,,
6/19/1990,0.20033,,,,,,,,
6/20/1990,0.20033,,,,,,,,
6/21/1990,0.20033,,,,,,,,
6/22/1990,0.20033,,,,,,,,
6/23/1990,0.20033,,,,,,,,
6/24/1990,0.20033,,,,,,,,
6/25/1990,0.20033,,,,,,,,
6/26/1990,0.20033,,,,,,,,
6/27/1990,0.20033,,,,,,,,
6/28/1990,0.20033,,,,,,,,
6/29/1990,0.20033,,,,,,,,
6/30/1990,0.20033,,,,,,,,
7/1/1990,0.23871,,,,,,,,
7/2/1990,0.23871,,,,,,,,
7/3/1990,0.23871,,,,,,,,
7/4/1990,0.23871,,,,,,,,
7/5/1990,0.23871,,,,,,,,
7/6/1990,0.23871,,,,,,,,
7/7/1990,0.23871,,,,,,,,
7/8/1990,0.23871,,,,,,,,
7/9/1990,0.23871,,,,,,,,
7/10/1990,0.23871,,,,,,,,
7/11/1990,0.23871,,,,,,,,
7/12/1990,0.23871,,,,,,,,
7/13/1990,0.23871,,,,,,,,
7/14/1990,0.23871,,,,,,,,
7/15/1990,0.23871,,,,,,,,
7/16/1990,0.23871,,,,,,,,
7/17/1990,0.23871,,,,,,,,
7/18/1990,0.23871,,,,,,,,
7/19/1990,0.23871,,,,,,,,
7/20/1990,0.23871,,,,,,,,
7/21/1990,0.23871,,,,,,,,
7/22/1990,0.23871,,,,,,,,
7/23/1990,0.23871,,,,,,,,
7/24/1990,0.23871,,,,,,,,
7/25/1990,0.23871,,,,,,,,
7/26/1990,0.23871,,,,,,,,
7/27/1990,0.23871,,,,,,,,
7/28/1990,0.23871,,,,,,,,
7/29/1990,0.23871,,,,,,,,
7/30/1990,0.23871,,,,,,,,
7/31/1990,0.23871,,,,,,,,
8/1/1990,0.21871,,,,,,,,
8/2/1990,0.21871,,,,,,,,
8/3/1990,0.21871,,,,,,,,
8/4/1990,0.21871,,,,,,,,
8/5/1990,0.21871,,,,,,,,
8/6/1990,0.21871,,,,,,,,
8/7/1990,0.21871,,,,,,,,
8/8/1990,0.21871,,,,,,,,
8/9/1990,0.21871,,,,,,,,
8/10/1990,0.21871,,,,,,,,
8/11/1990,0.21871,,,,,,,,
8/12/1990,0.21871,,,,,,,,
8/13/1990,0.21871,,,,,,,,
8/14/1990,0.21871,,,,,,,,
8/15/1990,0.21871,,,,,,,,
8/16/1990,0.21871,,,,,,,,
8/17/1990,0.21871,,,,,,,,
8/18/1990,0.21871,,,,,,,,
8/19/1990,0.21871,,,,,,,,
8/20/1990,0.21871,,,,,,,,
8/21/1990,0.21871,,,,,,,,
8/22/1990,0.21871,,,,,,,,
8/23/1990,0.21871,,,,,,,,
8/24/1990,0.21871,,,,,,,,
8/25/1990,0.21871,,,,,,,,
8/26/1990,0.21871,,,,,,,,
8/27/1990,0.21871,,,,,,,,
8/28/1990,0.21871,,,,,,,,
8/29/1990,0.21871,,,,,,,,
8/30/1990,0.21871,,,,,,,,
8/31/1990,0.21871,,,,,,,,
9/1/1990,0.156,,,,,,,,
9/2/1990,0.156,,,,,,,,
9/3/1990,0.156,,,,,,,,
9/4/1990,0.156,,,,,,,,
9/5/1990,0.156,,,,,,,,
9/6/1990,0.156,,,,,,,,
9/7/1990,0.156,,,,,,,,
9/8/1990,0.156,,,,,,,,
9/9/1990,0.156,,,,,,,,
9/10/1990,0.156,,,,,,,,
9/11/1990,0.156,,,,,,,,
9/12/1990,0.156,,,,,,,,
9/13/1990,0.156,,,,,,,,
9/14/1990,0.156,,,,,,,,
9/15/1990,0.156,,,,,,,,
9/16/1990,0.156,,,,,,,,
9/17/1990,0.156,,,,,,,,
9/18/1990,0.156,,,,,,,,
9/19/1990,0.156,,,,,,,,
9/20/1990,0.156,,,,,,,,
9/21/1990,0.156,,,,,,,,
9/22/1990,0.156,,,,,,,,
9/23/1990,0.156,,,,,,,,
9/24/1990,0.156,,,,,,,,
9/25/1990,0.156,,,,,,,,
9/26/1990,0.156,,,,,,,,
9/27/1990,0.156,,,,,,,,
9/28/1990,0.156,,,,,,,,
9/29/1990,0.156,,,,,,,,
9/30/1990,0.156,,,,,,,,
10/1/1990,0.0771,,,,,,,,
10/2/1990,0.0771,,,,,,,,
10/3/1990,0.0771,,,,,,,,
10/4/1990,0.0771,,,,,,,,
10/5/1990,0.0771,,,,,,,,
10/6/1990,0.0771,,,,,,,,
10/7/1990,0.0771,,,,,,,,
10/8/1990,0.0771,,,,,,,,
10/9/1990,0.0771,,,,,,,,
10/10/1990,0.0771,,,,,,,,
10/11/1990,0.0771,,,,,,,,
10/12/1990,0.0771,,,,,,,,
10/13/1990,0.0771,,,,,,,,
10/14/1990,0.0771,,,,,,,,
10/15/1990,0.0771,,,,,,,,
10/16/1990,0.0771,,,,,,,,
10/17/1990,0.0771,,,,,,,,
10/18/1990,0.0771,,,,,,,,
10/19/1990,0.0771,,,,,,,,
10/20/1990,0.0771,,,,,,,,
10/21/1990,0.0771,,,,,,,,
10/22/1990,0.0771,,,,,,,,
10/23/1990,0.0771,,,,,,,,
10/24/1990,0.0771,,,,,,,,
10/25/1990,0.0771,,,,,,,,
10/26/1990,0.0771,,,,,,,,
10/27/1990,0.0771,,,,,,,,
10/28/1990,0.0771,,,,,,,,
10/29/1990,0.0771,,,,,,,,
10/30/1990,0.0771,,,,,,,,
10/31/1990,0.0771,,,,,,,,
11/1/1990,0.035,,,,,,,,
11/2/1990,0.035,,,,,,,,
11/3/1990,0.035,,,,,,,,
11/4/1990,0.035,,,,,,,,
11/5/1990,0.035,,,,,,,,
11/6/1990,0.035,,,,,,,,
11/7/1990,0.035,,,,,,,,
11/8/1990,0.035,,,,,,,,
11/9/1990,0.035,,,,,,,,
11/10/1990,0.035,,,,,,,,
11/11/1990,0.035,,,,,,,,
11/12/1990,0.035,,,,,,,,
11/13/1990,0.035,,,,,,,,
11/14/1990,0.035,,,,,,,,
11/15/1990,0.035,,,,,,,,
11/16/1990,0.035,,,,,,,,
11/17/1990,0.035,,,,,,,,
11/18/1990,0.035,,,,,,,,
11/19/1990,0.035,,,,,,,,
11/20/1990,0.035,,,,,,,,
11/21/1990,0.035,,,,,,,,
11/22/1990,0.035,,,,,,,,
11/23/1990,0.035,,,,,,,,
11/24/1990,0.035,,,,,,,,
11/25/1990,0.035,,,,,,,,
11/26/1990,0.035,,,,,,,,
11/27/1990,0.035,,,,,,,,
11/28/1990,0.035,,,,,,,,
11/29/1990,0.035,,,,,,,,
11/30/1990,0.035,,,,,,,,
12/1/1990,0.01839,,,,,,,,
12/2/1990,0.01839,,,,,,,,
12/3/1990,0.01839,,,,,,,,
12/4/1990,0.01839,,,,,,,,
12/5/1990,0.01839,,,,,,,,
12/6/1990,0.01839,,,,,,,,
12/7/1990,0.01839,,,,,,,,
12/8/1990,0.01839,,,,,,,,
12/9/1990,0.01839,,,,,,,,
12/10/1990,0.01839,,,,,,,,
12/11/1990,0.01839,,,,,,,,
12/12/1990,0.01839,,,,,,,,
12/13/1990,0.01839,,,,,,,,
12/14/1990,0.01839,,,,,,,,
12/15/1990,0.01839,,,,,,,,
12/16/1990,0.01839,,,,,,,,
12/17/1990,0.01839,,,,,,,,
12/18/1990,0.01839,,,,,,,,
12/19/1990,0.01839,,,,,,,,
12/20/1990,0.01839,,,,,,,,
12/21/1990,0.01839,,,,,,,,
12/22/1990,0.01839,,,,,,,,
12/23/1990,0.01839,,,,,,,,
12/24/1990,0.01839,,,,,,,,
12/25/1990,0.01839,,,,,,,,
12/26/1990,0.01839,,,,,,,,
12/27/1990,0.01839,,,,,,,,
12/28/1990,0.01839,,,,,,,,
12/29/1990,0.01839,,,,,,,,
12/30/1990,0.01839,,,,,,,,
12/31/1990,0.01839,,,,,,,,
1/1/1991,0.02032,,,,,,,,
1/2/1991,0.02032,,,,,,,,
1/3/1991,0.02032,,,,,,,,
1/4/1991,0.02032,,,,,,,,
1/5/1991,0.02032,,,,,,,,
1/6/1991,0.02032,,,,,,,,
1/7/1991,0.02032,,,,,,,,
1/8/1991,0.02032,,,,,,,,
1/9/1991,0.02032,,,,,,,,
1/10/1991,0.02032,,,,,,,,
1/11/1991,0.02032,,,,,,,,
1/12/1991,0.02032,,,,,,,,
1/13/1991,0.02032,,,,,,,,
1/14/1991,0.02032,,,,,,,,
1/15/1991,0.02032,,,,,,,,
1/16/1991,0.02032,,,,,,,,
1/17/1991,0.02032,,,,,,,,
1/18/1991,0.02032,,,,,,,,
1/19/1991,0.02032,,,,,,,,
1/20/1991,0.02032,,,,,,,,
1/21/1991,0.02032,,,,,,,,
1/22/1991,0.02032,,,,,,,,
1/23/1991,0.02032,,,,,,,,
1/24/1991,0.02032,,,,,,,,
1/25/1991,0.02032,,,,,,,,
1/26/1991,0.02032,,,,,,,,
1/27/1991,0.02032,,,,,,,,
1/28/1991,0.02032,,,,,,,,
1/29/1991,0.02032,,,,,,,,
1/30/1991,0.02032,,,,,,,,
1/31/1991,0.02032,,,,,,,,
2/1/1991,0.04214,,,,,,,,
2/2/1991,0.04214,,,,,,,,
2/3/1991,0.04214,,,,,,,,
2/4/1991,0.04214,,,,,,,,
2/5/1991,0.04214,,,,,,,,
2/6/1991,0.04214,,,,,,,,
2/7/1991,0.04214,,,,,,,,
2/8/1991,0.04214,,,,,,,,
2/9/1991,0.04214,,,,,,,,
2/10/1991,0.04214,,,,,,,,
2/11/1991,0.04214,,,,,,,,
2/12/1991,0.04214,,,,,,,,
2/13/1991,0.04214,,,,,,,,
2/14/1991,0.04214,,,,,,,,
2/15/1991,0.04214,,,,,,,,
2/16/1991,0.04214,,,,,,,,
2/17/1991,0.04214,,,,,,,,
2/18/1991,0.04214,,,,,,,,
2/19/1991,0.04214,,,,,,,,
2/20/1991,0.04214,,,,,,,,
2/21/1991,0.04214,,,,,,,,
2/22/1991,0.04214,,,,,,,,
2/23/1991,0.04214,,,,,,,,
2/24/1991,0.04214,,,,,,,,
2/25/1991,0.04214,,,,,,,,
2/26/1991,0.04214,,,,,,,,
2/27/1991,0.04214,,,,,,,,
2/28/1991,0.04214,,,,,,,,
3/1/1991,0.07387,,,,,,,,
3/2/1991,0.07387,,,,,,,,
3/3/1991,0.07387,,,,,,,,
3/4/1991,0.07387,,,,,,,,
3/5/1991,0.07387,,,,,,,,
3/6/1991,0.07387,,,,,,,,
3/7/1991,0.07387,,,,,,,,
3/8/1991,0.07387,,,,,,,,
3/9/1991,0.07387,,,,,,,,
3/10/1991,0.07387,,,,,,,,
3/11/1991,0.07387,,,,,,,,
3/12/1991,0.07387,,,,,,,,
3/13/1991,0.07387,,,,,,,,
3/14/1991,0.07387,,,,,,,,
3/15/1991,0.07387,,,,,,,,
3/16/1991,0.07387,,,,,,,,
3/17/1991,0.07387,,,,,,,,
3/18/1991,0.07387,,,,,,,,
3/19/1991,0.07387,,,,,,,,
3/20/1991,0.07387,,,,,,,,
3/21/1991,0.07387,,,,,,,,
3/22/1991,0.07387,,,,,,,,
3/23/1991,0.07387,,,,,,,,
3/24/1991,0.07387,,,,,,,,
3/25/1991,0.07387,,,,,,,,
3/26/1991,0.07387,,,,,,,,
3/27/1991,0.07387,,,,,,,,
3/28/1991,0.07387,,,,,,,,
3/29/1991,0.07387,,,,,,,,
3/30/1991,0.07387,,,,,,,,
3/31/1991,0.07387,,,,,,,,
4/1/1991,0.11033,,,,,,,,
4/2/1991,0.11033,,,,,,,,
4/3/1991,0.11033,,,,,,,,
4/4/1991,0.11033,,,,,,,,
4/5/1991,0.11033,,,,,,,,
4/6/1991,0.11033,,,,,,,,
4/7/1991,0.11033,,,,,,,,
4/8/1991,0.11033,,,,,,,,
4/9/1991,0.11033,,,,,,,,
4/10/1991,0.11033,,,,,,,,
4/11/1991,0.11033,,,,,,,,
4/12/1991,0.11033,,,,,,,,
4/13/1991,0.11033,,,,,,,,
4/14/1991,0.11033,,,,,,,,
4/15/1991,0.11033,,,,,,,,
4/16/1991,0.11033,,,,,,,,
4/17/1991,0.11033,,,,,,,,
4/18/1991,0.11033,,,,,,,,
4/19/1991,0.11033,,,,,,,,
4/20/1991,0.11033,,,,,,,,
4/21/1991,0.11033,,,,,,,,
4/22/1991,0.11033,,,,,,,,
4/23/1991,0.11033,,,,,,,,
4/24/1991,0.11033,,,,,,,,
4/25/1991,0.11033,,,,,,,,
4/26/1991,0.11033,,,,,,,,
4/27/1991,0.11033,,,,,,,,
4/28/1991,0.11033,,,,,,,,
4/29/1991,0.11033,,,,,,,,
4/30/1991,0.11033,,,,,,,,
5/1/1991,0.16613,,,,,,,,
5/2/1991,0.16613,,,,,,,,
5/3/1991,0.16613,,,,,,,,
5/4/1991,0.16613,,,,,,,,
5/5/1991,0.16613,,,,,,,,
5/6/1991,0.16613,,,,,,,,
5/7/1991,0.16613,,,,,,,,
5/8/1991,0.16613,,,,,,,,
5/9/1991,0.16613,,,,,,,,
5/10/1991,0.16613,,,,,,,,
5/11/1991,0.16613,,,,,,,,
5/12/1991,0.16613,,,,,,,,
5/13/1991,0.16613,,,,,,,,
5/14/1991,0.16613,,,,,,,,
5/15/1991,0.16613,,,,,,,,
5/16/1991,0.16613,,,,,,,,
5/17/1991,0.16613,,,,,,,,
5/18/1991,0.16613,,,,,,,,
5/19/1991,0.16613,,,,,,,,
5/20/1991,0.16613,,,,,,,,
5/21/1991,0.16613,,,,,,,,
5/22/1991,0.16613,,,,,,,,
5/23/1991,0.16613,,,,,,,,
5/24/1991,0.16613,,,,,,,,
5/25/1991,0.16613,,,,,,,,
5/26/1991,0.16613,,,,,,,,
5/27/1991,0.16613,,,,,,,,
5/28/1991,0.16613,,,,,,,,
5/29/1991,0.16613,,,,,,,,
5/30/1991,0.16613,,,,,,,,
5/31/1991,0.16613,,,,,,,,
6/1/1991,0.20033,,,,,,,,
6/2/1991,0.20033,,,,,,,,
6/3/1991,0.20033,,,,,,,,
6/4/1991,0.20033,,,,,,,,
6/5/1991,0.20033,,,,,,,,
6/6/1991,0.20033,,,,,,,,
6/7/1991,0.20033,,,,,,,,
6/8/1991,0.20033,,,,,,,,
6/9/1991,0.20033,,,,,,,,
6/10/1991,0.20033,,,,,,,,
6/11/1991,0.20033,,,,,,,,
6/12/1991,0.20033,,,,,,,,
6/13/1991,0.20033,,,,,,,,
6/14/1991,0.20033,,,,,,,,
6/15/1991,0.20033,,,,,,,,
6/16/1991,0.20033,,,,,,,,
6/17/1991,0.20033,,,,,,,,
6/18/1991,0.20033,,,,,,,,
6/19/1991,0.20033,,,,,,,,
6/20/1991,0.20033,,,,,,,,
6/21/1991,0.20033,,,,,,,,
6/22/1991,0.20033,,,,,,,,
6/23/1991,0.20033,,,,,,,,
6/24/1991,0.20033,,,,,,,,
6/25/1991,0.20033,,,,,,,,
6/26/1991,0.20033,,,,,,,,
6/27/1991,0.20033,,,,,,,,
6/28/1991,0.20033,,,,,,,,
6/29/1991,0.20033,,,,,,,,
6/30/1991,0.20033,,,,,,,,
7/1/1991,0.23871,,,,,,,,
7/2/1991,0.23871,,,,,,,,
7/3/1991,0.23871,,,,,,,,
7/4/1991,0.23871,,,,,,,,
7/5/1991,0.23871,,,,,,,,
7/6/1991,0.23871,,,,,,,,
7/7/1991,0.23871,,,,,,,,
7/8/1991,0.23871,,,,,,,,
7/9/1991,0.23871,,,,,,,,
7/10/1991,0.23871,,,,,,,,
7/11/1991,0.23871,,,,,,,,
7/12/1991,0.23871,,,,,,,,
7/13/1991,0.23871,,,,,,,,
7/14/1991,0.23871,,,,,,,,
7/15/1991,0.23871,,,,,,,,
7/16/1991,0.23871,,,,,,,,
7/17/1991,0.23871,,,,,,,,
7/18/1991,0.23871,,,,,,,,
7/19/1991,0.23871,,,,,,,,
7/20/1991,0.23871,,,,,,,,
7/21/1991,0.23871,,,,,,,,
7/22/1991,0.23871,,,,,,,,
7/23/1991,0.23871,,,,,,,,
7/24/1991,0.23871,,,,,,,,
7/25/1991,0.23871,,,,,,,,
7/26/1991,0.23871,,,,,,,,
7/27/1991,0.23871,,,,,,,,
7/28/1991,0.23871,,,,,,,,
7/29/1991,0.23871,,,,,,,,
7/30/1991,0.23871,,,,,,,,
7/31/1991,0.23871,,,,,,,,
8/1/1991,0.21871,,,,,,,,
8/2/1991,0.21871,,,,,,,,
8/3/1991,0.21871,,,,,,,,
8/4/1991,0.21871,,,,,,,,
8/5/1991,0.21871,,,,,,,,
8/6/1991,0.21871,,,,,,,,
8/7/1991,0.21871,,,,,,,,
8/8/1991,0.21871,,,,,,,,
8/9/1991,0.21871,,,,,,,,
8/10/1991,0.21871,,,,,,,,
8/11/1991,0.21871,,,,,,,,
8/12/1991,0.21871,,,,,,,,
8/13/1991,0.21871,,,,,,,,
8/14/1991,0.21871,,,,,,,,
8/15/1991,0.21871,,,,,,,,
8/16/1991,0.21871,,,,,,,,
8/17/1991,0.21871,,,,,,,,
8/18/1991,0.21871,,,,,,,,
8/19/1991,0.21871,,,,,,,,
8/20/1991,0.21871,,,,,,,,
8/21/1991,0.21871,,,,,,,,
8/22/1991,0.21871,,,,,,,,
8/23/1991,0.21871,,,,,,,,
8/24/1991,0.21871,,,,,,,,
8/25/1991,0.21871,,,,,,,,
8/26/1991,0.21871,,,,,,,,
8/27/1991,0.21871,,,,,,,,
8/28/1991,0.21871,,,,,,,,
8/29/1991,0.21871,,,,,,,,
8/30/1991,0.21871,,,,,,,,
8/31/1991,0.21871,,,,,,,,
9/1/1991,0.156,,,,,,,,
9/2/1991,0.156,,,,,,,,
9/3/1991,0.156,,,,,,,,
9/4/1991,0.156,,,,,,,,
9/5/1991,0.156,,,,,,,,
9/6/1991,0.156,,,,,,,,
9/7/1991,0.156,,,,,,,,
9/8/1991,0.156,,,,,,,,
9/9/1991,0.156,,,,,,,,
9/10/1991,0.156,,,,,,,,
9/11/1991,0.156,,,,,,,,
9/12/1991,0.156,,,,,,,,
9/13/1991,0.156,,,,,,,,
9/14/1991,0.156,,,,,,,,
9/15/1991,0.156,,,,,,,,
9/16/1991,0.156,,,,,,,,
9/17/1991,0.156,,,,,,,,
9/18/1991,0.156,,,,,,,,
9/19/1991,0.156,,,,,,,,
9/20/1991,0.156,,,,,,,,
9/21/1991,0.156,,,,,,,,
9/22/1991,0.156,,,,,,,,
9/23/1991,0.156,,,,,,,,
9/24/1991,0.156,,,,,,,,
9/25/1991,0.156,,,,,,,,
9/26/1991,0.156,,,,,,,,
9/27/1991,0.156,,,,,,,,
9/28/1991,0.156,,,,,,,,
9/29/1991,0.156,,,,,,,,
9/30/1991,0.156,,,,,,,,
10/1/1991,0.0771,,,,,,,,
10/2/1991,0.0771,,,,,,,,
10/3/1991,0.0771,,,,,,,,
10/4/1991,0.0771,,,,,,,,
10/5/1991,0.0771,,,,,,,,
10/6/1991,0.0771,,,,,,,,
10/7/1991,0.0771,,,,,,,,
10/8/1991,0.0771,,,,,,,,
10/9/1991,0.0771,,,,,,,,
10/10/1991,0.0771,,,,,,,,
10/11/1991,0.0771,,,,,,,,
10/12/1991,0.0771,,,,,,,,
10/13/1991,0.0771,,,,,,,,
10/14/1991,0.0771,,,,,,,,
10/15/1991,0.0771,,,,,,,,
10/16/1991,0.0771,,,,,,,,
10/17/1991,0.0771,,,,,,,,
10/18/1991,0.0771,,,,,,,,
10/19/1991,0.0771,,,,,,,,
10/20/1991,0.0771,,,,,,,,
10/21/1991,0.0771,,,,,,,,
10/22/1991,0.0771,,,,,,,,
10/23/1991,0.0771,,,,,,,,
10/24/1991,0.0771,,,,,,,,
10/25/1991,0.0771,,,,,,,,
10/26/1991,0.0771,,,,,,,,
10/27/1991,0.0771,,,,,,,,
10/28/1991,0.0771,,,,,,,,
10/29/1991,0.0771,,,,,,,,
10/30/1991,0.0771,,,,,,,,
10/31/1991,0.0771,,,,,,,,
11/1/1991,0.035,,,,,,,,
11/2/1991,0.035,,,,,,,,
11/3/1991,0.035,,,,,,,,
11/4/1991,0.035,,,,,,,,
11/5/1991,0.035,,,,,,,,
11/6/1991,0.035,,,,,,,,
11/7/1991,0.035,,,,,,,,
11/8/1991,0.035,,,,,,,,
11/9/1991,0.035,,,,,,,,
11/10/1991,0.035,,,,,,,,
11/11/1991,0.035,,,,,,,,
11/12/1991,0.035,,,,,,,,
11/13/1991,0.035,,,,,,,,
11/14/1991,0.035,,,,,,,,
11/15/1991,0.035,,,,,,,,
11/16/1991,0.035,,,,,,,,
11/17/1991,0.035,,,,,,,,
11/18/1991,0.035,,,,,,,,
11/19/1991,0.035,,,,,,,,
11/20/1991,0.035,,,,,,,,
11/21/1991,0.035,,,,,,,,
11/22/1991,0.035,,,,,,,,
11/23/1991,0.035,,,,,,,,
11/24/1991,0.035,,,,,,,,
11/25/1991,0.035,,,,,,,,
11/26/1991,0.035,,,,,,,,
11/27/1991,0.035,,,,,,,,
11/28/1991,0.035,,,,,,,,
11/29/1991,0.035,,,,,,,,
11/30/1991,0.035,,,,,,,,
12/1/1991,0.01839,,,,,,,,
12/2/1991,0.01839,,,,,,,,
12/3/1991,0.01839,,,,,,,,
12/4/1991,0.01839,,,,,,,,
12/5/1991,0.01839,,,,,,,,
12/6/1991,0.01839,,,,,,,,
12/7/1991,0.01839,,,,,,,,
12/8/1991,0.01839,,,,,,,,
12/9/1991,0.01839,,,,,,,,
12/10/1991,0.01839,,,,,,,,
12/11/1991,0.01839,,,,,,,,
12/12/1991,0.01839,,,,,,,,
12/13/1991,0.01839,,,,,,,,
12/14/1991,0.01839,,,,,,,,
12/15/1991,0.01839,,,,,,,,
12/16/1991,0.01839,,,,,,,,
12/17/1991,0.01839,,,,,,,,
12/18/1991,0.01839,,,,,,,,
12/19/1991,0.01839,,,,,,,,
12/20/1991,0.01839,,,,,,,,
12/21/1991,0.01839,,,,,,,,
12/22/1991,0.01839,,,,,,,,
12/23/1991,0.01839,,,,,,,,
12/24/1991,0.01839,,,,,,,,
12/25/1991,0.01839,,,,,,,,
12/26/1991,0.01839,,,,,,,,
12/27/1991,0.01839,,,,,,,,
12/28/1991,0.01839,,,,,,,,
12/29/1991,0.01839,,,,,,,,
12/30/1991,0.01839,,,,,,,,
12/31/1991,0.01839,,,,,,,,
1/1/1992,0.02032,,,,,,,,
1/2/1992,0.02032,,,,,,,,
1/3/1992,0.02032,,,,,,,,
1/4/1992,0.02032,,,,,,,,
1/5/1992,0.02032,,,,,,,,
1/6/1992,0.02032,,,,,,,,
1/7/1992,0.02032,,,,,,,,
1/8/1992,0.02032,,,,,,,,
1/9/1992,0.02032,,,,,,,,
1/10/1992,0.02032,,,,,,,,
1/11/1992,0.02032,,,,,,,,
1/12/1992,0.02032,,,,,,,,
1/13/1992,0.02032,,,,,,,,
1/14/1992,0.02032,,,,,,,,
1/15/1992,0.02032,,,,,,,,
1/16/1992,0.02032,,,,,,,,
1/17/1992,0.02032,,,,,,,,
1/18/1992,0.02032,,,,,,,,
1/19/1992,0.02032,,,,,,,,
1/20/1992,0.02032,,,,,,,,
1/21/1992,0.02032,,,,,,,,
1/22/1992,0.02032,,,,,,,,
1/23/1992,0.02032,,,,,,,,
1/24/1992,0.02032,,,,,,,,
1/25/1992,0.02032,,,,,,,,
1/26/1992,0.02032,,,,,,,,
1/27/1992,0.02032,,,,,,,,
1/28/1992,0.02032,,,,,,,,
1/29/1992,0.02032,,,,,,,,
1/30/1992,0.02032,,,,,,,,
1/31/1992,0.02032,,,,,,,,
2/1/1992,0.04214,,,,,,,,
2/2/1992,0.04214,,,,,,,,
2/3/1992,0.04214,,,,,,,,
2/4/1992,0.04214,,,,,,,,
2/5/1992,0.04214,,,,,,,,
2/6/1992,0.04214,,,,,,,,
2/7/1992,0.04214,,,,,,,,
2/8/1992,0.04214,,,,,,,,
2/9/1992,0.04214,,,,,,,,
2/10/1992,0.04214,,,,,,,,
2/11/1992,0.04214,,,,,,,,
2/12/1992,0.04214,,,,,,,,
2/13/1992,0.04214,,,,,,,,
2/14/1992,0.04214,,,,,,,,
2/15/1992,0.04214,,,,,,,,
2/16/1992,0.04214,,,,,,,,
2/17/1992,0.04214,,,,,,,,
2/18/1992,0.04214,,,,,,,,
2/19/1992,0.04214,,,,,,,,
2/20/1992,0.04214,,,,,,,,
2/21/1992,0.04214,,,,,,,,
2/22/1992,0.04214,,,,,,,,
2/23/1992,0.04214,,,,,,,,
2/24/1992,0.04214,,,,,,,,
2/25/1992,0.04214,,,,,,,,
2/26/1992,0.04214,,,,,,,,
2/27/1992,0.04214,,,,,,,,
2/28/1992,0.04214,,,,,,,,
2/29/1992,0.04214,,,,,,,,
3/1/1992,0.07387,,,,,,,,
3/2/1992,0.07387,,,,,,,,
3/3/1992,0.07387,,,,,,,,
3/4/1992,0.07387,,,,,,,,
3/5/1992,0.07387,,,,,,,,
3/6/1992,0.07387,,,,,,,,
3/7/1992,0.07387,,,,,,,,
3/8/1992,0.07387,,,,,,,,
3/9/1992,0.07387,,,,,,,,
3/10/1992,0.07387,,,,,,,,
3/11/1992,0.07387,,,,,,,,
3/12/1992,0.07387,,,,,,,,
3/13/1992,0.07387,,,,,,,,
3/14/1992,0.07387,,,,,,,,
3/15/1992,0.07387,,,,,,,,
3/16/1992,0.07387,,,,,,,,
3/17/1992,0.07387,,,,,,,,
3/18/1992,0.07387,,,,,,,,
3/19/1992,0.07387,,,,,,,,
3/20/1992,0.07387,,,,,,,,
3/21/1992,0.07387,,,,,,,,
3/22/1992,0.07387,,,,,,,,
3/23/1992,0.07387,,,,,,,,
3/24/1992,0.07387,,,,,,,,
3/25/1992,0.07387,,,,,,,,
3/26/1992,0.07387,,,,,,,,
3/27/1992,0.07387,,,,,,,,
3/28/1992,0.07387,,,,,,,,
3/29/1992,0.07387,,,,,,,,
3/30/1992,0.07387,,,,,,,,
3/31/1992,0.07387,,,,,,,,
4/1/1992,0.11033,,,,,,,,
4/2/1992,0.11033,,,,,,,,
4/3/1992,0.11033,,,,,,,,
4/4/1992,0.11033,,,,,,,,
4/5/1992,0.11033,,,,,,,,
4/6/1992,0.11033,,,,,,,,
4/7/1992,0.11033,,,,,,,,
4/8/1992,0.11033,,,,,,,,
4/9/1992,0.11033,,,,,,,,
4/10/1992,0.11033,,,,,,,,
4/11/1992,0.11033,,,,,,,,
4/12/1992,0.11033,,,,,,,,
4/13/1992,0.11033,,,,,,,,
4/14/1992,0.11033,,,,,,,,
4/15/1992,0.11033,,,,,,,,
4/16/1992,0.11033,,,,,,,,
4/17/1992,0.11033,,,,,,,,
4/18/1992,0.11033,,,,,,,,
4/19/1992,0.11033,,,,,,,,
4/20/1992,0.11033,,,,,,,,
4/21/1992,0.11033,,,,,,,,
4/22/1992,0.11033,,,,,,,,
4/23/1992,0.11033,,,,,,,,
4/24/1992,0.11033,,,,,,,,
4/25/1992,0.11033,,,,,,,,
4/26/1992,0.11033,,,,,,,,
4/27/1992,0.11033,,,,,,,,
4/28/1992,0.11033,,,,,,,,
4/29/1992,0.11033,,,,,,,,
4/30/1992,0.11033,,,,,,,,
5/1/1992,0.16613,,,,,,,,
5/2/1992,0.16613,,,,,,,,
5/3/1992,0.16613,,,,,,,,
5/4/1992,0.16613,,,,,,,,
5/5/1992,0.16613,,,,,,,,
5/6/1992,0.16613,,,,,,,,
5/7/1992,0.16613,,,,,,,,
5/8/1992,0.16613,,,,,,,,
5/9/1992,0.16613,,,,,,,,
5/10/1992,0.16613,,,,,,,,
5/11/1992,0.16613,,,,,,,,
5/12/1992,0.16613,,,,,,,,
5/13/1992,0.16613,,,,,,,,
5/14/1992,0.16613,,,,,,,,
5/15/1992,0.16613,,,,,,,,
5/16/1992,0.16613,,,,,,,,
5/17/1992,0.16613,,,,,,,,
5/18/1992,0.16613,,,,,,,,
5/19/1992,0.16613,,,,,,,,
5/20/1992,0.16613,,,,,,,,
5/21/1992,0.16613,,,,,,,,
5/22/1992,0.16613,,,,,,,,
5/23/1992,0.16613,,,,,,,,
5/24/1992,0.16613,,,,,,,,
5/25/1992,0.16613,,,,,,,,
5/26/1992,0.16613,,,,,,,,
5/27/1992,0.16613,,,,,,,,
5/28/1992,0.16613,,,,,,,,
5/29/1992,0.16613,,,,,,,,
5/30/1992,0.16613,,,,,,,,
5/31/1992,0.16613,,,,,,,,
6/1/1992,0.20033,,,,,,,,
6/2/1992,0.20033,,,,,,,,
6/3/1992,0.20033,,,,,,,,
6/4/1992,0.20033,,,,,,,,
6/5/1992,0.20033,,,,,,,,
6/6/1992,0.20033,,,,,,,,
6/7/1992,0.20033,,,,,,,,
6/8/1992,0.20033,,,,,,,,
6/9/1992,0.20033,,,,,,,,
6/10/1992,0.20033,,,,,,,,
6/11/1992,0.20033,,,,,,,,
6/12/1992,0.20033,,,,,,,,
6/13/1992,0.20033,,,,,,,,
6/14/1992,0.20033,,,,,,,,
6/15/1992,0.20033,,,,,,,,
6/16/1992,0.20033,,,,,,,,
6/17/1992,0.20033,,,,,,,,
6/18/1992,0.20033,,,,,,,,
6/19/1992,0.20033,,,,,,,,
6/20/1992,0.20033,,,,,,,,
6/21/1992,0.20033,,,,,,,,
6/22/1992,0.20033,,,,,,,,
6/23/1992,0.20033,,,,,,,,
6/24/1992,0.20033,,,,,,,,
6/25/1992,0.20033,,,,,,,,
6/26/1992,0.20033,,,,,,,,
6/27/1992,0.20033,,,,,,,,
6/28/1992,0.20033,,,,,,,,
6/29/1992,0.20033,,,,,,,,
6/30/1992,0.20033,,,,,,,,
7/1/1992,0.23871,,,,,,,,
7/2/1992,0.23871,,,,,,,,
7/3/1992,0.23871,,,,,,,,
7/4/1992,0.23871,,,,,,,,
7/5/1992,0.23871,,,,,,,,
7/6/1992,0.23871,,,,,,,,
7/7/1992,0.23871,,,,,,,,
7/8/1992,0.23871,,,,,,,,
7/9/1992,0.23871,,,,,,,,
7/10/1992,0.23871,,,,,,,,
7/11/1992,0.23871,,,,,,,,
7/12/1992,0.23871,,,,,,,,
7/13/1992,0.23871,,,,,,,,
7/14/1992,0.23871,,,,,,,,
7/15/1992,0.23871,,,,,,,,
7/16/1992,0.23871,,,,,,,,
7/17/1992,0.23871,,,,,,,,
7/18/1992,0.23871,,,,,,,,
7/19/1992,0.23871,,,,,,,,
7/20/1992,0.23871,,,,,,,,
7/21/1992,0.23871,,,,,,,,
7/22/1992,0.23871,,,,,,,,
7/23/1992,0.23871,,,,,,,,
7/24/1992,0.23871,,,,,,,,
7/25/1992,0.23871,,,,,,,,
7/26/1992,0.23871,,,,,,,,
7/27/1992,0.23871,,,,,,,,
7/28/1992,0.23871,,,,,,,,
7/29/1992,0.23871,,,,,,,,
7/30/1992,0.23871,,,,,,,,
7/31/1992,0.23871,,,,,,,,
8/1/1992,0.21871,,,,,,,,
8/2/1992,0.21871,,,,,,,,
8/3/1992,0.21871,,,,,,,,
8/4/1992,0.21871,,,,,,,,
8/5/1992,0.21871,,,,,,,,
8/6/1992,0.21871,,,,,,,,
8/7/1992,0.21871,,,,,,,,
8/8/1992,0.21871,,,,,,,,
8/9/1992,0.21871,,,,,,,,
8/10/1992,0.21871,,,,,,,,
8/11/1992,0.21871,,,,,,,,
8/12/1992,0.21871,,,,,,,,
8/13/1992,0.21871,,,,,,,,
8/14/1992,0.21871,,,,,,,,
8/15/1992,0.21871,,,,,,,,
8/16/1992,0.21871,,,,,,,,
8/17/1992,0.21871,,,,,,,,
8/18/1992,0.21871,,,,,,,,
8/19/1992,0.21871,,,,,,,,
8/20/1992,0.21871,,,,,,,,
8/21/1992,0.21871,,,,,,,,
8/22/1992,0.21871,,,,,,,,
8/23/1992,0.21871,,,,,,,,
8/24/1992,0.21871,,,,,,,,
8/25/1992,0.21871,,,,,,,,
8/26/1992,0.21871,,,,,,,,
8/27/1992,0.21871,,,,,,,,
8/28/1992,0.21871,,,,,,,,
8/29/1992,0.21871,,,,,,,,
8/30/1992,0.21871,,,,,,,,
8/31/1992,0.21871,,,,,,,,
9/1/1992,0.156,,,,,,,,
9/2/1992,0.156,,,,,,,,
9/3/1992,0.156,,,,,,,,
9/4/1992,0.156,,,,,,,,
9/5/1992,0.156,,,,,,,,
9/6/1992,0.156,,,,,,,,
9/7/1992,0.156,,,,,,,,
9/8/1992,0.156,,,,,,,,
9/9/1992,0.156,,,,,,,,
9/10/1992,0.156,,,,,,,,
9/11/1992,0.156,,,,,,,,
9/12/1992,0.156,,,,,,,,
9/13/1992,0.156,,,,,,,,
9/14/1992,0.156,,,,,,,,
9/15/1992,0.156,,,,,,,,
9/16/1992,0.156,,,,,,,,
9/17/1992,0.156,,,,,,,,
9/18/1992,0.156,,,,,,,,
9/19/1992,0.156,,,,,,,,
9/20/1992,0.156,,,,,,,,
9/21/1992,0.156,,,,,,,,
9/22/1992,0.156,,,,,,,,
9/23/1992,0.156,,,,,,,,
9/24/1992,0.156,,,,,,,,
9/25/1992,0.156,,,,,,,,
9/26/1992,0.156,,,,,,,,
9/27/1992,0.156,,,,,,,,
9/28/1992,0.156,,,,,,,,
9/29/1992,0.156,,,,,,,,
9/30/1992,0.156,,,,,,,,
10/1/1992,0.0771,,,,,,,,
10/2/1992,0.0771,,,,,,,,
10/3/1992,0.0771,,,,,,,,
10/4/1992,0.0771,,,,,,,,
10/5/1992,0.0771,,,,,,,,
10/6/1992,0.0771,,,,,,,,
10/7/1992,0.0771,,,,,,,,
10/8/1992,0.0771,,,,,,,,
10/9/1992,0.0771,,,,,,,,
10/10/1992,0.0771,,,,,,,,
10/11/1992,0.0771,,,,,,,,
10/12/1992,0.0771,,,,,,,,
10/13/1992,0.0771,,,,,,,,
10/14/1992,0.0771,,,,,,,,
10/15/1992,0.0771,,,,,,,,
10/16/1992,0.0771,,,,,,,,
10/17/1992,0.0771,,,,,,,,
10/18/1992,0.0771,,,,,,,,
10/19/1992,0.0771,,,,,,,,
10/20/1992,0.0771,,,,,,,,
10/21/1992,0.0771,,,,,,,,
10/22/1992,0.0771,,,,,,,,
10/23/1992,0.0771,,,,,,,,
10/24/1992,0.0771,,,,,,,,
10/25/1992,0.0771,,,,,,,,
10/26/1992,0.0771,,,,,,,,
10/27/1992,0.0771,,,,,,,,
10/28/1992,0.0771,,,,,,,,
10/29/1992,0.0771,,,,,,,,
10/30/1992,0.0771,,,,,,,,
10/31/1992,0.0771,,,,,,,,
11/1/1992,0.035,,,,,,,,
11/2/1992,0.035,,,,,,,,
11/3/1992,0.035,,,,,,,,
11/4/1992,0.035,,,,,,,,
11/5/1992,0.035,,,,,,,,
11/6/1992,0.035,,,,,,,,
11/7/1992,0.035,,,,,,,,
11/8/1992,0.035,,,,,,,,
11/9/1992,0.035,,,,,,,,
11/10/1992,0.035,,,,,,,,
11/11/1992,0.035,,,,,,,,
11/12/1992,0.035,,,,,,,,
11/13/1992,0.035,,,,,,,,
11/14/1992,0.035,,,,,,,,
11/15/1992,0.035,,,,,,,,
11/16/1992,0.035,,,,,,,,
11/17/1992,0.035,,,,,,,,
11/18/1992,0.035,,,,,,,,
11/19/1992,0.035,,,,,,,,
11/20/1992,0.035,,,,,,,,
11/21/1992,0.035,,,,,,,,
11/22/1992,0.035,,,,,,,,
11/23/1992,0.035,,,,,,,,
11/24/1992,0.035,,,,,,,,
11/25/1992,0.035,,,,,,,,
11/26/1992,0.035,,,,,,,,
11/27/1992,0.035,,,,,,,,
11/28/1992,0.035,,,,,,,,
11/29/1992,0.035,,,,,,,,
11/30/1992,0.035,,,,,,,,
12/1/1992,0.01839,,,,,,,,
12/2/1992,0.01839,,,,,,,,
12/3/1992,0.01839,,,,,,,,
12/4/1992,0.01839,,,,,,,,
12/5/1992,0.01839,,,,,,,,
12/6/1992,0.01839,,,,,,,,
12/7/1992,0.01839,,,,,,,,
12/8/1992,0.01839,,,,,,,,
12/9/1992,0.01839,,,,,,,,
12/10/1992,0.01839,,,,,,,,
12/11/1992,0.01839,,,,,,,,
12/12/1992,0.01839,,,,,,,,
12/13/1992,0.01839,,,,,,,,
12/14/1992,0.01839,,,,,,,,
12/15/1992,0.01839,,,,,,,,
12/16/1992,0.01839,,,,,,,,
12/17/1992,0.01839,,,,,,,,
12/18/1992,0.01839,,,,,,,,
12/19/1992,0.01839,,,,,,,,
12/20/1992,0.01839,,,,,,,,
12/21/1992,0.01839,,,,,,,,
12/22/1992,0.01839,,,,,,,,
12/23/1992,0.01839,,,,,,,,
12/24/1992,0.01839,,,,,,,,
12/25/1992,0.01839,,,,,,,,
12/26/1992,0.01839,,,,,,,,
12/27/1992,0.01839,,,,,,,,
12/28/1992,0.01839,,,,,,,,
12/29/1992,0.01839,,,,,,,,
12/30/1992,0.01839,,,,,,,,
12/31/1992,0.01839,,,,,,,,
1/1/1993,0.02032,,,,,,,,
1/2/1993,0.02032,,,,,,,,
1/3/1993,0.02032,,,,,,,,
1/4/1993,0.02032,,,,,,,,
1/5/1993,0.02032,,,,,,,,
1/6/1993,0.02032,,,,,,,,
1/7/1993,0.02032,,,,,,,,
1/8/1993,0.02032,,,,,,,,
1/9/1993,0.02032,,,,,,,,
1/10/1993,0.02032,,,,,,,,
1/11/1993,0.02032,,,,,,,,
1/12/1993,0.02032,,,,,,,,
1/13/1993,0.02032,,,,,,,,
1/14/1993,0.02032,,,,,,,,
1/15/1993,0.02032,,,,,,,,
1/16/1993,0.02032,,,,,,,,
1/17/1993,0.02032,,,,,,,,
1/18/1993,0.02032,,,,,,,,
1/19/1993,0.02032,,,,,,,,
1/20/1993,0.02032,,,,,,,,
1/21/1993,0.02032,,,,,,,,
1/22/1993,0.02032,,,,,,,,
1/23/1993,0.02032,,,,,,,,
1/24/1993,0.02032,,,,,,,,
1/25/1993,0.02032,,,,,,,,
1/26/1993,0.02032,,,,,,,,
1/27/1993,0.02032,,,,,,,,
1/28/1993,0.02032,,,,,,,,
1/29/1993,0.02032,,,,,,,,
1/30/1993,0.02032,,,,,,,,
1/31/1993,0.02032,,,,,,,,
2/1/1993,0.04214,,,,,,,,
2/2/1993,0.04214,,,,,,,,
2/3/1993,0.04214,,,,,,,,
2/4/1993,0.04214,,,,,,,,
2/5/1993,0.04214,,,,,,,,
2/6/1993,0.04214,,,,,,,,
2/7/1993,0.04214,,,,,,,,
2/8/1993,0.04214,,,,,,,,
2/9/1993,0.04214,,,,,,,,
2/10/1993,0.04214,,,,,,,,
2/11/1993,0.04214,,,,,,,,
2/12/1993,0.04214,,,,,,,,
2/13/1993,0.04214,,,,,,,,
2/14/1993,0.04214,,,,,,,,
2/15/1993,0.04214,,,,,,,,
2/16/1993,0.04214,,,,,,,,
2/17/1993,0.04214,,,,,,,,
2/18/1993,0.04214,,,,,,,,
2/19/1993,0.04214,,,,,,,,
2/20/1993,0.04214,,,,,,,,
2/21/1993,0.04214,,,,,,,,
2/22/1993,0.04214,,,,,,,,
2/23/1993,0.04214,,,,,,,,
2/24/1993,0.04214,,,,,,,,
2/25/1993,0.04214,,,,,,,,
2/26/1993,0.04214,,,,,,,,
2/27/1993,0.04214,,,,,,,,
2/28/1993,0.04214,,,,,,,,
3/1/1993,0.07387,,,,,,,,
3/2/1993,0.07387,,,,,,,,
3/3/1993,0.07387,,,,,,,,
3/4/1993,0.07387,,,,,,,,
3/5/1993,0.07387,,,,,,,,
3/6/1993,0.07387,,,,,,,,
3/7/1993,0.07387,,,,,,,,
3/8/1993,0.07387,,,,,,,,
3/9/1993,0.07387,,,,,,,,
3/10/1993,0.07387,,,,,,,,
3/11/1993,0.07387,,,,,,,,
3/12/1993,0.07387,,,,,,,,
3/13/1993,0.07387,,,,,,,,
3/14/1993,0.07387,,,,,,,,
3/15/1993,0.07387,,,,,,,,
3/16/1993,0.07387,,,,,,,,
3/17/1993,0.07387,,,,,,,,
3/18/1993,0.07387,,,,,,,,
3/19/1993,0.07387,,,,,,,,
3/20/1993,0.07387,,,,,,,,
3/21/1993,0.07387,,,,,,,,
3/22/1993,0.07387,,,,,,,,
3/23/1993,0.07387,,,,,,,,
3/24/1993,0.07387,,,,,,,,
3/25/1993,0.07387,,,,,,,,
3/26/1993,0.07387,,,,,,,,
3/27/1993,0.07387,,,,,,,,
3/28/1993,0.07387,,,,,,,,
3/29/1993,0.07387,,,,,,,,
3/30/1993,0.07387,,,,,,,,
3/31/1993,0.07387,,,,,,,,
4/1/1993,0.11033,,,,,,,,
4/2/1993,0.11033,,,,,,,,
4/3/1993,0.11033,,,,,,,,
4/4/1993,0.11033,,,,,,,,
4/5/1993,0.11033,,,,,,,,
4/6/1993,0.11033,,,,,,,,
4/7/1993,0.11033,,,,,,,,
4/8/1993,0.11033,,,,,,,,
4/9/1993,0.11033,,,,,,,,
4/10/1993,0.11033,,,,,,,,
4/11/1993,0.11033,,,,,,,,
4/12/1993,0.11033,,,,,,,,
4/13/1993,0.11033,,,,,,,,
4/14/1993,0.11033,,,,,,,,
4/15/1993,0.11033,,,,,,,,
4/16/1993,0.11033,,,,,,,,
4/17/1993,0.11033,,,,,,,,
4/18/1993,0.11033,,,,,,,,
4/19/1993,0.11033,,,,,,,,
4/20/1993,0.11033,,,,,,,,
4/21/1993,0.11033,,,,,,,,
4/22/1993,0.11033,,,,,,,,
4/23/1993,0.11033,,,,,,,,
4/24/1993,0.11033,,,,,,,,
4/25/1993,0.11033,,,,,,,,
4/26/1993,0.11033,,,,,,,,
4/27/1993,0.11033,,,,,,,,
4/28/1993,0.11033,,,,,,,,
4/29/1993,0.11033,,,,,,,,
4/30/1993,0.11033,,,,,,,,
5/1/1993,0.16613,,,,,,,,
5/2/1993,0.16613,,,,,,,,
5/3/1993,0.16613,,,,,,,,
5/4/1993,0.16613,,,,,,,,
5/5/1993,0.16613,,,,,,,,
5/6/1993,0.16613,,,,,,,,
5/7/1993,0.16613,,,,,,,,
5/8/1993,0.16613,,,,,,,,
5/9/1993,0.16613,,,,,,,,
5/10/1993,0.16613,,,,,,,,
5/11/1993,0.16613,,,,,,,,
5/12/1993,0.16613,,,,,,,,
5/13/1993,0.16613,,,,,,,,
5/14/1993,0.16613,,,,,,,,
5/15/1993,0.16613,,,,,,,,
5/16/1993,0.16613,,,,,,,,
5/17/1993,0.16613,,,,,,,,
5/18/1993,0.16613,,,,,,,,
5/19/1993,0.16613,,,,,,,,
5/20/1993,0.16613,,,,,,,,
5/21/1993,0.16613,,,,,,,,
5/22/1993,0.16613,,,,,,,,
5/23/1993,0.16613,,,,,,,,
5/24/1993,0.16613,,,,,,,,
5/25/1993,0.16613,,,,,,,,
5/26/1993,0.16613,,,,,,,,
5/27/1993,0.16613,,,,,,,,
5/28/1993,0.16613,,,,,,,,
5/29/1993,0.16613,,,,,,,,
5/30/1993,0.16613,,,,,,,,
5/31/1993,0.16613,,,,,,,,
6/1/1993,0.20033,,,,,,,,
6/2/1993,0.20033,,,,,,,,
6/3/1993,0.20033,,,,,,,,
6/4/1993,0.20033,,,,,,,,
6/5/1993,0.20033,,,,,,,,
6/6/1993,0.20033,,,,,,,,
6/7/1993,0.20033,,,,,,,,
6/8/1993,0.20033,,,,,,,,
6/9/1993,0.20033,,,,,,,,
6/10/1993,0.20033,,,,,,,,
6/11/1993,0.20033,,,,,,,,
6/12/1993,0.20033,,,,,,,,
6/13/1993,0.20033,,,,,,,,
6/14/1993,0.20033,,,,,,,,
6/15/1993,0.20033,,,,,,,,
6/16/1993,0.20033,,,,,,,,
6/17/1993,0.20033,,,,,,,,
6/18/1993,0.20033,,,,,,,,
6/19/1993,0.20033,,,,,,,,
6/20/1993,0.20033,,,,,,,,
6/21/1993,0.20033,,,,,,,,
6/22/1993,0.20033,,,,,,,,
6/23/1993,0.20033,,,,,,,,
6/24/1993,0.20033,,,,,,,,
6/25/1993,0.20033,,,,,,,,
6/26/1993,0.20033,,,,,,,,
6/27/1993,0.20033,,,,,,,,
6/28/1993,0.20033,,,,,,,,
6/29/1993,0.20033,,,,,,,,
6/30/1993,0.20033,,,,,,,,
7/1/1993,0.23871,,,,,,,,
7/2/1993,0.23871,,,,,,,,
7/3/1993,0.23871,,,,,,,,
7/4/1993,0.23871,,,,,,,,
7/5/1993,0.23871,,,,,,,,
7/6/1993,0.23871,,,,,,,,
7/7/1993,0.23871,,,,,,,,
7/8/1993,0.23871,,,,,,,,
7/9/1993,0.23871,,,,,,,,
7/10/1993,0.23871,,,,,,,,
7/11/1993,0.23871,,,,,,,,
7/12/1993,0.23871,,,,,,,,
7/13/1993,0.23871,,,,,,,,
7/14/1993,0.23871,,,,,,,,
7/15/1993,0.23871,,,,,,,,
7/16/1993,0.23871,,,,,,,,
7/17/1993,0.23871,,,,,,,,
7/18/1993,0.23871,,,,,,,,
7/19/1993,0.23871,,,,,,,,
7/20/1993,0.23871,,,,,,,,
7/21/1993,0.23871,,,,,,,,
7/22/1993,0.23871,,,,,,,,
7/23/1993,0.23871,,,,,,,,
7/24/1993,0.23871,,,,,,,,
7/25/1993,0.23871,,,,,,,,
7/26/1993,0.23871,,,,,,,,
7/27/1993,0.23871,,,,,,,,
7/28/1993,0.23871,,,,,,,,
7/29/1993,0.23871,,,,,,,,
7/30/1993,0.23871,,,,,,,,
7/31/1993,0.23871,,,,,,,,
8/1/1993,0.21871,,,,,,,,
8/2/1993,0.21871,,,,,,,,
8/3/1993,0.21871,,,,,,,,
8/4/1993,0.21871,,,,,,,,
8/5/1993,0.21871,,,,,,,,
8/6/1993,0.21871,,,,,,,,
8/7/1993,0.21871,,,,,,,,
8/8/1993,0.21871,,,,,,,,
8/9/1993,0.21871,,,,,,,,
8/10/1993,0.21871,,,,,,,,
8/11/1993,0.21871,,,,,,,,
8/12/1993,0.21871,,,,,,,,
8/13/1993,0.21871,,,,,,,,
8/14/1993,0.21871,,,,,,,,
8/15/1993,0.21871,,,,,,,,
8/16/1993,0.21871,,,,,,,,
8/17/1993,0.21871,,,,,,,,
8/18/1993,0.21871,,,,,,,,
8/19/1993,0.21871,,,,,,,,
8/20/1993,0.21871,,,,,,,,
8/21/1993,0.21871,,,,,,,,
8/22/1993,0.21871,,,,,,,,
8/23/1993,0.21871,,,,,,,,
8/24/1993,0.21871,,,,,,,,
8/25/1993,0.21871,,,,,,,,
8/26/1993,0.21871,,,,,,,,
8/27/1993,0.21871,,,,,,,,
8/28/1993,0.21871,,,,,,,,
8/29/1993,0.21871,,,,,,,,
8/30/1993,0.21871,,,,,,,,
8/31/1993,0.21871,,,,,,,,
9/1/1993,0.156,,,,,,,,
9/2/1993,0.156,,,,,,,,
9/3/1993,0.156,,,,,,,,
9/4/1993,0.156,,,,,,,,
9/5/1993,0.156,,,,,,,,
9/6/1993,0.156,,,,,,,,
9/7/1993,0.156,,,,,,,,
9/8/1993,0.156,,,,,,,,
9/9/1993,0.156,,,,,,,,
9/10/1993,0.156,,,,,,,,
9/11/1993,0.156,,,,,,,,
9/12/1993,0.156,,,,,,,,
9/13/1993,0.156,,,,,,,,
9/14/1993,0.156,,,,,,,,
9/15/1993,0.156,,,,,,,,
9/16/1993,0.156,,,,,,,,
9/17/1993,0.156,,,,,,,,
9/18/1993,0.156,,,,,,,,
9/19/1993,0.156,,,,,,,,
9/20/1993,0.156,,,,,,,,
9/21/1993,0.156,,,,,,,,
9/22/1993,0.156,,,,,,,,
9/23/1993,0.156,,,,,,,,
9/24/1993,0.156,,,,,,,,
9/25/1993,0.156,,,,,,,,
9/26/1993,0.156,,,,,,,,
9/27/1993,0.156,,,,,,,,
9/28/1993,0.156,,,,,,,,
9/29/1993,0.156,,,,,,,,
9/30/1993,0.156,,,,,,,,
10/1/1993,0.0771,,,,,,,,
10/2/1993,0.0771,,,,,,,,
10/3/1993,0.0771,,,,,,,,
10/4/1993,0.0771,,,,,,,,
10/5/1993,0.0771,,,,,,,,
10/6/1993,0.0771,,,,,,,,
10/7/1993,0.0771,,,,,,,,
10/8/1993,0.0771,,,,,,,,
10/9/1993,0.0771,,,,,,,,
10/10/1993,0.0771,,,,,,,,
10/11/1993,0.0771,,,,,,,,
10/12/1993,0.0771,,,,,,,,
10/13/1993,0.0771,,,,,,,,
10/14/1993,0.0771,,,,,,,,
10/15/1993,0.0771,,,,,,,,
10/16/1993,0.0771,,,,,,,,
10/17/1993,0.0771,,,,,,,,
10/18/1993,0.0771,,,,,,,,
10/19/1993,0.0771,,,,,,,,
10/20/1993,0.0771,,,,,,,,
10/21/1993,0.0771,,,,,,,,
10/22/1993,0.0771,,,,,,,,
10/23/1993,0.0771,,,,,,,,
10/24/1993,0.0771,,,,,,,,
10/25/1993,0.0771,,,,,,,,
10/26/1993,0.0771,,,,,,,,
10/27/1993,0.0771,,,,,,,,
10/28/1993,0.0771,,,,,,,,
10/29/1993,0.0771,,,,,,,,
10/30/1993,0.0771,,,,,,,,
10/31/1993,0.0771,,,,,,,,
11/1/1993,0.035,,,,,,,,
11/2/1993,0.035,,,,,,,,
11/3/1993,0.035,,,,,,,,
11/4/1993,0.035,,,,,,,,
11/5/1993,0.035,,,,,,,,
11/6/1993,0.035,,,,,,,,
11/7/1993,0.035,,,,,,,,
11/8/1993,0.035,,,,,,,,
11/9/1993,0.035,,,,,,,,
11/10/1993,0.035,,,,,,,,
11/11/1993,0.035,,,,,,,,
11/12/1993,0.035,,,,,,,,
11/13/1993,0.035,,,,,,,,
11/14/1993,0.035,,,,,,,,
11/15/1993,0.035,,,,,,,,
11/16/1993,0.035,,,,,,,,
11/17/1993,0.035,,,,,,,,
11/18/1993,0.035,,,,,,,,
11/19/1993,0.035,,,,,,,,
11/20/1993,0.035,,,,,,,,
11/21/1993,0.035,,,,,,,,
11/22/1993,0.035,,,,,,,,
11/23/1993,0.035,,,,,,,,
11/24/1993,0.035,,,,,,,,
11/25/1993,0.035,,,,,,,,
11/26/1993,0.035,,,,,,,,
11/27/1993,0.035,,,,,,,,
11/28/1993,0.035,,,,,,,,
11/29/1993,0.035,,,,,,,,
11/30/1993,0.035,,,,,,,,
12/1/1993,0.01839,,,,,,,,
12/2/1993,0.01839,,,,,,,,
12/3/1993,0.01839,,,,,,,,
12/4/1993,0.01839,,,,,,,,
12/5/1993,0.01839,,,,,,,,
12/6/1993,0.01839,,,,,,,,
12/7/1993,0.01839,,,,,,,,
12/8/1993,0.01839,,,,,,,,
12/9/1993,0.01839,,,,,,,,
12/10/1993,0.01839,,,,,,,,
12/11/1993,0.01839,,,,,,,,
12/12/1993,0.01839,,,,,,,,
12/13/1993,0.01839,,,,,,,,
12/14/1993,0.01839,,,,,,,,
12/15/1993,0.01839,,,,,,,,
12/16/1993,0.01839,,,,,,,,
12/17/1993,0.01839,,,,,,,,
12/18/1993,0.01839,,,,,,,,
12/19/1993,0.01839,,,,,,,,
12/20/1993,0.01839,,,,,,,,
12/21/1993,0.01839,,,,,,,,
12/22/1993,0.01839,,,,,,,,
12/23/1993,0.01839,,,,,,,,
12/24/1993,0.01839,,,,,,,,
12/25/1993,0.01839,,,,,,,,
12/26/1993,0.01839,,,,,,,,
12/27/1993,0.01839,,,,,,,,
12/28/1993,0.01839,,,,,,,,
12/29/1993,0.01839,,,,,,,,
12/30/1993,0.01839,,,,,,,,
12/31/1993,0.01839,,,,,,,,
1/1/1994,0.02032,,,,,,,,
1/2/1994,0.02032,,,,,,,,
1/3/1994,0.02032,,,,,,,,
1/4/1994,0.02032,,,,,,,,
1/5/1994,0.02032,,,,,,,,
1/6/1994,0.02032,,,,,,,,
1/7/1994,0.02032,,,,,,,,
1/8/1994,0.02032,,,,,,,,
1/9/1994,0.02032,,,,,,,,
1/10/1994,0.02032,,,,,,,,
1/11/1994,0.02032,,,,,,,,
1/12/1994,0.02032,,,,,,,,
1/13/1994,0.02032,,,,,,,,
1/14/1994,0.02032,,,,,,,,
1/15/1994,0.02032,,,,,,,,
1/16/1994,0.02032,,,,,,,,
1/17/1994,0.02032,,,,,,,,
1/18/1994,0.02032,,,,,,,,
1/19/1994,0.02032,,,,,,,,
1/20/1994,0.02032,,,,,,,,
1/21/1994,0.02032,,,,,,,,
1/22/1994,0.02032,,,,,,,,
1/23/1994,0.02032,,,,,,,,
1/24/1994,0.02032,,,,,,,,
1/25/1994,0.02032,,,,,,,,
1/26/1994,0.02032,,,,,,,,
1/27/1994,0.02032,,,,,,,,
1/28/1994,0.02032,,,,,,,,
1/29/1994,0.02032,,,,,,,,
1/30/1994,0.02032,,,,,,,,
1/31/1994,0.02032,,,,,,,,
2/1/1994,0.04214,,,,,,,,
2/2/1994,0.04214,,,,,,,,
2/3/1994,0.04214,,,,,,,,
2/4/1994,0.04214,,,,,,,,
2/5/1994,0.04214,,,,,,,,
2/6/1994,0.04214,,,,,,,,
2/7/1994,0.04214,,,,,,,,
2/8/1994,0.04214,,,,,,,,
2/9/1994,0.04214,,,,,,,,
2/10/1994,0.04214,,,,,,,,
2/11/1994,0.04214,,,,,,,,
2/12/1994,0.04214,,,,,,,,
2/13/1994,0.04214,,,,,,,,
2/14/1994,0.04214,,,,,,,,
2/15/1994,0.04214,,,,,,,,
2/16/1994,0.04214,,,,,,,,
2/17/1994,0.04214,,,,,,,,
2/18/1994,0.04214,,,,,,,,
2/19/1994,0.04214,,,,,,,,
2/20/1994,0.04214,,,,,,,,
2/21/1994,0.04214,,,,,,,,
2/22/1994,0.04214,,,,,,,,
2/23/1994,0.04214,,,,,,,,
2/24/1994,0.04214,,,,,,,,
2/25/1994,0.04214,,,,,,,,
2/26/1994,0.04214,,,,,,,,
2/27/1994,0.04214,,,,,,,,
2/28/1994,0.04214,,,,,,,,
3/1/1994,0.07387,,,,,,,,
3/2/1994,0.07387,,,,,,,,
3/3/1994,0.07387,,,,,,,,
3/4/1994,0.07387,,,,,,,,
3/5/1994,0.07387,,,,,,,,
3/6/1994,0.07387,,,,,,,,
3/7/1994,0.07387,,,,,,,,
3/8/1994,0.07387,,,,,,,,
3/9/1994,0.07387,,,,,,,,
3/10/1994,0.07387,,,,,,,,
3/11/1994,0.07387,,,,,,,,
3/12/1994,0.07387,,,,,,,,
3/13/1994,0.07387,,,,,,,,
3/14/1994,0.07387,,,,,,,,
3/15/1994,0.07387,,,,,,,,
3/16/1994,0.07387,,,,,,,,
3/17/1994,0.07387,,,,,,,,
3/18/1994,0.07387,,,,,,,,
3/19/1994,0.07387,,,,,,,,
3/20/1994,0.07387,,,,,,,,
3/21/1994,0.07387,,,,,,,,
3/22/1994,0.07387,,,,,,,,
3/23/1994,0.07387,,,,,,,,
3/24/1994,0.07387,,,,,,,,
3/25/1994,0.07387,,,,,,,,
3/26/1994,0.07387,,,,,,,,
3/27/1994,0.07387,,,,,,,,
3/28/1994,0.07387,,,,,,,,
3/29/1994,0.07387,,,,,,,,
3/30/1994,0.07387,,,,,,,,
3/31/1994,0.07387,,,,,,,,
4/1/1994,0.11033,,,,,,,,
4/2/1994,0.11033,,,,,,,,
4/3/1994,0.11033,,,,,,,,
4/4/1994,0.11033,,,,,,,,
4/5/1994,0.11033,,,,,,,,
4/6/1994,0.11033,,,,,,,,
4/7/1994,0.11033,,,,,,,,
4/8/1994,0.11033,,,,,,,,
4/9/1994,0.11033,,,,,,,,
4/10/1994,0.11033,,,,,,,,
4/11/1994,0.11033,,,,,,,,
4/12/1994,0.11033,,,,,,,,
4/13/1994,0.11033,,,,,,,,
4/14/1994,0.11033,,,,,,,,
4/15/1994,0.11033,,,,,,,,
4/16/1994,0.11033,,,,,,,,
4/17/1994,0.11033,,,,,,,,
4/18/1994,0.11033,,,,,,,,
4/19/1994,0.11033,,,,,,,,
4/20/1994,0.11033,,,,,,,,
4/21/1994,0.11033,,,,,,,,
4/22/1994,0.11033,,,,,,,,
4/23/1994,0.11033,,,,,,,,
4/24/1994,0.11033,,,,,,,,
4/25/1994,0.11033,,,,,,,,
4/26/1994,0.11033,,,,,,,,
4/27/1994,0.11033,,,,,,,,
4/28/1994,0.11033,,,,,,,,
4/29/1994,0.11033,,,,,,,,
4/30/1994,0.11033,,,,,,,,
5/1/1994,0.16613,,,,,,,,
5/2/1994,0.16613,,,,,,,,
5/3/1994,0.16613,,,,,,,,
5/4/1994,0.16613,,,,,,,,
5/5/1994,0.16613,,,,,,,,
5/6/1994,0.16613,,,,,,,,
5/7/1994,0.16613,,,,,,,,
5/8/1994,0.16613,,,,,,,,
5/9/1994,0.16613,,,,,,,,
5/10/1994,0.16613,,,,,,,,
5/11/1994,0.16613,,,,,,,,
5/12/1994,0.16613,,,,,,,,
5/13/1994,0.16613,,,,,,,,
5/14/1994,0.16613,,,,,,,,
5/15/1994,0.16613,,,,,,,,
5/16/1994,0.16613,,,,,,,,
5/17/1994,0.16613,,,,,,,,
5/18/1994,0.16613,,,,,,,,
5/19/1994,0.16613,,,,,,,,
5/20/1994,0.16613,,,,,,,,
5/21/1994,0.16613,,,,,,,,
5/22/1994,0.16613,,,,,,,,
5/23/1994,0.16613,,,,,,,,
5/24/1994,0.16613,,,,,,,,
5/25/1994,0.16613,,,,,,,,
5/26/1994,0.16613,,,,,,,,
5/27/1994,0.16613,,,,,,,,
5/28/1994,0.16613,,,,,,,,
5/29/1994,0.16613,,,,,,,,
5/30/1994,0.16613,,,,,,,,
5/31/1994,0.16613,,,,,,,,
6/1/1994,0.20033,,,,,,,,
6/2/1994,0.20033,,,,,,,,
6/3/1994,0.20033,,,,,,,,
6/4/1994,0.20033,,,,,,,,
6/5/1994,0.20033,,,,,,,,
6/6/1994,0.20033,,,,,,,,
6/7/1994,0.20033,,,,,,,,
6/8/1994,0.20033,,,,,,,,
6/9/1994,0.20033,,,,,,,,
6/10/1994,0.20033,,,,,,,,
6/11/1994,0.20033,,,,,,,,
6/12/1994,0.20033,,,,,,,,
6/13/1994,0.20033,,,,,,,,
6/14/1994,0.20033,,,,,,,,
6/15/1994,0.20033,,,,,,,,
6/16/1994,0.20033,,,,,,,,
6/17/1994,0.20033,,,,,,,,
6/18/1994,0.20033,,,,,,,,
6/19/1994,0.20033,,,,,,,,
6/20/1994,0.20033,,,,,,,,
6/21/1994,0.20033,,,,,,,,
6/22/1994,0.20033,,,,,,,,
6/23/1994,0.20033,,,,,,,,
6/24/1994,0.20033,,,,,,,,
6/25/1994,0.20033,,,,,,,,
6/26/1994,0.20033,,,,,,,,
6/27/1994,0.20033,,,,,,,,
6/28/1994,0.20033,,,,,,,,
6/29/1994,0.20033,,,,,,,,
6/30/1994,0.20033,,,,,,,,
7/1/1994,0.23871,,,,,,,,
7/2/1994,0.23871,,,,,,,,
7/3/1994,0.23871,,,,,,,,
7/4/1994,0.23871,,,,,,,,
7/5/1994,0.23871,,,,,,,,
7/6/1994,0.23871,,,,,,,,
7/7/1994,0.23871,,,,,,,,
7/8/1994,0.23871,,,,,,,,
7/9/1994,0.23871,,,,,,,,
7/10/1994,0.23871,,,,,,,,
7/11/1994,0.23871,,,,,,,,
7/12/1994,0.23871,,,,,,,,
7/13/1994,0.23871,,,,,,,,
7/14/1994,0.23871,,,,,,,,
7/15/1994,0.23871,,,,,,,,
7/16/1994,0.23871,,,,,,,,
7/17/1994,0.23871,,,,,,,,
7/18/1994,0.23871,,,,,,,,
7/19/1994,0.23871,,,,,,,,
7/20/1994,0.23871,,,,,,,,
7/21/1994,0.23871,,,,,,,,
7/22/1994,0.23871,,,,,,,,
7/23/1994,0.23871,,,,,,,,
7/24/1994,0.23871,,,,,,,,
7/25/1994,0.23871,,,,,,,,
7/26/1994,0.23871,,,,,,,,
7/27/1994,0.23871,,,,,,,,
7/28/1994,0.23871,,,,,,,,
7/29/1994,0.23871,,,,,,,,
7/30/1994,0.23871,,,,,,,,
7/31/1994,0.23871,,,,,,,,
8/1/1994,0.21871,,,,,,,,
8/2/1994,0.21871,,,,,,,,
8/3/1994,0.21871,,,,,,,,
8/4/1994,0.21871,,,,,,,,
8/5/1994,0.21871,,,,,,,,
8/6/1994,0.21871,,,,,,,,
8/7/1994,0.21871,,,,,,,,
8/8/1994,0.21871,,,,,,,,
8/9/1994,0.21871,,,,,,,,
8/10/1994,0.21871,,,,,,,,
8/11/1994,0.21871,,,,,,,,
8/12/1994,0.21871,,,,,,,,
8/13/1994,0.21871,,,,,,,,
8/14/1994,0.21871,,,,,,,,
8/15/1994,0.21871,,,,,,,,
8/16/1994,0.21871,,,,,,,,
8/17/1994,0.21871,,,,,,,,
8/18/1994,0.21871,,,,,,,,
8/19/1994,0.21871,,,,,,,,
8/20/1994,0.21871,,,,,,,,
8/21/1994,0.21871,,,,,,,,
8/22/1994,0.21871,,,,,,,,
8/23/1994,0.21871,,,,,,,,
8/24/1994,0.21871,,,,,,,,
8/25/1994,0.21871,,,,,,,,
8/26/1994,0.21871,,,,,,,,
8/27/1994,0.21871,,,,,,,,
8/28/1994,0.21871,,,,,,,,
8/29/1994,0.21871,,,,,,,,
8/30/1994,0.21871,,,,,,,,
8/31/1994,0.21871,,,,,,,,
9/1/1994,0.156,,,,,,,,
9/2/1994,0.156,,,,,,,,
9/3/1994,0.156,,,,,,,,
9/4/1994,0.156,,,,,,,,
9/5/1994,0.156,,,,,,,,
9/6/1994,0.156,,,,,,,,
9/7/1994,0.156,,,,,,,,
9/8/1994,0.156,,,,,,,,
9/9/1994,0.156,,,,,,,,
9/10/1994,0.156,,,,,,,,
9/11/1994,0.156,,,,,,,,
9/12/1994,0.156,,,,,,,,
9/13/1994,0.156,,,,,,,,
9/14/1994,0.156,,,,,,,,
9/15/1994,0.156,,,,,,,,
9/16/1994,0.156,,,,,,,,
9/17/1994,0.156,,,,,,,,
9/18/1994,0.156,,,,,,,,
9/19/1994,0.156,,,,,,,,
9/20/1994,0.156,,,,,,,,
9/21/1994,0.156,,,,,,,,
9/22/1994,0.156,,,,,,,,
9/23/1994,0.156,,,,,,,,
9/24/1994,0.156,,,,,,,,
9/25/1994,0.156,,,,,,,,
9/26/1994,0.156,,,,,,,,
9/27/1994,0.156,,,,,,,,
9/28/1994,0.156,,,,,,,,
9/29/1994,0.156,,,,,,,,
9/30/1994,0.156,,,,,,,,
10/1/1994,0.0771,,,,,,,,
10/2/1994,0.0771,,,,,,,,
10/3/1994,0.0771,,,,,,,,
10/4/1994,0.0771,,,,,,,,
10/5/1994,0.0771,,,,,,,,
10/6/1994,0.0771,,,,,,,,
10/7/1994,0.0771,,,,,,,,
10/8/1994,0.0771,,,,,,,,
10/9/1994,0.0771,,,,,,,,
10/10/1994,0.0771,,,,,,,,
10/11/1994,0.0771,,,,,,,,
10/12/1994,0.0771,,,,,,,,
10/13/1994,0.0771,,,,,,,,
10/14/1994,0.0771,,,,,,,,
10/15/1994,0.0771,,,,,,,,
10/16/1994,0.0771,,,,,,,,
10/17/1994,0.0771,,,,,,,,
10/18/1994,0.0771,,,,,,,,
10/19/1994,0.0771,,,,,,,,
10/20/1994,0.0771,,,,,,,,
10/21/1994,0.0771,,,,,,,,
10/22/1994,0.0771,,,,,,,,
10/23/1994,0.0771,,,,,,,,
10/24/1994,0.0771,,,,,,,,
10/25/1994,0.0771,,,,,,,,
10/26/1994,0.0771,,,,,,,,
10/27/1994,0.0771,,,,,,,,
10/28/1994,0.0771,,,,,,,,
10/29/1994,0.0771,,,,,,,,
10/30/1994,0.0771,,,,,,,,
10/31/1994,0.0771,,,,,,,,
11/1/1994,0.035,,,,,,,,
11/2/1994,0.035,,,,,,,,
11/3/1994,0.035,,,,,,,,
11/4/1994,0.035,,,,,,,,
11/5/1994,0.035,,,,,,,,
11/6/1994,0.035,,,,,,,,
11/7/1994,0.035,,,,,,,,
11/8/1994,0.035,,,,,,,,
11/9/1994,0.035,,,,,,,,
11/10/1994,0.035,,,,,,,,
11/11/1994,0.035,,,,,,,,
11/12/1994,0.035,,,,,,,,
11/13/1994,0.035,,,,,,,,
11/14/1994,0.035,,,,,,,,
11/15/1994,0.035,,,,,,,,
11/16/1994,0.035,,,,,,,,
11/17/1994,0.035,,,,,,,,
11/18/1994,0.035,,,,,,,,
11/19/1994,0.035,,,,,,,,
11/20/1994,0.035,,,,,,,,
11/21/1994,0.035,,,,,,,,
11/22/1994,0.035,,,,,,,,
11/23/1994,0.035,,,,,,,,
11/24/1994,0.035,,,,,,,,
11/25/1994,0.035,,,,,,,,
11/26/1994,0.035,,,,,,,,
11/27/1994,0.035,,,,,,,,
11/28/1994,0.035,,,,,,,,
11/29/1994,0.035,,,,,,,,
11/30/1994,0.035,,,,,,,,
12/1/1994,0.01839,,,,,,,,
12/2/1994,0.01839,,,,,,,,
12/3/1994,0.01839,,,,,,,,
12/4/1994,0.01839,,,,,,,,
12/5/1994,0.01839,,,,,,,,
12/6/1994,0.01839,,,,,,,,
12/7/1994,0.01839,,,,,,,,
12/8/1994,0.01839,,,,,,,,
12/9/1994,0.01839,,,,,,,,
12/10/1994,0.01839,,,,,,,,
12/11/1994,0.01839,,,,,,,,
12/12/1994,0.01839,,,,,,,,
12/13/1994,0.01839,,,,,,,,
12/14/1994,0.01839,,,,,,,,
12/15/1994,0.01839,,,,,,,,
12/16/1994,0.01839,,,,,,,,
12/17/1994,0.01839,,,,,,,,
12/18/1994,0.01839,,,,,,,,
12/19/1994,0.01839,,,,,,,,
12/20/1994,0.01839,,,,,,,,
12/21/1994,0.01839,,,,,,,,
12/22/1994,0.01839,,,,,,,,
12/23/1994,0.01839,,,,,,,,
12/24/1994,0.01839,,,,,,,,
12/25/1994,0.01839,,,,,,,,
12/26/1994,0.01839,,,,,,,,
12/27/1994,0.01839,,,,,,,,
12/28/1994,0.01839,,,,,,,,
12/29/1994,0.01839,,,,,,,,
12/30/1994,0.01839,,,,,,,,
12/31/1994,0.01839,,,,,,,,
1/1/1995,0.02032,,,,,,,,
1/2/1995,0.02032,,,,,,,,
1/3/1995,0.02032,,,,,,,,
1/4/1995,0.02032,,,,,,,,
1/5/1995,0.02032,,,,,,,,
1/6/1995,0.02032,,,,,,,,
1/7/1995,0.02032,,,,,,,,
1/8/1995,0.02032,,,,,,,,
1/9/1995,0.02032,,,,,,,,
1/10/1995,0.02032,,,,,,,,
1/11/1995,0.02032,,,,,,,,
1/12/1995,0.02032,,,,,,,,
1/13/1995,0.02032,,,,,,,,
1/14/1995,0.02032,,,,,,,,
1/15/1995,0.02032,,,,,,,,
1/16/1995,0.02032,,,,,,,,
1/17/1995,0.02032,,,,,,,,
1/18/1995,0.02032,,,,,,,,
1/19/1995,0.02032,,,,,,,,
1/20/1995,0.02032,,,,,,,,
1/21/1995,0.02032,,,,,,,,
1/22/1995,0.02032,,,,,,,,
1/23/1995,0.02032,,,,,,,,
1/24/1995,0.02032,,,,,,,,
1/25/1995,0.02032,,,,,,,,
1/26/1995,0.02032,,,,,,,,
1/27/1995,0.02032,,,,,,,,
1/28/1995,0.02032,,,,,,,,
1/29/1995,0.02032,,,,,,,,
1/30/1995,0.02032,,,,,,,,
1/31/1995,0.02032,,,,,,,,
2/1/1995,0.04214,,,,,,,,
2/2/1995,0.04214,,,,,,,,
2/3/1995,0.04214,,,,,,,,
2/4/1995,0.04214,,,,,,,,
2/5/1995,0.04214,,,,,,,,
2/6/1995,0.04214,,,,,,,,
2/7/1995,0.04214,,,,,,,,
2/8/1995,0.04214,,,,,,,,
2/9/1995,0.04214,,,,,,,,
2/10/1995,0.04214,,,,,,,,
2/11/1995,0.04214,,,,,,,,
2/12/1995,0.04214,,,,,,,,
2/13/1995,0.04214,,,,,,,,
2/14/1995,0.04214,,,,,,,,
2/15/1995,0.04214,,,,,,,,
2/16/1995,0.04214,,,,,,,,
2/17/1995,0.04214,,,,,,,,
2/18/1995,0.04214,,,,,,,,
2/19/1995,0.04214,,,,,,,,
2/20/1995,0.04214,,,,,,,,
2/21/1995,0.04214,,,,,,,,
2/22/1995,0.04214,,,,,,,,
2/23/1995,0.04214,,,,,,,,
2/24/1995,0.04214,,,,,,,,
2/25/1995,0.04214,,,,,,,,
2/26/1995,0.04214,,,,,,,,
2/27/1995,0.04214,,,,,,,,
2/28/1995,0.04214,,,,,,,,
3/1/1995,0.07387,,,,,,,,
3/2/1995,0.07387,,,,,,,,
3/3/1995,0.07387,,,,,,,,
3/4/1995,0.07387,,,,,,,,
3/5/1995,0.07387,,,,,,,,
3/6/1995,0.07387,,,,,,,,
3/7/1995,0.07387,,,,,,,,
3/8/1995,0.07387,,,,,,,,
3/9/1995,0.07387,,,,,,,,
3/10/1995,0.07387,,,,,,,,
3/11/1995,0.07387,,,,,,,,
3/12/1995,0.07387,,,,,,,,
3/13/1995,0.07387,,,,,,,,
3/14/1995,0.07387,,,,,,,,
3/15/1995,0.07387,,,,,,,,
3/16/1995,0.07387,,,,,,,,
3/17/1995,0.07387,,,,,,,,
3/18/1995,0.07387,,,,,,,,
3/19/1995,0.07387,,,,,,,,
3/20/1995,0.07387,,,,,,,,
3/21/1995,0.07387,,,,,,,,
3/22/1995,0.07387,,,,,,,,
3/23/1995,0.07387,,,,,,,,
3/24/1995,0.07387,,,,,,,,
3/25/1995,0.07387,,,,,,,,
3/26/1995,0.07387,,,,,,,,
3/27/1995,0.07387,,,,,,,,
3/28/1995,0.07387,,,,,,,,
3/29/1995,0.07387,,,,,,,,
3/30/1995,0.07387,,,,,,,,
3/31/1995,0.07387,,,,,,,,
4/1/1995,0.11033,,,,,,,,
4/2/1995,0.11033,,,,,,,,
4/3/1995,0.11033,,,,,,,,
4/4/1995,0.11033,,,,,,,,
4/5/1995,0.11033,,,,,,,,
4/6/1995,0.11033,,,,,,,,
4/7/1995,0.11033,,,,,,,,
4/8/1995,0.11033,,,,,,,,
4/9/1995,0.11033,,,,,,,,
4/10/1995,0.11033,,,,,,,,
4/11/1995,0.11033,,,,,,,,
4/12/1995,0.11033,,,,,,,,
4/13/1995,0.11033,,,,,,,,
4/14/1995,0.11033,,,,,,,,
4/15/1995,0.11033,,,,,,,,
4/16/1995,0.11033,,,,,,,,
4/17/1995,0.11033,,,,,,,,
4/18/1995,0.11033,,,,,,,,
4/19/1995,0.11033,,,,,,,,
4/20/1995,0.11033,,,,,,,,
4/21/1995,0.11033,,,,,,,,
4/22/1995,0.11033,,,,,,,,
4/23/1995,0.11033,,,,,,,,
4/24/1995,0.11033,,,,,,,,
4/25/1995,0.11033,,,,,,,,
4/26/1995,0.11033,,,,,,,,
4/27/1995,0.11033,,,,,,,,
4/28/1995,0.11033,,,,,,,,
4/29/1995,0.11033,,,,,,,,
4/30/1995,0.11033,,,,,,,,
5/1/1995,0.16613,,,,,,,,
5/2/1995,0.16613,,,,,,,,
5/3/1995,0.16613,,,,,,,,
5/4/1995,0.16613,,,,,,,,
5/5/1995,0.16613,,,,,,,,
5/6/1995,0.16613,,,,,,,,
5/7/1995,0.16613,,,,,,,,
5/8/1995,0.16613,,,,,,,,
5/9/1995,0.16613,,,,,,,,
5/10/1995,0.16613,,,,,,,,
5/11/1995,0.16613,,,,,,,,
5/12/1995,0.16613,,,,,,,,
5/13/1995,0.16613,,,,,,,,
5/14/1995,0.16613,,,,,,,,
5/15/1995,0.16613,,,,,,,,
5/16/1995,0.16613,,,,,,,,
5/17/1995,0.16613,,,,,,,,
5/18/1995,0.16613,,,,,,,,
5/19/1995,0.16613,,,,,,,,
5/20/1995,0.16613,,,,,,,,
5/21/1995,0.16613,,,,,,,,
5/22/1995,0.16613,,,,,,,,
5/23/1995,0.16613,,,,,,,,
5/24/1995,0.16613,,,,,,,,
5/25/1995,0.16613,,,,,,,,
5/26/1995,0.16613,,,,,,,,
5/27/1995,0.16613,,,,,,,,
5/28/1995,0.16613,,,,,,,,
5/29/1995,0.16613,,,,,,,,
5/30/1995,0.16613,,,,,,,,
5/31/1995,0.16613,,,,,,,,
6/1/1995,0.20033,,,,,,,,
6/2/1995,0.20033,,,,,,,,
6/3/1995,0.20033,,,,,,,,
6/4/1995,0.20033,,,,,,,,
6/5/1995,0.20033,,,,,,,,
6/6/1995,0.20033,,,,,,,,
6/7/1995,0.20033,,,,,,,,
6/8/1995,0.20033,,,,,,,,
6/9/1995,0.20033,,,,,,,,
6/10/1995,0.20033,,,,,,,,
6/11/1995,0.20033,,,,,,,,
6/12/1995,0.20033,,,,,,,,
6/13/1995,0.20033,,,,,,,,
6/14/1995,0.20033,,,,,,,,
6/15/1995,0.20033,,,,,,,,
6/16/1995,0.20033,,,,,,,,
6/17/1995,0.20033,,,,,,,,
6/18/1995,0.20033,,,,,,,,
6/19/1995,0.20033,,,,,,,,
6/20/1995,0.20033,,,,,,,,
6/21/1995,0.20033,,,,,,,,
6/22/1995,0.20033,,,,,,,,
6/23/1995,0.20033,,,,,,,,
6/24/1995,0.20033,,,,,,,,
6/25/1995,0.20033,,,,,,,,
6/26/1995,0.20033,,,,,,,,
6/27/1995,0.20033,,,,,,,,
6/28/1995,0.20033,,,,,,,,
6/29/1995,0.20033,,,,,,,,
6/30/1995,0.20033,,,,,,,,
7/1/1995,0.23871,,,,,,,,
7/2/1995,0.23871,,,,,,,,
7/3/1995,0.23871,,,,,,,,
7/4/1995,0.23871,,,,,,,,
7/5/1995,0.23871,,,,,,,,
7/6/1995,0.23871,,,,,,,,
7/7/1995,0.23871,,,,,,,,
7/8/1995,0.23871,,,,,,,,
7/9/1995,0.23871,,,,,,,,
7/10/1995,0.23871,,,,,,,,
7/11/1995,0.23871,,,,,,,,
7/12/1995,0.23871,,,,,,,,
7/13/1995,0.23871,,,,,,,,
7/14/1995,0.23871,,,,,,,,
7/15/1995,0.23871,,,,,,,,
7/16/1995,0.23871,,,,,,,,
7/17/1995,0.23871,,,,,,,,
7/18/1995,0.23871,,,,,,,,
7/19/1995,0.23871,,,,,,,,
7/20/1995,0.23871,,,,,,,,
7/21/1995,0.23871,,,,,,,,
7/22/1995,0.23871,,,,,,,,
7/23/1995,0.23871,,,,,,,,
7/24/1995,0.23871,,,,,,,,
7/25/1995,0.23871,,,,,,,,
7/26/1995,0.23871,,,,,,,,
7/27/1995,0.23871,,,,,,,,
7/28/1995,0.23871,,,,,,,,
7/29/1995,0.23871,,,,,,,,
7/30/1995,0.23871,,,,,,,,
7/31/1995,0.23871,,,,,,,,
8/1/1995,0.21871,,,,,,,,
8/2/1995,0.21871,,,,,,,,
8/3/1995,0.21871,,,,,,,,
8/4/1995,0.21871,,,,,,,,
8/5/1995,0.21871,,,,,,,,
8/6/1995,0.21871,,,,,,,,
8/7/1995,0.21871,,,,,,,,
8/8/1995,0.21871,,,,,,,,
8/9/1995,0.21871,,,,,,,,
8/10/1995,0.21871,,,,,,,,
8/11/1995,0.21871,,,,,,,,
8/12/1995,0.21871,,,,,,,,
8/13/1995,0.21871,,,,,,,,
8/14/1995,0.21871,,,,,,,,
8/15/1995,0.21871,,,,,,,,
8/16/1995,0.21871,,,,,,,,
8/17/1995,0.21871,,,,,,,,
8/18/1995,0.21871,,,,,,,,
8/19/1995,0.21871,,,,,,,,
8/20/1995,0.21871,,,,,,,,
8/21/1995,0.21871,,,,,,,,
8/22/1995,0.21871,,,,,,,,
8/23/1995,0.21871,,,,,,,,
8/24/1995,0.21871,,,,,,,,
8/25/1995,0.21871,,,,,,,,
8/26/1995,0.21871,,,,,,,,
8/27/1995,0.21871,,,,,,,,
8/28/1995,0.21871,,,,,,,,
8/29/1995,0.21871,,,,,,,,
8/30/1995,0.21871,,,,,,,,
8/31/1995,0.21871,,,,,,,,
9/1/1995,0.156,,,,,,,,
9/2/1995,0.156,,,,,,,,
9/3/1995,0.156,,,,,,,,
9/4/1995,0.156,,,,,,,,
9/5/1995,0.156,,,,,,,,
9/6/1995,0.156,,,,,,,,
9/7/1995,0.156,,,,,,,,
9/8/1995,0.156,,,,,,,,
9/9/1995,0.156,,,,,,,,
9/10/1995,0.156,,,,,,,,
9/11/1995,0.156,,,,,,,,
9/12/1995,0.156,,,,,,,,
9/13/1995,0.156,,,,,,,,
9/14/1995,0.156,,,,,,,,
9/15/1995,0.156,,,,,,,,
9/16/1995,0.156,,,,,,,,
9/17/1995,0.156,,,,,,,,
9/18/1995,0.156,,,,,,,,
9/19/1995,0.156,,,,,,,,
9/20/1995,0.156,,,,,,,,
9/21/1995,0.156,,,,,,,,
9/22/1995,0.156,,,,,,,,
9/23/1995,0.156,,,,,,,,
9/24/1995,0.156,,,,,,,,
9/25/1995,0.156,,,,,,,,
9/26/1995,0.156,,,,,,,,
9/27/1995,0.156,,,,,,,,
9/28/1995,0.156,,,,,,,,
9/29/1995,0.156,,,,,,,,
9/30/1995,0.156,,,,,,,,
10/1/1995,0.0771,,,,,,,,
10/2/1995,0.0771,,,,,,,,
10/3/1995,0.0771,,,,,,,,
10/4/1995,0.0771,,,,,,,,
10/5/1995,0.0771,,,,,,,,
10/6/1995,0.0771,,,,,,,,
10/7/1995,0.0771,,,,,,,,
10/8/1995,0.0771,,,,,,,,
10/9/1995,0.0771,,,,,,,,
10/10/1995,0.0771,,,,,,,,
10/11/1995,0.0771,,,,,,,,
10/12/1995,0.0771,,,,,,,,
10/13/1995,0.0771,,,,,,,,
10/14/1995,0.0771,,,,,,,,
10/15/1995,0.0771,,,,,,,,
10/16/1995,0.0771,,,,,,,,
10/17/1995,0.0771,,,,,,,,
10/18/1995,0.0771,,,,,,,,
10/19/1995,0.0771,,,,,,,,
10/20/1995,0.0771,,,,,,,,
10/21/1995,0.0771,,,,,,,,
10/22/1995,0.0771,,,,,,,,
10/23/1995,0.0771,,,,,,,,
10/24/1995,0.0771,,,,,,,,
10/25/1995,0.0771,,,,,,,,
10/26/1995,0.0771,,,,,,,,
10/27/1995,0.0771,,,,,,,,
10/28/1995,0.0771,,,,,,,,
10/29/1995,0.0771,,,,,,,,
10/30/1995,0.0771,,,,,,,,
10/31/1995,0.0771,,,,,,,,
11/1/1995,0.035,,,,,,,,
11/2/1995,0.035,,,,,,,,
11/3/1995,0.035,,,,,,,,
11/4/1995,0.035,,,,,,,,
11/5/1995,0.035,,,,,,,,
11/6/1995,0.035,,,,,,,,
11/7/1995,0.035,,,,,,,,
11/8/1995,0.035,,,,,,,,
11/9/1995,0.035,,,,,,,,
11/10/1995,0.035,,,,,,,,
11/11/1995,0.035,,,,,,,,
11/12/1995,0.035,,,,,,,,
11/13/1995,0.035,,,,,,,,
11/14/1995,0.035,,,,,,,,
11/15/1995,0.035,,,,,,,,
11/16/1995,0.035,,,,,,,,
11/17/1995,0.035,,,,,,,,
11/18/1995,0.035,,,,,,,,
11/19/1995,0.035,,,,,,,,
11/20/1995,0.035,,,,,,,,
11/21/1995,0.035,,,,,,,,
11/22/1995,0.035,,,,,,,,
11/23/1995,0.035,,,,,,,,
11/24/1995,0.035,,,,,,,,
11/25/1995,0.035,,,,,,,,
11/26/1995,0.035,,,,,,,,
11/27/1995,0.035,,,,,,,,
11/28/1995,0.035,,,,,,,,
11/29/1995,0.035,,,,,,,,
11/30/1995,0.035,,,,,,,,
12/1/1995,0.01839,,,,,,,,
12/2/1995,0.01839,,,,,,,,
12/3/1995,0.01839,,,,,,,,
12/4/1995,0.01839,,,,,,,,
12/5/1995,0.01839,,,,,,,,
12/6/1995,0.01839,,,,,,,,
12/7/1995,0.01839,,,,,,,,
12/8/1995,0.01839,,,,,,,,
12/9/1995,0.01839,,,,,,,,
12/10/1995,0.01839,,,,,,,,
12/11/1995,0.01839,,,,,,,,
12/12/1995,0.01839,,,,,,,,
12/13/1995,0.01839,,,,,,,,
12/14/1995,0.01839,,,,,,,,
12/15/1995,0.01839,,,,,,,,
12/16/1995,0.01839,,,,,,,,
12/17/1995,0.01839,,,,,,,,
12/18/1995,0.01839,,,,,,,,
12/19/1995,0.01839,,,,,,,,
12/20/1995,0.01839,,,,,,,,
12/21/1995,0.01839,,,,,,,,
12/22/1995,0.01839,,,,,,,,
12/23/1995,0.01839,,,,,,,,
12/24/1995,0.01839,,,,,,,,
12/25/1995,0.01839,,,,,,,,
12/26/1995,0.01839,,,,,,,,
12/27/1995,0.01839,,,,,,,,
12/28/1995,0.01839,,,,,,,,
12/29/1995,0.01839,,,,,,,,
12/30/1995,0.01839,,,,,,,,
12/31/1995,0.01839,,,,,,,,
1/1/1996,0.02032,,,,,,,,
1/2/1996,0.02032,,,,,,,,
1/3/1996,0.02032,,,,,,,,
1/4/1996,0.02032,,,,,,,,
1/5/1996,0.02032,,,,,,,,
1/6/1996,0.02032,,,,,,,,
1/7/1996,0.02032,,,,,,,,
1/8/1996,0.02032,,,,,,,,
1/9/1996,0.02032,,,,,,,,
1/10/1996,0.02032,,,,,,,,
1/11/1996,0.02032,,,,,,,,
1/12/1996,0.02032,,,,,,,,
1/13/1996,0.02032,,,,,,,,
1/14/1996,0.02032,,,,,,,,
1/15/1996,0.02032,,,,,,,,
1/16/1996,0.02032,,,,,,,,
1/17/1996,0.02032,,,,,,,,
1/18/1996,0.02032,,,,,,,,
1/19/1996,0.02032,,,,,,,,
1/20/1996,0.02032,,,,,,,,
1/21/1996,0.02032,,,,,,,,
1/22/1996,0.02032,,,,,,,,
1/23/1996,0.02032,,,,,,,,
1/24/1996,0.02032,,,,,,,,
1/25/1996,0.02032,,,,,,,,
1/26/1996,0.02032,,,,,,,,
1/27/1996,0.02032,,,,,,,,
1/28/1996,0.02032,,,,,,,,
1/29/1996,0.02032,,,,,,,,
1/30/1996,0.02032,,,,,,,,
1/31/1996,0.02032,,,,,,,,
2/1/1996,0.04214,,,,,,,,
2/2/1996,0.04214,,,,,,,,
2/3/1996,0.04214,,,,,,,,
2/4/1996,0.04214,,,,,,,,
2/5/1996,0.04214,,,,,,,,
2/6/1996,0.04214,,,,,,,,
2/7/1996,0.04214,,,,,,,,
2/8/1996,0.04214,,,,,,,,
2/9/1996,0.04214,,,,,,,,
2/10/1996,0.04214,,,,,,,,
2/11/1996,0.04214,,,,,,,,
2/12/1996,0.04214,,,,,,,,
2/13/1996,0.04214,,,,,,,,
2/14/1996,0.04214,,,,,,,,
2/15/1996,0.04214,,,,,,,,
2/16/1996,0.04214,,,,,,,,
2/17/1996,0.04214,,,,,,,,
2/18/1996,0.04214,,,,,,,,
2/19/1996,0.04214,,,,,,,,
2/20/1996,0.04214,,,,,,,,
2/21/1996,0.04214,,,,,,,,
2/22/1996,0.04214,,,,,,,,
2/23/1996,0.04214,,,,,,,,
2/24/1996,0.04214,,,,,,,,
2/25/1996,0.04214,,,,,,,,
2/26/1996,0.04214,,,,,,,,
2/27/1996,0.04214,,,,,,,,
2/28/1996,0.04214,,,,,,,,
2/29/1996,0.04214,,,,,,,,
3/1/1996,0.07387,,,,,,,,
3/2/1996,0.07387,,,,,,,,
3/3/1996,0.07387,,,,,,,,
3/4/1996,0.07387,,,,,,,,
3/5/1996,0.07387,,,,,,,,
3/6/1996,0.07387,,,,,,,,
3/7/1996,0.07387,,,,,,,,
3/8/1996,0.07387,,,,,,,,
3/9/1996,0.07387,,,,,,,,
3/10/1996,0.07387,,,,,,,,
3/11/1996,0.07387,,,,,,,,
3/12/1996,0.07387,,,,,,,,
3/13/1996,0.07387,,,,,,,,
3/14/1996,0.07387,,,,,,,,
3/15/1996,0.07387,,,,,,,,
3/16/1996,0.07387,,,,,,,,
3/17/1996,0.07387,,,,,,,,
3/18/1996,0.07387,,,,,,,,
3/19/1996,0.07387,,,,,,,,
3/20/1996,0.07387,,,,,,,,
3/21/1996,0.07387,,,,,,,,
3/22/1996,0.07387,,,,,,,,
3/23/1996,0.07387,,,,,,,,
3/24/1996,0.07387,,,,,,,,
3/25/1996,0.07387,,,,,,,,
3/26/1996,0.07387,,,,,,,,
3/27/1996,0.07387,,,,,,,,
3/28/1996,0.07387,,,,,,,,
3/29/1996,0.07387,,,,,,,,
3/30/1996,0.07387,,,,,,,,
3/31/1996,0.07387,,,,,,,,
4/1/1996,0.11033,,,,,,,,
4/2/1996,0.11033,,,,,,,,
4/3/1996,0.11033,,,,,,,,
4/4/1996,0.11033,,,,,,,,
4/5/1996,0.11033,,,,,,,,
4/6/1996,0.11033,,,,,,,,
4/7/1996,0.11033,,,,,,,,
4/8/1996,0.11033,,,,,,,,
4/9/1996,0.11033,,,,,,,,
4/10/1996,0.11033,,,,,,,,
4/11/1996,0.11033,,,,,,,,
4/12/1996,0.11033,,,,,,,,
4/13/1996,0.11033,,,,,,,,
4/14/1996,0.11033,,,,,,,,
4/15/1996,0.11033,,,,,,,,
4/16/1996,0.11033,,,,,,,,
4/17/1996,0.11033,,,,,,,,
4/18/1996,0.11033,,,,,,,,
4/19/1996,0.11033,,,,,,,,
4/20/1996,0.11033,,,,,,,,
4/21/1996,0.11033,,,,,,,,
4/22/1996,0.11033,,,,,,,,
4/23/1996,0.11033,,,,,,,,
4/24/1996,0.11033,,,,,,,,
4/25/1996,0.11033,,,,,,,,
4/26/1996,0.11033,,,,,,,,
4/27/1996,0.11033,,,,,,,,
4/28/1996,0.11033,,,,,,,,
4/29/1996,0.11033,,,,,,,,
4/30/1996,0.11033,,,,,,,,
5/1/1996,0.16613,,,,,,,,
5/2/1996,0.16613,,,,,,,,
5/3/1996,0.16613,,,,,,,,
5/4/1996,0.16613,,,,,,,,
5/5/1996,0.16613,,,,,,,,
5/6/1996,0.16613,,,,,,,,
5/7/1996,0.16613,,,,,,,,
5/8/1996,0.16613,,,,,,,,
5/9/1996,0.16613,,,,,,,,
5/10/1996,0.16613,,,,,,,,
5/11/1996,0.16613,,,,,,,,
5/12/1996,0.16613,,,,,,,,
5/13/1996,0.16613,,,,,,,,
5/14/1996,0.16613,,,,,,,,
5/15/1996,0.16613,,,,,,,,
5/16/1996,0.16613,,,,,,,,
5/17/1996,0.16613,,,,,,,,
5/18/1996,0.16613,,,,,,,,
5/19/1996,0.16613,,,,,,,,
5/20/1996,0.16613,,,,,,,,
5/21/1996,0.16613,,,,,,,,
5/22/1996,0.16613,,,,,,,,
5/23/1996,0.16613,,,,,,,,
5/24/1996,0.16613,,,,,,,,
5/25/1996,0.16613,,,,,,,,
5/26/1996,0.16613,,,,,,,,
5/27/1996,0.16613,,,,,,,,
5/28/1996,0.16613,,,,,,,,
5/29/1996,0.16613,,,,,,,,
5/30/1996,0.16613,,,,,,,,
5/31/1996,0.16613,,,,,,,,
6/1/1996,0.20033,,,,,,,,
6/2/1996,0.20033,,,,,,,,
6/3/1996,0.20033,,,,,,,,
6/4/1996,0.20033,,,,,,,,
6/5/1996,0.20033,,,,,,,,
6/6/1996,0.20033,,,,,,,,
6/7/1996,0.20033,,,,,,,,
6/8/1996,0.20033,,,,,,,,
6/9/1996,0.20033,,,,,,,,
6/10/1996,0.20033,,,,,,,,
6/11/1996,0.20033,,,,,,,,
6/12/1996,0.20033,,,,,,,,
6/13/1996,0.20033,,,,,,,,
6/14/1996,0.20033,,,,,,,,
6/15/1996,0.20033,,,,,,,,
6/16/1996,0.20033,,,,,,,,
6/17/1996,0.20033,,,,,,,,
6/18/1996,0.20033,,,,,,,,
6/19/1996,0.20033,,,,,,,,
6/20/1996,0.20033,,,,,,,,
6/21/1996,0.20033,,,,,,,,
6/22/1996,0.20033,,,,,,,,
6/23/1996,0.20033,,,,,,,,
6/24/1996,0.20033,,,,,,,,
6/25/1996,0.20033,,,,,,,,
6/26/1996,0.20033,,,,,,,,
6/27/1996,0.20033,,,,,,,,
6/28/1996,0.20033,,,,,,,,
6/29/1996,0.20033,,,,,,,,
6/30/1996,0.20033,,,,,,,,
7/1/1996,0.23871,,,,,,,,
7/2/1996,0.23871,,,,,,,,
7/3/1996,0.23871,,,,,,,,
7/4/1996,0.23871,,,,,,,,
7/5/1996,0.23871,,,,,,,,
7/6/1996,0.23871,,,,,,,,
7/7/1996,0.23871,,,,,,,,
7/8/1996,0.23871,,,,,,,,
7/9/1996,0.23871,,,,,,,,
7/10/1996,0.23871,,,,,,,,
7/11/1996,0.23871,,,,,,,,
7/12/1996,0.23871,,,,,,,,
7/13/1996,0.23871,,,,,,,,
7/14/1996,0.23871,,,,,,,,
7/15/1996,0.23871,,,,,,,,
7/16/1996,0.23871,,,,,,,,
7/17/1996,0.23871,,,,,,,,
7/18/1996,0.23871,,,,,,,,
7/19/1996,0.23871,,,,,,,,
7/20/1996,0.23871,,,,,,,,
7/21/1996,0.23871,,,,,,,,
7/22/1996,0.23871,,,,,,,,
7/23/1996,0.23871,,,,,,,,
7/24/1996,0.23871,,,,,,,,
7/25/1996,0.23871,,,,,,,,
7/26/1996,0.23871,,,,,,,,
7/27/1996,0.23871,,,,,,,,
7/28/1996,0.23871,,,,,,,,
7/29/1996,0.23871,,,,,,,,
7/30/1996,0.23871,,,,,,,,
7/31/1996,0.23871,,,,,,,,
8/1/1996,0.21871,,,,,,,,
8/2/1996,0.21871,,,,,,,,
8/3/1996,0.21871,,,,,,,,
8/4/1996,0.21871,,,,,,,,
8/5/1996,0.21871,,,,,,,,
8/6/1996,0.21871,,,,,,,,
8/7/1996,0.21871,,,,,,,,
8/8/1996,0.21871,,,,,,,,
8/9/1996,0.21871,,,,,,,,
8/10/1996,0.21871,,,,,,,,
8/11/1996,0.21871,,,,,,,,
8/12/1996,0.21871,,,,,,,,
8/13/1996,0.21871,,,,,,,,
8/14/1996,0.21871,,,,,,,,
8/15/1996,0.21871,,,,,,,,
8/16/1996,0.21871,,,,,,,,
8/17/1996,0.21871,,,,,,,,
8/18/1996,0.21871,,,,,,,,
8/19/1996,0.21871,,,,,,,,
8/20/1996,0.21871,,,,,,,,
8/21/1996,0.21871,,,,,,,,
8/22/1996,0.21871,,,,,,,,
8/23/1996,0.21871,,,,,,,,
8/24/1996,0.21871,,,,,,,,
8/25/1996,0.21871,,,,,,,,
8/26/1996,0.21871,,,,,,,,
8/27/1996,0.21871,,,,,,,,
8/28/1996,0.21871,,,,,,,,
8/29/1996,0.21871,,,,,,,,
8/30/1996,0.21871,,,,,,,,
8/31/1996,0.21871,,,,,,,,
9/1/1996,0.156,,,,,,,,
9/2/1996,0.156,,,,,,,,
9/3/1996,0.156,,,,,,,,
9/4/1996,0.156,,,,,,,,
9/5/1996,0.156,,,,,,,,
9/6/1996,0.156,,,,,,,,
9/7/1996,0.156,,,,,,,,
9/8/1996,0.156,,,,,,,,
9/9/1996,0.156,,,,,,,,
9/10/1996,0.156,,,,,,,,
9/11/1996,0.156,,,,,,,,
9/12/1996,0.156,,,,,,,,
9/13/1996,0.156,,,,,,,,
9/14/1996,0.156,,,,,,,,
9/15/1996,0.156,,,,,,,,
9/16/1996,0.156,,,,,,,,
9/17/1996,0.156,,,,,,,,
9/18/1996,0.156,,,,,,,,
9/19/1996,0.156,,,,,,,,
9/20/1996,0.156,,,,,,,,
9/21/1996,0.156,,,,,,,,
9/22/1996,0.156,,,,,,,,
9/23/1996,0.156,,,,,,,,
9/24/1996,0.156,,,,,,,,
9/25/1996,0.156,,,,,,,,
9/26/1996,0.156,,,,,,,,
9/27/1996,0.156,,,,,,,,
9/28/1996,0.156,,,,,,,,
9/29/1996,0.156,,,,,,,,
9/30/1996,0.156,,,,,,,,
10/1/1996,0.0771,,,,,,,,
10/2/1996,0.0771,,,,,,,,
10/3/1996,0.0771,,,,,,,,
10/4/1996,0.0771,,,,,,,,
10/5/1996,0.0771,,,,,,,,
10/6/1996,0.0771,,,,,,,,
10/7/1996,0.0771,,,,,,,,
10/8/1996,0.0771,,,,,,,,
10/9/1996,0.0771,,,,,,,,
10/10/1996,0.0771,,,,,,,,
10/11/1996,0.0771,,,,,,,,
10/12/1996,0.0771,,,,,,,,
10/13/1996,0.0771,,,,,,,,
10/14/1996,0.0771,,,,,,,,
10/15/1996,0.0771,,,,,,,,
10/16/1996,0.0771,,,,,,,,
10/17/1996,0.0771,,,,,,,,
10/18/1996,0.0771,,,,,,,,
10/19/1996,0.0771,,,,,,,,
10/20/1996,0.0771,,,,,,,,
10/21/1996,0.0771,,,,,,,,
10/22/1996,0.0771,,,,,,,,
10/23/1996,0.0771,,,,,,,,
10/24/1996,0.0771,,,,,,,,
10/25/1996,0.0771,,,,,,,,
10/26/1996,0.0771,,,,,,,,
10/27/1996,0.0771,,,,,,,,
10/28/1996,0.0771,,,,,,,,
10/29/1996,0.0771,,,,,,,,
10/30/1996,0.0771,,,,,,,,
10/31/1996,0.0771,,,,,,,,
11/1/1996,0.035,,,,,,,,
11/2/1996,0.035,,,,,,,,
11/3/1996,0.035,,,,,,,,
11/4/1996,0.035,,,,,,,,
11/5/1996,0.035,,,,,,,,
11/6/1996,0.035,,,,,,,,
11/7/1996,0.035,,,,,,,,
11/8/1996,0.035,,,,,,,,
11/9/1996,0.035,,,,,,,,
11/10/1996,0.035,,,,,,,,
11/11/1996,0.035,,,,,,,,
11/12/1996,0.035,,,,,,,,
11/13/1996,0.035,,,,,,,,
11/14/1996,0.035,,,,,,,,
11/15/1996,0.035,,,,,,,,
11/16/1996,0.035,,,,,,,,
11/17/1996,0.035,,,,,,,,
11/18/1996,0.035,,,,,,,,
11/19/1996,0.035,,,,,,,,
11/20/1996,0.035,,,,,,,,
11/21/1996,0.035,,,,,,,,
11/22/1996,0.035,,,,,,,,
11/23/1996,0.035,,,,,,,,
11/24/1996,0.035,,,,,,,,
11/25/1996,0.035,,,,,,,,
11/26/1996,0.035,,,,,,,,
11/27/1996,0.035,,,,,,,,
11/28/1996,0.035,,,,,,,,
11/29/1996,0.035,,,,,,,,
11/30/1996,0.035,,,,,,,,
12/1/1996,0.01839,,,,,,,,
12/2/1996,0.01839,,,,,,,,
12/3/1996,0.01839,,,,,,,,
12/4/1996,0.01839,,,,,,,,
12/5/1996,0.01839,,,,,,,,
12/6/1996,0.01839,,,,,,,,
12/7/1996,0.01839,,,,,,,,
12/8/1996,0.01839,,,,,,,,
12/9/1996,0.01839,,,,,,,,
12/10/1996,0.01839,,,,,,,,
12/11/1996,0.01839,,,,,,,,
12/12/1996,0.01839,,,,,,,,
12/13/1996,0.01839,,,,,,,,
12/14/1996,0.01839,,,,,,,,
12/15/1996,0.01839,,,,,,,,
12/16/1996,0.01839,,,,,,,,
12/17/1996,0.01839,,,,,,,,
12/18/1996,0.01839,,,,,,,,
12/19/1996,0.01839,,,,,,,,
12/20/1996,0.01839,,,,,,,,
12/21/1996,0.01839,,,,,,,,
12/22/1996,0.01839,,,,,,,,
12/23/1996,0.01839,,,,,,,,
12/24/1996,0.01839,,,,,,,,
12/25/1996,0.01839,,,,,,,,
12/26/1996,0.01839,,,,,,,,
12/27/1996,0.01839,,,,,,,,
12/28/1996,0.01839,,,,,,,,
12/29/1996,0.01839,,,,,,,,
12/30/1996,0.01839,,,,,,,,
12/31/1996,0.01839,,,,,,,,
1/1/1997,0.02032,,,,,,,,
1/2/1997,0.02032,,,,,,,,
1/3/1997,0.02032,,,,,,,,
1/4/1997,0.02032,,,,,,,,
1/5/1997,0.02032,,,,,,,,
1/6/1997,0.02032,,,,,,,,
1/7/1997,0.02032,,,,,,,,
1/8/1997,0.02032,,,,,,,,
1/9/1997,0.02032,,,,,,,,
1/10/1997,0.02032,,,,,,,,
1/11/1997,0.02032,,,,,,,,
1/12/1997,0.02032,,,,,,,,
1/13/1997,0.02032,,,,,,,,
1/14/1997,0.02032,,,,,,,,
1/15/1997,0.02032,,,,,,,,
1/16/1997,0.02032,,,,,,,,
1/17/1997,0.02032,,,,,,,,
1/18/1997,0.02032,,,,,,,,
1/19/1997,0.02032,,,,,,,,
1/20/1997,0.02032,,,,,,,,
1/21/1997,0.02032,,,,,,,,
1/22/1997,0.02032,,,,,,,,
1/23/1997,0.02032,,,,,,,,
1/24/1997,0.02032,,,,,,,,
1/25/1997,0.02032,,,,,,,,
1/26/1997,0.02032,,,,,,,,
1/27/1997,0.02032,,,,,,,,
1/28/1997,0.02032,,,,,,,,
1/29/1997,0.02032,,,,,,,,
1/30/1997,0.02032,,,,,,,,
1/31/1997,0.02032,,,,,,,,
2/1/1997,0.04214,,,,,,,,
2/2/1997,0.04214,,,,,,,,
2/3/1997,0.04214,,,,,,,,
2/4/1997,0.04214,,,,,,,,
2/5/1997,0.04214,,,,,,,,
2/6/1997,0.04214,,,,,,,,
2/7/1997,0.04214,,,,,,,,
2/8/1997,0.04214,,,,,,,,
2/9/1997,0.04214,,,,,,,,
2/10/1997,0.04214,,,,,,,,
2/11/1997,0.04214,,,,,,,,
2/12/1997,0.04214,,,,,,,,
2/13/1997,0.04214,,,,,,,,
2/14/1997,0.04214,,,,,,,,
2/15/1997,0.04214,,,,,,,,
2/16/1997,0.04214,,,,,,,,
2/17/1997,0.04214,,,,,,,,
2/18/1997,0.04214,,,,,,,,
2/19/1997,0.04214,,,,,,,,
2/20/1997,0.04214,,,,,,,,
2/21/1997,0.04214,,,,,,,,
2/22/1997,0.04214,,,,,,,,
2/23/1997,0.04214,,,,,,,,
2/24/1997,0.04214,,,,,,,,
2/25/1997,0.04214,,,,,,,,
2/26/1997,0.04214,,,,,,,,
2/27/1997,0.04214,,,,,,,,
2/28/1997,0.04214,,,,,,,,
3/1/1997,0.07387,,,,,,,,
3/2/1997,0.07387,,,,,,,,
3/3/1997,0.07387,,,,,,,,
3/4/1997,0.07387,,,,,,,,
3/5/1997,0.07387,,,,,,,,
3/6/1997,0.07387,,,,,,,,
3/7/1997,0.07387,,,,,,,,
3/8/1997,0.07387,,,,,,,,
3/9/1997,0.07387,,,,,,,,
3/10/1997,0.07387,,,,,,,,
3/11/1997,0.07387,,,,,,,,
3/12/1997,0.07387,,,,,,,,
3/13/1997,0.07387,,,,,,,,
3/14/1997,0.07387,,,,,,,,
3/15/1997,0.07387,,,,,,,,
3/16/1997,0.07387,,,,,,,,
3/17/1997,0.07387,,,,,,,,
3/18/1997,0.07387,,,,,,,,
3/19/1997,0.07387,,,,,,,,
3/20/1997,0.07387,,,,,,,,
3/21/1997,0.07387,,,,,,,,
3/22/1997,0.07387,,,,,,,,
3/23/1997,0.07387,,,,,,,,
3/24/1997,0.07387,,,,,,,,
3/25/1997,0.07387,,,,,,,,
3/26/1997,0.07387,,,,,,,,
3/27/1997,0.07387,,,,,,,,
3/28/1997,0.07387,,,,,,,,
3/29/1997,0.07387,,,,,,,,
3/30/1997,0.07387,,,,,,,,
3/31/1997,0.07387,,,,,,,,
4/1/1997,0.11033,,,,,,,,
4/2/1997,0.11033,,,,,,,,
4/3/1997,0.11033,,,,,,,,
4/4/1997,0.11033,,,,,,,,
4/5/1997,0.11033,,,,,,,,
4/6/1997,0.11033,,,,,,,,
4/7/1997,0.11033,,,,,,,,
4/8/1997,0.11033,,,,,,,,
4/9/1997,0.11033,,,,,,,,
4/10/1997,0.11033,,,,,,,,
4/11/1997,0.11033,,,,,,,,
4/12/1997,0.11033,,,,,,,,
4/13/1997,0.11033,,,,,,,,
4/14/1997,0.11033,,,,,,,,
4/15/1997,0.11033,,,,,,,,
4/16/1997,0.11033,,,,,,,,
4/17/1997,0.11033,,,,,,,,
4/18/1997,0.11033,,,,,,,,
4/19/1997,0.11033,,,,,,,,
4/20/1997,0.11033,,,,,,,,
4/21/1997,0.11033,,,,,,,,
4/22/1997,0.11033,,,,,,,,
4/23/1997,0.11033,,,,,,,,
4/24/1997,0.11033,,,,,,,,
4/25/1997,0.11033,,,,,,,,
4/26/1997,0.11033,,,,,,,,
4/27/1997,0.11033,,,,,,,,
4/28/1997,0.11033,,,,,,,,
4/29/1997,0.11033,,,,,,,,
4/30/1997,0.11033,,,,,,,,
5/1/1997,0.16613,,,,,,,,
5/2/1997,0.16613,,,,,,,,
5/3/1997,0.16613,,,,,,,,
5/4/1997,0.16613,,,,,,,,
5/5/1997,0.16613,,,,,,,,
5/6/1997,0.16613,,,,,,,,
5/7/1997,0.16613,,,,,,,,
5/8/1997,0.16613,,,,,,,,
5/9/1997,0.16613,,,,,,,,
5/10/1997,0.16613,,,,,,,,
5/11/1997,0.16613,,,,,,,,
5/12/1997,0.16613,,,,,,,,
5/13/1997,0.16613,,,,,,,,
5/14/1997,0.16613,,,,,,,,
5/15/1997,0.16613,,,,,,,,
5/16/1997,0.16613,,,,,,,,
5/17/1997,0.16613,,,,,,,,
5/18/1997,0.16613,,,,,,,,
5/19/1997,0.16613,,,,,,,,
5/20/1997,0.16613,,,,,,,,
5/21/1997,0.16613,,,,,,,,
5/22/1997,0.16613,,,,,,,,
5/23/1997,0.16613,,,,,,,,
5/24/1997,0.16613,,,,,,,,
5/25/1997,0.16613,,,,,,,,
5/26/1997,0.16613,,,,,,,,
5/27/1997,0.16613,,,,,,,,
5/28/1997,0.16613,,,,,,,,
5/29/1997,0.16613,,,,,,,,
5/30/1997,0.16613,,,,,,,,
5/31/1997,0.16613,,,,,,,,
6/1/1997,0.20033,,,,,,,,
6/2/1997,0.20033,,,,,,,,
6/3/1997,0.20033,,,,,,,,
6/4/1997,0.20033,,,,,,,,
6/5/1997,0.20033,,,,,,,,
6/6/1997,0.20033,,,,,,,,
6/7/1997,0.20033,,,,,,,,
6/8/1997,0.20033,,,,,,,,
6/9/1997,0.20033,,,,,,,,
6/10/1997,0.20033,,,,,,,,
6/11/1997,0.20033,,,,,,,,
6/12/1997,0.20033,,,,,,,,
6/13/1997,0.20033,,,,,,,,
6/14/1997,0.20033,,,,,,,,
6/15/1997,0.20033,,,,,,,,
6/16/1997,0.20033,,,,,,,,
6/17/1997,0.20033,,,,,,,,
6/18/1997,0.20033,,,,,,,,
6/19/1997,0.20033,,,,,,,,
6/20/1997,0.20033,,,,,,,,
6/21/1997,0.20033,,,,,,,,
6/22/1997,0.20033,,,,,,,,
6/23/1997,0.20033,,,,,,,,
6/24/1997,0.20033,,,,,,,,
6/25/1997,0.20033,,,,,,,,
6/26/1997,0.20033,,,,,,,,
6/27/1997,0.20033,,,,,,,,
6/28/1997,0.20033,,,,,,,,
6/29/1997,0.20033,,,,,,,,
6/30/1997,0.20033,,,,,,,,
7/1/1997,0.23871,,,,,,,,
7/2/1997,0.23871,,,,,,,,
7/3/1997,0.23871,,,,,,,,
7/4/1997,0.23871,,,,,,,,
7/5/1997,0.23871,,,,,,,,
7/6/1997,0.23871,,,,,,,,
7/7/1997,0.23871,,,,,,,,
7/8/1997,0.23871,,,,,,,,
7/9/1997,0.23871,,,,,,,,
7/10/1997,0.23871,,,,,,,,
7/11/1997,0.23871,,,,,,,,
7/12/1997,0.23871,,,,,,,,
7/13/1997,0.23871,,,,,,,,
7/14/1997,0.23871,,,,,,,,
7/15/1997,0.23871,,,,,,,,
7/16/1997,0.23871,,,,,,,,
7/17/1997,0.23871,,,,,,,,
7/18/1997,0.23871,,,,,,,,
7/19/1997,0.23871,,,,,,,,
7/20/1997,0.23871,,,,,,,,
7/21/1997,0.23871,,,,,,,,
7/22/1997,0.23871,,,,,,,,
7/23/1997,0.23871,,,,,,,,
7/24/1997,0.23871,,,,,,,,
7/25/1997,0.23871,,,,,,,,
7/26/1997,0.23871,,,,,,,,
7/27/1997,0.23871,,,,,,,,
7/28/1997,0.23871,,,,,,,,
7/29/1997,0.23871,,,,,,,,
7/30/1997,0.23871,,,,,,,,
7/31/1997,0.23871,,,,,,,,
8/1/1997,0.21871,,,,,,,,
8/2/1997,0.21871,,,,,,,,
8/3/1997,0.21871,,,,,,,,
8/4/1997,0.21871,,,,,,,,
8/5/1997,0.21871,,,,,,,,
8/6/1997,0.21871,,,,,,,,
8/7/1997,0.21871,,,,,,,,
8/8/1997,0.21871,,,,,,,,
8/9/1997,0.21871,,,,,,,,
8/10/1997,0.21871,,,,,,,,
8/11/1997,0.21871,,,,,,,,
8/12/1997,0.21871,,,,,,,,
8/13/1997,0.21871,,,,,,,,
8/14/1997,0.21871,,,,,,,,
8/15/1997,0.21871,,,,,,,,
8/16/1997,0.21871,,,,,,,,
8/17/1997,0.21871,,,,,,,,
8/18/1997,0.21871,,,,,,,,
8/19/1997,0.21871,,,,,,,,
8/20/1997,0.21871,,,,,,,,
8/21/1997,0.21871,,,,,,,,
8/22/1997,0.21871,,,,,,,,
8/23/1997,0.21871,,,,,,,,
8/24/1997,0.21871,,,,,,,,
8/25/1997,0.21871,,,,,,,,
8/26/1997,0.21871,,,,,,,,
8/27/1997,0.21871,,,,,,,,
8/28/1997,0.21871,,,,,,,,
8/29/1997,0.21871,,,,,,,,
8/30/1997,0.21871,,,,,,,,
8/31/1997,0.21871,,,,,,,,
9/1/1997,0.156,,,,,,,,
9/2/1997,0.156,,,,,,,,
9/3/1997,0.156,,,,,,,,
9/4/1997,0.156,,,,,,,,
9/5/1997,0.156,,,,,,,,
9/6/1997,0.156,,,,,,,,
9/7/1997,0.156,,,,,,,,
9/8/1997,0.156,,,,,,,,
9/9/1997,0.156,,,,,,,,
9/10/1997,0.156,,,,,,,,
9/11/1997,0.156,,,,,,,,
9/12/1997,0.156,,,,,,,,
9/13/1997,0.156,,,,,,,,
9/14/1997,0.156,,,,,,,,
9/15/1997,0.156,,,,,,,,
9/16/1997,0.156,,,,,,,,
9/17/1997,0.156,,,,,,,,
9/18/1997,0.156,,,,,,,,
9/19/1997,0.156,,,,,,,,
9/20/1997,0.156,,,,,,,,
9/21/1997,0.156,,,,,,,,
9/22/1997,0.156,,,,,,,,
9/23/1997,0.156,,,,,,,,
9/24/1997,0.156,,,,,,,,
9/25/1997,0.156,,,,,,,,
9/26/1997,0.156,,,,,,,,
9/27/1997,0.156,,,,,,,,
9/28/1997,0.156,,,,,,,,
9/29/1997,0.156,,,,,,,,
9/30/1997,0.156,,,,,,,,
10/1/1997,0.0771,,,,,,,,
10/2/1997,0.0771,,,,,,,,
10/3/1997,0.0771,,,,,,,,
10/4/1997,0.0771,,,,,,,,
10/5/1997,0.0771,,,,,,,,
10/6/1997,0.0771,,,,,,,,
10/7/1997,0.0771,,,,,,,,
10/8/1997,0.0771,,,,,,,,
10/9/1997,0.0771,,,,,,,,
10/10/1997,0.0771,,,,,,,,
10/11/1997,0.0771,,,,,,,,
10/12/1997,0.0771,,,,,,,,
10/13/1997,0.0771,,,,,,,,
10/14/1997,0.0771,,,,,,,,
10/15/1997,0.0771,,,,,,,,
10/16/1997,0.0771,,,,,,,,
10/17/1997,0.0771,,,,,,,,
10/18/1997,0.0771,,,,,,,,
10/19/1997,0.0771,,,,,,,,
10/20/1997,0.0771,,,,,,,,
10/21/1997,0.0771,,,,,,,,
10/22/1997,0.0771,,,,,,,,
10/23/1997,0.0771,,,,,,,,
10/24/1997,0.0771,,,,,,,,
10/25/1997,0.0771,,,,,,,,
10/26/1997,0.0771,,,,,,,,
10/27/1997,0.0771,,,,,,,,
10/28/1997,0.0771,,,,,,,,
10/29/1997,0.0771,,,,,,,,
10/30/1997,0.0771,,,,,,,,
10/31/1997,0.0771,,,,,,,,
11/1/1997,0.035,,,,,,,,
11/2/1997,0.035,,,,,,,,
11/3/1997,0.035,,,,,,,,
11/4/1997,0.035,,,,,,,,
11/5/1997,0.035,,,,,,,,
11/6/1997,0.035,,,,,,,,
11/7/1997,0.035,,,,,,,,
11/8/1997,0.035,,,,,,,,
11/9/1997,0.035,,,,,,,,
11/10/1997,0.035,,,,,,,,
11/11/1997,0.035,,,,,,,,
11/12/1997,0.035,,,,,,,,
11/13/1997,0.035,,,,,,,,
11/14/1997,0.035,,,,,,,,
11/15/1997,0.035,,,,,,,,
11/16/1997,0.035,,,,,,,,
11/17/1997,0.035,,,,,,,,
11/18/1997,0.035,,,,,,,,
11/19/1997,0.035,,,,,,,,
11/20/1997,0.035,,,,,,,,
11/21/1997,0.035,,,,,,,,
11/22/1997,0.035,,,,,,,,
11/23/1997,0.035,,,,,,,,
11/24/1997,0.035,,,,,,,,
11/25/1997,0.035,,,,,,,,
11/26/1997,0.035,,,,,,,,
11/27/1997,0.035,,,,,,,,
11/28/1997,0.035,,,,,,,,
11/29/1997,0.035,,,,,,,,
11/30/1997,0.035,,,,,,,,
12/1/1997,0.01839,,,,,,,,
12/2/1997,0.01839,,,,,,,,
12/3/1997,0.01839,,,,,,,,
12/4/1997,0.01839,,,,,,,,
12/5/1997,0.01839,,,,,,,,
12/6/1997,0.01839,,,,,,,,
12/7/1997,0.01839,,,,,,,,
12/8/1997,0.01839,,,,,,,,
12/9/1997,0.01839,,,,,,,,
12/10/1997,0.01839,,,,,,,,
12/11/1997,0.01839,,,,,,,,
12/12/1997,0.01839,,,,,,,,
12/13/1997,0.01839,,,,,,,,
12/14/1997,0.01839,,,,,,,,
12/15/1997,0.01839,,,,,,,,
12/16/1997,0.01839,,,,,,,,
12/17/1997,0.01839,,,,,,,,
12/18/1997,0.01839,,,,,,,,
12/19/1997,0.01839,,,,,,,,
12/20/1997,0.01839,,,,,,,,
12/21/1997,0.01839,,,,,,,,
12/22/1997,0.01839,,,,,,,,
12/23/1997,0.01839,,,,,,,,
12/24/1997,0.01839,,,,,,,,
12/25/1997,0.01839,,,,,,,,
12/26/1997,0.01839,,,,,,,,
12/27/1997,0.01839,,,,,,,,
12/28/1997,0.01839,,,,,,,,
12/29/1997,0.01839,,,,,,,,
12/30/1997,0.01839,,,,,,,,
12/31/1997,0.01839,,,,,,,,
1/1/1998,0.02032,,,,,,,,
1/2/1998,0.02032,,,,,,,,
1/3/1998,0.02032,,,,,,,,
1/4/1998,0.02032,,,,,,,,
1/5/1998,0.02032,,,,,,,,
1/6/1998,0.02032,,,,,,,,
1/7/1998,0.02032,,,,,,,,
1/8/1998,0.02032,,,,,,,,
1/9/1998,0.02032,,,,,,,,
1/10/1998,0.02032,,,,,,,,
1/11/1998,0.02032,,,,,,,,
1/12/1998,0.02032,,,,,,,,
1/13/1998,0.02032,,,,,,,,
1/14/1998,0.02032,,,,,,,,
1/15/1998,0.02032,,,,,,,,
1/16/1998,0.02032,,,,,,,,
1/17/1998,0.02032,,,,,,,,
1/18/1998,0.02032,,,,,,,,
1/19/1998,0.02032,,,,,,,,
1/20/1998,0.02032,,,,,,,,
1/21/1998,0.02032,,,,,,,,
1/22/1998,0.02032,,,,,,,,
1/23/1998,0.02032,,,,,,,,
1/24/1998,0.02032,,,,,,,,
1/25/1998,0.02032,,,,,,,,
1/26/1998,0.02032,,,,,,,,
1/27/1998,0.02032,,,,,,,,
1/28/1998,0.02032,,,,,,,,
1/29/1998,0.02032,,,,,,,,
1/30/1998,0.02032,,,,,,,,
1/31/1998,0.02032,,,,,,,,
2/1/1998,0.04214,,,,,,,,
2/2/1998,0.04214,,,,,,,,
2/3/1998,0.04214,,,,,,,,
2/4/1998,0.04214,,,,,,,,
2/5/1998,0.04214,,,,,,,,
2/6/1998,0.04214,,,,,,,,
2/7/1998,0.04214,,,,,,,,
2/8/1998,0.04214,,,,,,,,
2/9/1998,0.04214,,,,,,,,
2/10/1998,0.04214,,,,,,,,
2/11/1998,0.04214,,,,,,,,
2/12/1998,0.04214,,,,,,,,
2/13/1998,0.04214,,,,,,,,
2/14/1998,0.04214,,,,,,,,
2/15/1998,0.04214,,,,,,,,
2/16/1998,0.04214,,,,,,,,
2/17/1998,0.04214,,,,,,,,
2/18/1998,0.04214,,,,,,,,
2/19/1998,0.04214,,,,,,,,
2/20/1998,0.04214,,,,,,,,
2/21/1998,0.04214,,,,,,,,
2/22/1998,0.04214,,,,,,,,
2/23/1998,0.04214,,,,,,,,
2/24/1998,0.04214,,,,,,,,
2/25/1998,0.04214,,,,,,,,
2/26/1998,0.04214,,,,,,,,
2/27/1998,0.04214,,,,,,,,
2/28/1998,0.04214,,,,,,,,
3/1/1998,0.07387,,,,,,,,
3/2/1998,0.07387,,,,,,,,
3/3/1998,0.07387,,,,,,,,
3/4/1998,0.07387,,,,,,,,
3/5/1998,0.07387,,,,,,,,
3/6/1998,0.07387,,,,,,,,
3/7/1998,0.07387,,,,,,,,
3/8/1998,0.07387,,,,,,,,
3/9/1998,0.07387,,,,,,,,
3/10/1998,0.07387,,,,,,,,
3/11/1998,0.07387,,,,,,,,
3/12/1998,0.07387,,,,,,,,
3/13/1998,0.07387,,,,,,,,
3/14/1998,0.07387,,,,,,,,
3/15/1998,0.07387,,,,,,,,
3/16/1998,0.07387,,,,,,,,
3/17/1998,0.07387,,,,,,,,
3/18/1998,0.07387,,,,,,,,
3/19/1998,0.07387,,,,,,,,
3/20/1998,0.07387,,,,,,,,
3/21/1998,0.07387,,,,,,,,
3/22/1998,0.07387,,,,,,,,
3/23/1998,0.07387,,,,,,,,
3/24/1998,0.07387,,,,,,,,
3/25/1998,0.07387,,,,,,,,
3/26/1998,0.07387,,,,,,,,
3/27/1998,0.07387,,,,,,,,
3/28/1998,0.07387,,,,,,,,
3/29/1998,0.07387,,,,,,,,
3/30/1998,0.07387,,,,,,,,
3/31/1998,0.07387,,,,,,,,
4/1/1998,0.11033,,,,,,,,
4/2/1998,0.11033,,,,,,,,
4/3/1998,0.11033,,,,,,,,
4/4/1998,0.11033,,,,,,,,
4/5/1998,0.11033,,,,,,,,
4/6/1998,0.11033,,,,,,,,
4/7/1998,0.11033,,,,,,,,
4/8/1998,0.11033,,,,,,,,
4/9/1998,0.11033,,,,,,,,
4/10/1998,0.11033,,,,,,,,
4/11/1998,0.11033,,,,,,,,
4/12/1998,0.11033,,,,,,,,
4/13/1998,0.11033,,,,,,,,
4/14/1998,0.11033,,,,,,,,
4/15/1998,0.11033,,,,,,,,
4/16/1998,0.11033,,,,,,,,
4/17/1998,0.11033,,,,,,,,
4/18/1998,0.11033,,,,,,,,
4/19/1998,0.11033,,,,,,,,
4/20/1998,0.11033,,,,,,,,
4/21/1998,0.11033,,,,,,,,
4/22/1998,0.11033,,,,,,,,
4/23/1998,0.11033,,,,,,,,
4/24/1998,0.11033,,,,,,,,
4/25/1998,0.11033,,,,,,,,
4/26/1998,0.11033,,,,,,,,
4/27/1998,0.11033,,,,,,,,
4/28/1998,0.11033,,,,,,,,
4/29/1998,0.11033,,,,,,,,
4/30/1998,0.11033,,,,,,,,
5/1/1998,0.16613,,,,,,,,
5/2/1998,0.16613,,,,,,,,
5/3/1998,0.16613,,,,,,,,
5/4/1998,0.16613,,,,,,,,
5/5/1998,0.16613,,,,,,,,
5/6/1998,0.16613,,,,,,,,
5/7/1998,0.16613,,,,,,,,
5/8/1998,0.16613,,,,,,,,
5/9/1998,0.16613,,,,,,,,
5/10/1998,0.16613,,,,,,,,
5/11/1998,0.16613,,,,,,,,
5/12/1998,0.16613,,,,,,,,
5/13/1998,0.16613,,,,,,,,
5/14/1998,0.16613,,,,,,,,
5/15/1998,0.16613,,,,,,,,
5/16/1998,0.16613,,,,,,,,
5/17/1998,0.16613,,,,,,,,
5/18/1998,0.16613,,,,,,,,
5/19/1998,0.16613,,,,,,,,
5/20/1998,0.16613,,,,,,,,
5/21/1998,0.16613,,,,,,,,
5/22/1998,0.16613,,,,,,,,
5/23/1998,0.16613,,,,,,,,
5/24/1998,0.16613,,,,,,,,
5/25/1998,0.16613,,,,,,,,
5/26/1998,0.16613,,,,,,,,
5/27/1998,0.16613,,,,,,,,
5/28/1998,0.16613,,,,,,,,
5/29/1998,0.16613,,,,,,,,
5/30/1998,0.16613,,,,,,,,
5/31/1998,0.16613,,,,,,,,
6/1/1998,0.20033,,,,,,,,
6/2/1998,0.20033,,,,,,,,
6/3/1998,0.20033,,,,,,,,
6/4/1998,0.20033,,,,,,,,
6/5/1998,0.20033,,,,,,,,
6/6/1998,0.20033,,,,,,,,
6/7/1998,0.20033,,,,,,,,
6/8/1998,0.20033,,,,,,,,
6/9/1998,0.20033,,,,,,,,
6/10/1998,0.20033,,,,,,,,
6/11/1998,0.20033,,,,,,,,
6/12/1998,0.20033,,,,,,,,
6/13/1998,0.20033,,,,,,,,
6/14/1998,0.20033,,,,,,,,
6/15/1998,0.20033,,,,,,,,
6/16/1998,0.20033,,,,,,,,
6/17/1998,0.20033,,,,,,,,
6/18/1998,0.20033,,,,,,,,
6/19/1998,0.20033,,,,,,,,
6/20/1998,0.20033,,,,,,,,
6/21/1998,0.20033,,,,,,,,
6/22/1998,0.20033,,,,,,,,
6/23/1998,0.20033,,,,,,,,
6/24/1998,0.20033,,,,,,,,
6/25/1998,0.20033,,,,,,,,
6/26/1998,0.20033,,,,,,,,
6/27/1998,0.20033,,,,,,,,
6/28/1998,0.20033,,,,,,,,
6/29/1998,0.20033,,,,,,,,
6/30/1998,0.20033,,,,,,,,
7/1/1998,0.23871,,,,,,,,
7/2/1998,0.23871,,,,,,,,
7/3/1998,0.23871,,,,,,,,
7/4/1998,0.23871,,,,,,,,
7/5/1998,0.23871,,,,,,,,
7/6/1998,0.23871,,,,,,,,
7/7/1998,0.23871,,,,,,,,
7/8/1998,0.23871,,,,,,,,
7/9/1998,0.23871,,,,,,,,
7/10/1998,0.23871,,,,,,,,
7/11/1998,0.23871,,,,,,,,
7/12/1998,0.23871,,,,,,,,
7/13/1998,0.23871,,,,,,,,
7/14/1998,0.23871,,,,,,,,
7/15/1998,0.23871,,,,,,,,
7/16/1998,0.23871,,,,,,,,
7/17/1998,0.23871,,,,,,,,
7/18/1998,0.23871,,,,,,,,
7/19/1998,0.23871,,,,,,,,
7/20/1998,0.23871,,,,,,,,
7/21/1998,0.23871,,,,,,,,
7/22/1998,0.23871,,,,,,,,
7/23/1998,0.23871,,,,,,,,
7/24/1998,0.23871,,,,,,,,
7/25/1998,0.23871,,,,,,,,
7/26/1998,0.23871,,,,,,,,
7/27/1998,0.23871,,,,,,,,
7/28/1998,0.23871,,,,,,,,
7/29/1998,0.23871,,,,,,,,
7/30/1998,0.23871,,,,,,,,
7/31/1998,0.23871,,,,,,,,
8/1/1998,0.21871,,,,,,,,
8/2/1998,0.21871,,,,,,,,
8/3/1998,0.21871,,,,,,,,
8/4/1998,0.21871,,,,,,,,
8/5/1998,0.21871,,,,,,,,
8/6/1998,0.21871,,,,,,,,
8/7/1998,0.21871,,,,,,,,
8/8/1998,0.21871,,,,,,,,
8/9/1998,0.21871,,,,,,,,
8/10/1998,0.21871,,,,,,,,
8/11/1998,0.21871,,,,,,,,
8/12/1998,0.21871,,,,,,,,
8/13/1998,0.21871,,,,,,,,
8/14/1998,0.21871,,,,,,,,
8/15/1998,0.21871,,,,,,,,
8/16/1998,0.21871,,,,,,,,
8/17/1998,0.21871,,,,,,,,
8/18/1998,0.21871,,,,,,,,
8/19/1998,0.21871,,,,,,,,
8/20/1998,0.21871,,,,,,,,
8/21/1998,0.21871,,,,,,,,
8/22/1998,0.21871,,,,,,,,
8/23/1998,0.21871,,,,,,,,
8/24/1998,0.21871,,,,,,,,
8/25/1998,0.21871,,,,,,,,
8/26/1998,0.21871,,,,,,,,
8/27/1998,0.21871,,,,,,,,
8/28/1998,0.21871,,,,,,,,
8/29/1998,0.21871,,,,,,,,
8/30/1998,0.21871,,,,,,,,
8/31/1998,0.21871,,,,,,,,
9/1/1998,0.156,,,,,,,,
9/2/1998,0.156,,,,,,,,
9/3/1998,0.156,,,,,,,,
9/4/1998,0.156,,,,,,,,
9/5/1998,0.156,,,,,,,,
9/6/1998,0.156,,,,,,,,
9/7/1998,0.156,,,,,,,,
9/8/1998,0.156,,,,,,,,
9/9/1998,0.156,,,,,,,,
9/10/1998,0.156,,,,,,,,
9/11/1998,0.156,,,,,,,,
9/12/1998,0.156,,,,,,,,
9/13/1998,0.156,,,,,,,,
9/14/1998,0.156,,,,,,,,
9/15/1998,0.156,,,,,,,,
9/16/1998,0.156,,,,,,,,
9/17/1998,0.156,,,,,,,,
9/18/1998,0.156,,,,,,,,
9/19/1998,0.156,,,,,,,,
9/20/1998,0.156,,,,,,,,
9/21/1998,0.156,,,,,,,,
9/22/1998,0.156,,,,,,,,
9/23/1998,0.156,,,,,,,,
9/24/1998,0.156,,,,,,,,
9/25/1998,0.156,,,,,,,,
9/26/1998,0.156,,,,,,,,
9/27/1998,0.156,,,,,,,,
9/28/1998,0.156,,,,,,,,
9/29/1998,0.156,,,,,,,,
9/30/1998,0.156,,,,,,,,
10/1/1998,0.0771,,,,,,,,
10/2/1998,0.0771,,,,,,,,
10/3/1998,0.0771,,,,,,,,
10/4/1998,0.0771,,,,,,,,
10/5/1998,0.0771,,,,,,,,
10/6/1998,0.0771,,,,,,,,
10/7/1998,0.0771,,,,,,,,
10/8/1998,0.0771,,,,,,,,
10/9/1998,0.0771,,,,,,,,
10/10/1998,0.0771,,,,,,,,
10/11/1998,0.0771,,,,,,,,
10/12/1998,0.0771,,,,,,,,
10/13/1998,0.0771,,,,,,,,
10/14/1998,0.0771,,,,,,,,
10/15/1998,0.0771,,,,,,,,
10/16/1998,0.0771,,,,,,,,
10/17/1998,0.0771,,,,,,,,
10/18/1998,0.0771,,,,,,,,
10/19/1998,0.0771,,,,,,,,
10/20/1998,0.0771,,,,,,,,
10/21/1998,0.0771,,,,,,,,
10/22/1998,0.0771,,,,,,,,
10/23/1998,0.0771,,,,,,,,
10/24/1998,0.0771,,,,,,,,
10/25/1998,0.0771,,,,,,,,
10/26/1998,0.0771,,,,,,,,
10/27/1998,0.0771,,,,,,,,
10/28/1998,0.0771,,,,,,,,
10/29/1998,0.0771,,,,,,,,
10/30/1998,0.0771,,,,,,,,
10/31/1998,0.0771,,,,,,,,
11/1/1998,0.035,,,,,,,,
11/2/1998,0.035,,,,,,,,
11/3/1998,0.035,,,,,,,,
11/4/1998,0.035,,,,,,,,
11/5/1998,0.035,,,,,,,,
11/6/1998,0.035,,,,,,,,
11/7/1998,0.035,,,,,,,,
11/8/1998,0.035,,,,,,,,
11/9/1998,0.035,,,,,,,,
11/10/1998,0.035,,,,,,,,
11/11/1998,0.035,,,,,,,,
11/12/1998,0.035,,,,,,,,
11/13/1998,0.035,,,,,,,,
11/14/1998,0.035,,,,,,,,
11/15/1998,0.035,,,,,,,,
11/16/1998,0.035,,,,,,,,
11/17/1998,0.035,,,,,,,,
11/18/1998,0.035,,,,,,,,
11/19/1998,0.035,,,,,,,,
11/20/1998,0.035,,,,,,,,
11/21/1998,0.035,,,,,,,,
11/22/1998,0.035,,,,,,,,
11/23/1998,0.035,,,,,,,,
11/24/1998,0.035,,,,,,,,
11/25/1998,0.035,,,,,,,,
11/26/1998,0.035,,,,,,,,
11/27/1998,0.035,,,,,,,,
11/28/1998,0.035,,,,,,,,
11/29/1998,0.035,,,,,,,,
11/30/1998,0.035,,,,,,,,
12/1/1998,0.01839,,,,,,,,
12/2/1998,0.01839,,,,,,,,
12/3/1998,0.01839,,,,,,,,
12/4/1998,0.01839,,,,,,,,
12/5/1998,0.01839,,,,,,,,
12/6/1998,0.01839,,,,,,,,
12/7/1998,0.01839,,,,,,,,
12/8/1998,0.01839,,,,,,,,
12/9/1998,0.01839,,,,,,,,
12/10/1998,0.01839,,,,,,,,
12/11/1998,0.01839,,,,,,,,
12/12/1998,0.01839,,,,,,,,
12/13/1998,0.01839,,,,,,,,
12/14/1998,0.01839,,,,,,,,
12/15/1998,0.01839,,,,,,,,
12/16/1998,0.01839,,,,,,,,
12/17/1998,0.01839,,,,,,,,
12/18/1998,0.01839,,,,,,,,
12/19/1998,0.01839,,,,,,,,
12/20/1998,0.01839,,,,,,,,
12/21/1998,0.01839,,,,,,,,
12/22/1998,0.01839,,,,,,,,
12/23/1998,0.01839,,,,,,,,
12/24/1998,0.01839,,,,,,,,
12/25/1998,0.01839,,,,,,,,
12/26/1998,0.01839,,,,,,,,
12/27/1998,0.01839,,,,,,,,
12/28/1998,0.01839,,,,,,,,
12/29/1998,0.01839,,,,,,,,
12/30/1998,0.01839,,,,,,,,
12/31/1998,0.01839,,,,,,,,
1/1/1999,0.02032,,,,,,,,
1/2/1999,0.02032,,,,,,,,
1/3/1999,0.02032,,,,,,,,
1/4/1999,0.02032,,,,,,,,
1/5/1999,0.02032,,,,,,,,
1/6/1999,0.02032,,,,,,,,
1/7/1999,0.02032,,,,,,,,
1/8/1999,0.02032,,,,,,,,
1/9/1999,0.02032,,,,,,,,
1/10/1999,0.02032,,,,,,,,
1/11/1999,0.02032,,,,,,,,
1/12/1999,0.02032,,,,,,,,
1/13/1999,0.02032,,,,,,,,
1/14/1999,0.02032,,,,,,,,
1/15/1999,0.02032,,,,,,,,
1/16/1999,0.02032,,,,,,,,
1/17/1999,0.02032,,,,,,,,
1/18/1999,0.02032,,,,,,,,
1/19/1999,0.02032,,,,,,,,
1/20/1999,0.02032,,,,,,,,
1/21/1999,0.02032,,,,,,,,
1/22/1999,0.02032,,,,,,,,
1/23/1999,0.02032,,,,,,,,
1/24/1999,0.02032,,,,,,,,
1/25/1999,0.02032,,,,,,,,
1/26/1999,0.02032,,,,,,,,
1/27/1999,0.02032,,,,,,,,
1/28/1999,0.02032,,,,,,,,
1/29/1999,0.02032,,,,,,,,
1/30/1999,0.02032,,,,,,,,
1/31/1999,0.02032,,,,,,,,
2/1/1999,0.04214,,,,,,,,
2/2/1999,0.04214,,,,,,,,
2/3/1999,0.04214,,,,,,,,
2/4/1999,0.04214,,,,,,,,
2/5/1999,0.04214,,,,,,,,
2/6/1999,0.04214,,,,,,,,
2/7/1999,0.04214,,,,,,,,
2/8/1999,0.04214,,,,,,,,
2/9/1999,0.04214,,,,,,,,
2/10/1999,0.04214,,,,,,,,
2/11/1999,0.04214,,,,,,,,
2/12/1999,0.04214,,,,,,,,
2/13/1999,0.04214,,,,,,,,
2/14/1999,0.04214,,,,,,,,
2/15/1999,0.04214,,,,,,,,
2/16/1999,0.04214,,,,,,,,
2/17/1999,0.04214,,,,,,,,
2/18/1999,0.04214,,,,,,,,
2/19/1999,0.04214,,,,,,,,
2/20/1999,0.04214,,,,,,,,
2/21/1999,0.04214,,,,,,,,
2/22/1999,0.04214,,,,,,,,
2/23/1999,0.04214,,,,,,,,
2/24/1999,0.04214,,,,,,,,
2/25/1999,0.04214,,,,,,,,
2/26/1999,0.04214,,,,,,,,
2/27/1999,0.04214,,,,,,,,
2/28/1999,0.04214,,,,,,,,
3/1/1999,0.07387,,,,,,,,
3/2/1999,0.07387,,,,,,,,
3/3/1999,0.07387,,,,,,,,
3/4/1999,0.07387,,,,,,,,
3/5/1999,0.07387,,,,,,,,
3/6/1999,0.07387,,,,,,,,
3/7/1999,0.07387,,,,,,,,
3/8/1999,0.07387,,,,,,,,
3/9/1999,0.07387,,,,,,,,
3/10/1999,0.07387,,,,,,,,
3/11/1999,0.07387,,,,,,,,
3/12/1999,0.07387,,,,,,,,
3/13/1999,0.07387,,,,,,,,
3/14/1999,0.07387,,,,,,,,
3/15/1999,0.07387,,,,,,,,
3/16/1999,0.07387,,,,,,,,
3/17/1999,0.07387,,,,,,,,
3/18/1999,0.07387,,,,,,,,
3/19/1999,0.07387,,,,,,,,
3/20/1999,0.07387,,,,,,,,
3/21/1999,0.07387,,,,,,,,
3/22/1999,0.07387,,,,,,,,
3/23/1999,0.07387,,,,,,,,
3/24/1999,0.07387,,,,,,,,
3/25/1999,0.07387,,,,,,,,
3/26/1999,0.07387,,,,,,,,
3/27/1999,0.07387,,,,,,,,
3/28/1999,0.07387,,,,,,,,
3/29/1999,0.07387,,,,,,,,
3/30/1999,0.07387,,,,,,,,
3/31/1999,0.07387,,,,,,,,
4/1/1999,0.11033,,,,,,,,
4/2/1999,0.11033,,,,,,,,
4/3/1999,0.11033,,,,,,,,
4/4/1999,0.11033,,,,,,,,
4/5/1999,0.11033,,,,,,,,
4/6/1999,0.11033,,,,,,,,
4/7/1999,0.11033,,,,,,,,
4/8/1999,0.11033,,,,,,,,
4/9/1999,0.11033,,,,,,,,
4/10/1999,0.11033,,,,,,,,
4/11/1999,0.11033,,,,,,,,
4/12/1999,0.11033,,,,,,,,
4/13/1999,0.11033,,,,,,,,
4/14/1999,0.11033,,,,,,,,
4/15/1999,0.11033,,,,,,,,
4/16/1999,0.11033,,,,,,,,
4/17/1999,0.11033,,,,,,,,
4/18/1999,0.11033,,,,,,,,
4/19/1999,0.11033,,,,,,,,
4/20/1999,0.11033,,,,,,,,
4/21/1999,0.11033,,,,,,,,
4/22/1999,0.11033,,,,,,,,
4/23/1999,0.11033,,,,,,,,
4/24/1999,0.11033,,,,,,,,
4/25/1999,0.11033,,,,,,,,
4/26/1999,0.11033,,,,,,,,
4/27/1999,0.11033,,,,,,,,
4/28/1999,0.11033,,,,,,,,
4/29/1999,0.11033,,,,,,,,
4/30/1999,0.11033,,,,,,,,
5/1/1999,0.16613,,,,,,,,
5/2/1999,0.16613,,,,,,,,
5/3/1999,0.16613,,,,,,,,
5/4/1999,0.16613,,,,,,,,
5/5/1999,0.16613,,,,,,,,
5/6/1999,0.16613,,,,,,,,
5/7/1999,0.16613,,,,,,,,
5/8/1999,0.16613,,,,,,,,
5/9/1999,0.16613,,,,,,,,
5/10/1999,0.16613,,,,,,,,
5/11/1999,0.16613,,,,,,,,
5/12/1999,0.16613,,,,,,,,
5/13/1999,0.16613,,,,,,,,
5/14/1999,0.16613,,,,,,,,
5/15/1999,0.16613,,,,,,,,
5/16/1999,0.16613,,,,,,,,
5/17/1999,0.16613,,,,,,,,
5/18/1999,0.16613,,,,,,,,
5/19/1999,0.16613,,,,,,,,
5/20/1999,0.16613,,,,,,,,
5/21/1999,0.16613,,,,,,,,
5/22/1999,0.16613,,,,,,,,
5/23/1999,0.16613,,,,,,,,
5/24/1999,0.16613,,,,,,,,
5/25/1999,0.16613,,,,,,,,
5/26/1999,0.16613,,,,,,,,
5/27/1999,0.16613,,,,,,,,
5/28/1999,0.16613,,,,,,,,
5/29/1999,0.16613,,,,,,,,
5/30/1999,0.16613,,,,,,,,
5/31/1999,0.16613,,,,,,,,
6/1/1999,0.20033,,,,,,,,
6/2/1999,0.20033,,,,,,,,
6/3/1999,0.20033,,,,,,,,
6/4/1999,0.20033,,,,,,,,
6/5/1999,0.20033,,,,,,,,
6/6/1999,0.20033,,,,,,,,
6/7/1999,0.20033,,,,,,,,
6/8/1999,0.20033,,,,,,,,
6/9/1999,0.20033,,,,,,,,
6/10/1999,0.20033,,,,,,,,
6/11/1999,0.20033,,,,,,,,
6/12/1999,0.20033,,,,,,,,
6/13/1999,0.20033,,,,,,,,
6/14/1999,0.20033,,,,,,,,
6/15/1999,0.20033,,,,,,,,
6/16/1999,0.20033,,,,,,,,
6/17/1999,0.20033,,,,,,,,
6/18/1999,0.20033,,,,,,,,
6/19/1999,0.20033,,,,,,,,
6/20/1999,0.20033,,,,,,,,
6/21/1999,0.20033,,,,,,,,
6/22/1999,0.20033,,,,,,,,
6/23/1999,0.20033,,,,,,,,
6/24/1999,0.20033,,,,,,,,
6/25/1999,0.20033,,,,,,,,
6/26/1999,0.20033,,,,,,,,
6/27/1999,0.20033,,,,,,,,
6/28/1999,0.20033,,,,,,,,
6/29/1999,0.20033,,,,,,,,
6/30/1999,0.20033,,,,,,,,
7/1/1999,0.23871,,,,,,,,
7/2/1999,0.23871,,,,,,,,
7/3/1999,0.23871,,,,,,,,
7/4/1999,0.23871,,,,,,,,
7/5/1999,0.23871,,,,,,,,
7/6/1999,0.23871,,,,,,,,
7/7/1999,0.23871,,,,,,,,
7/8/1999,0.23871,,,,,,,,
7/9/1999,0.23871,,,,,,,,
7/10/1999,0.23871,,,,,,,,
7/11/1999,0.23871,,,,,,,,
7/12/1999,0.23871,,,,,,,,
7/13/1999,0.23871,,,,,,,,
7/14/1999,0.23871,,,,,,,,
7/15/1999,0.23871,,,,,,,,
7/16/1999,0.23871,,,,,,,,
7/17/1999,0.23871,,,,,,,,
7/18/1999,0.23871,,,,,,,,
7/19/1999,0.23871,,,,,,,,
7/20/1999,0.23871,,,,,,,,
7/21/1999,0.23871,,,,,,,,
7/22/1999,0.23871,,,,,,,,
7/23/1999,0.23871,,,,,,,,
7/24/1999,0.23871,,,,,,,,
7/25/1999,0.23871,,,,,,,,
7/26/1999,0.23871,,,,,,,,
7/27/1999,0.23871,,,,,,,,
7/28/1999,0.23871,,,,,,,,
7/29/1999,0.23871,,,,,,,,
7/30/1999,0.23871,,,,,,,,
7/31/1999,0.23871,,,,,,,,
8/1/1999,0.21871,,,,,,,,
8/2/1999,0.21871,,,,,,,,
8/3/1999,0.21871,,,,,,,,
8/4/1999,0.21871,,,,,,,,
8/5/1999,0.21871,,,,,,,,
8/6/1999,0.21871,,,,,,,,
8/7/1999,0.21871,,,,,,,,
8/8/1999,0.21871,,,,,,,,
8/9/1999,0.21871,,,,,,,,
8/10/1999,0.21871,,,,,,,,
8/11/1999,0.21871,,,,,,,,
8/12/1999,0.21871,,,,,,,,
8/13/1999,0.21871,,,,,,,,
8/14/1999,0.21871,,,,,,,,
8/15/1999,0.21871,,,,,,,,
8/16/1999,0.21871,,,,,,,,
8/17/1999,0.21871,,,,,,,,
8/18/1999,0.21871,,,,,,,,
8/19/1999,0.21871,,,,,,,,
8/20/1999,0.21871,,,,,,,,
8/21/1999,0.21871,,,,,,,,
8/22/1999,0.21871,,,,,,,,
8/23/1999,0.21871,,,,,,,,
8/24/1999,0.21871,,,,,,,,
8/25/1999,0.21871,,,,,,,,
8/26/1999,0.21871,,,,,,,,
8/27/1999,0.21871,,,,,,,,
8/28/1999,0.21871,,,,,,,,
8/29/1999,0.21871,,,,,,,,
8/30/1999,0.21871,,,,,,,,
8/31/1999,0.21871,,,,,,,,
9/1/1999,0.156,,,,,,,,
9/2/1999,0.156,,,,,,,,
9/3/1999,0.156,,,,,,,,
9/4/1999,0.156,,,,,,,,
9/5/1999,0.156,,,,,,,,
9/6/1999,0.156,,,,,,,,
9/7/1999,0.156,,,,,,,,
9/8/1999,0.156,,,,,,,,
9/9/1999,0.156,,,,,,,,
9/10/1999,0.156,,,,,,,,
9/11/1999,0.156,,,,,,,,
9/12/1999,0.156,,,,,,,,
9/13/1999,0.156,,,,,,,,
9/14/1999,0.156,,,,,,,,
9/15/1999,0.156,,,,,,,,
9/16/1999,0.156,,,,,,,,
9/17/1999,0.156,,,,,,,,
9/18/1999,0.156,,,,,,,,
9/19/1999,0.156,,,,,,,,
9/20/1999,0.156,,,,,,,,
9/21/1999,0.156,,,,,,,,
9/22/1999,0.156,,,,,,,,
9/23/1999,0.156,,,,,,,,
9/24/1999,0.156,,,,,,,,
9/25/1999,0.156,,,,,,,,
9/26/1999,0.156,,,,,,,,
9/27/1999,0.156,,,,,,,,
9/28/1999,0.156,,,,,,,,
9/29/1999,0.156,,,,,,,,
9/30/1999,0.156,,,,,,,,
10/1/1999,0.0771,,,,,,,,
10/2/1999,0.0771,,,,,,,,
10/3/1999,0.0771,,,,,,,,
10/4/1999,0.0771,,,,,,,,
10/5/1999,0.0771,,,,,,,,
10/6/1999,0.0771,,,,,,,,
10/7/1999,0.0771,,,,,,,,
10/8/1999,0.0771,,,,,,,,
10/9/1999,0.0771,,,,,,,,
10/10/1999,0.0771,,,,,,,,
10/11/1999,0.0771,,,,,,,,
10/12/1999,0.0771,,,,,,,,
10/13/1999,0.0771,,,,,,,,
10/14/1999,0.0771,,,,,,,,
10/15/1999,0.0771,,,,,,,,
10/16/1999,0.0771,,,,,,,,
10/17/1999,0.0771,,,,,,,,
10/18/1999,0.0771,,,,,,,,
10/19/1999,0.0771,,,,,,,,
10/20/1999,0.0771,,,,,,,,
10/21/1999,0.0771,,,,,,,,
10/22/1999,0.0771,,,,,,,,
10/23/1999,0.0771,,,,,,,,
10/24/1999,0.0771,,,,,,,,
10/25/1999,0.0771,,,,,,,,
10/26/1999,0.0771,,,,,,,,
10/27/1999,0.0771,,,,,,,,
10/28/1999,0.0771,,,,,,,,
10/29/1999,0.0771,,,,,,,,
10/30/1999,0.0771,,,,,,,,
10/31/1999,0.0771,,,,,,,,
11/1/1999,0.035,,,,,,,,
11/2/1999,0.035,,,,,,,,
11/3/1999,0.035,,,,,,,,
11/4/1999,0.035,,,,,,,,
11/5/1999,0.035,,,,,,,,
11/6/1999,0.035,,,,,,,,
11/7/1999,0.035,,,,,,,,
11/8/1999,0.035,,,,,,,,
11/9/1999,0.035,,,,,,,,
11/10/1999,0.035,,,,,,,,
11/11/1999,0.035,,,,,,,,
11/12/1999,0.035,,,,,,,,
11/13/1999,0.035,,,,,,,,
11/14/1999,0.035,,,,,,,,
11/15/1999,0.035,,,,,,,,
11/16/1999,0.035,,,,,,,,
11/17/1999,0.035,,,,,,,,
11/18/1999,0.035,,,,,,,,
11/19/1999,0.035,,,,,,,,
11/20/1999,0.035,,,,,,,,
11/21/1999,0.035,,,,,,,,
11/22/1999,0.035,,,,,,,,
11/23/1999,0.035,,,,,,,,
11/24/1999,0.035,,,,,,,,
11/25/1999,0.035,,,,,,,,
11/26/1999,0.035,,,,,,,,
11/27/1999,0.035,,,,,,,,
11/28/1999,0.035,,,,,,,,
11/29/1999,0.035,,,,,,,,
11/30/1999,0.035,,,,,,,,
12/1/1999,0.01839,,,,,,,,
12/2/1999,0.01839,,,,,,,,
12/3/1999,0.01839,,,,,,,,
12/4/1999,0.01839,,,,,,,,
12/5/1999,0.01839,,,,,,,,
12/6/1999,0.01839,,,,,,,,
12/7/1999,0.01839,,,,,,,,
12/8/1999,0.01839,,,,,,,,
12/9/1999,0.01839,,,,,,,,
12/10/1999,0.01839,,,,,,,,
12/11/1999,0.01839,,,,,,,,
12/12/1999,0.01839,,,,,,,,
12/13/1999,0.01839,,,,,,,,
12/14/1999,0.01839,,,,,,,,
12/15/1999,0.01839,,,,,,,,
12/16/1999,0.01839,,,,,,,,
12/17/1999,0.01839,,,,,,,,
12/18/1999,0.01839,,,,,,,,
12/19/1999,0.01839,,,,,,,,
12/20/1999,0.01839,,,,,,,,
12/21/1999,0.01839,,,,,,,,
12/22/1999,0.01839,,,,,,,,
12/23/1999,0.01839,,,,,,,,
12/24/1999,0.01839,,,,,,,,
12/25/1999,0.01839,,,,,,,,
12/26/1999,0.01839,,,,,,,,
12/27/1999,0.01839,,,,,,,,
12/28/1999,0.01839,,,,,,,,
12/29/1999,0.01839,,,,,,,,
12/30/1999,0.01839,,,,,,,,
12/31/1999,0.01839,,,,,,,,
1/1/2000,0.02032,,,,,,,,
1/2/2000,0.02032,,,,,,,,
1/3/2000,0.02032,,,,,,,,
1/4/2000,0.02032,,,,,,,,
1/5/2000,0.02032,,,,,,,,
1/6/2000,0.02032,,,,,,,,
1/7/2000,0.02032,,,,,,,,
1/8/2000,0.02032,,,,,,,,
1/9/2000,0.02032,,,,,,,,
1/10/2000,0.02032,,,,,,,,
1/11/2000,0.02032,,,,,,,,
1/12/2000,0.02032,,,,,,,,
1/13/2000,0.02032,,,,,,,,
1/14/2000,0.02032,,,,,,,,
1/15/2000,0.02032,,,,,,,,
1/16/2000,0.02032,,,,,,,,
1/17/2000,0.02032,,,,,,,,
1/18/2000,0.02032,,,,,,,,
1/19/2000,0.02032,,,,,,,,
1/20/2000,0.02032,,,,,,,,
1/21/2000,0.02032,,,,,,,,
1/22/2000,0.02032,,,,,,,,
1/23/2000,0.02032,,,,,,,,
1/24/2000,0.02032,,,,,,,,
1/25/2000,0.02032,,,,,,,,
1/26/2000,0.02032,,,,,,,,
1/27/2000,0.02032,,,,,,,,
1/28/2000,0.02032,,,,,,,,
1/29/2000,0.02032,,,,,,,,
1/30/2000,0.02032,,,,,,,,
1/31/2000,0.02032,,,,,,,,
2/1/2000,0.04214,,,,,,,,
2/2/2000,0.04214,,,,,,,,
2/3/2000,0.04214,,,,,,,,
2/4/2000,0.04214,,,,,,,,
2/5/2000,0.04214,,,,,,,,
2/6/2000,0.04214,,,,,,,,
2/7/2000,0.04214,,,,,,,,
2/8/2000,0.04214,,,,,,,,
2/9/2000,0.04214,,,,,,,,
2/10/2000,0.04214,,,,,,,,
2/11/2000,0.04214,,,,,,,,
2/12/2000,0.04214,,,,,,,,
2/13/2000,0.04214,,,,,,,,
2/14/2000,0.04214,,,,,,,,
2/15/2000,0.04214,,,,,,,,
2/16/2000,0.04214,,,,,,,,
2/17/2000,0.04214,,,,,,,,
2/18/2000,0.04214,,,,,,,,
2/19/2000,0.04214,,,,,,,,
2/20/2000,0.04214,,,,,,,,
2/21/2000,0.04214,,,,,,,,
2/22/2000,0.04214,,,,,,,,
2/23/2000,0.04214,,,,,,,,
2/24/2000,0.04214,,,,,,,,
2/25/2000,0.04214,,,,,,,,
2/26/2000,0.04214,,,,,,,,
2/27/2000,0.04214,,,,,,,,
2/28/2000,0.04214,,,,,,,,
2/29/2000,0.04214,,,,,,,,
3/1/2000,0.07387,,,,,,,,
3/2/2000,0.07387,,,,,,,,
3/3/2000,0.07387,,,,,,,,
3/4/2000,0.07387,,,,,,,,
3/5/2000,0.07387,,,,,,,,
3/6/2000,0.07387,,,,,,,,
3/7/2000,0.07387,,,,,,,,
3/8/2000,0.07387,,,,,,,,
3/9/2000,0.07387,,,,,,,,
3/10/2000,0.07387,,,,,,,,
3/11/2000,0.07387,,,,,,,,
3/12/2000,0.07387,,,,,,,,
3/13/2000,0.07387,,,,,,,,
3/14/2000,0.07387,,,,,,,,
3/15/2000,0.07387,,,,,,,,
3/16/2000,0.07387,,,,,,,,
3/17/2000,0.07387,,,,,,,,
3/18/2000,0.07387,,,,,,,,
3/19/2000,0.07387,,,,,,,,
3/20/2000,0.07387,,,,,,,,
3/21/2000,0.07387,,,,,,,,
3/22/2000,0.07387,,,,,,,,
3/23/2000,0.07387,,,,,,,,
3/24/2000,0.07387,,,,,,,,
3/25/2000,0.07387,,,,,,,,
3/26/2000,0.07387,,,,,,,,
3/27/2000,0.07387,,,,,,,,
3/28/2000,0.07387,,,,,,,,
3/29/2000,0.07387,,,,,,,,
3/30/2000,0.07387,,,,,,,,
3/31/2000,0.07387,,,,,,,,
4/1/2000,0.11033,,,,,,,,
4/2/2000,0.11033,,,,,,,,
4/3/2000,0.11033,,,,,,,,
4/4/2000,0.11033,,,,,,,,
4/5/2000,0.11033,,,,,,,,
4/6/2000,0.11033,,,,,,,,
4/7/2000,0.11033,,,,,,,,
4/8/2000,0.11033,,,,,,,,
4/9/2000,0.11033,,,,,,,,
4/10/2000,0.11033,,,,,,,,
4/11/2000,0.11033,,,,,,,,
4/12/2000,0.11033,,,,,,,,
4/13/2000,0.11033,,,,,,,,
4/14/2000,0.11033,,,,,,,,
4/15/2000,0.11033,,,,,,,,
4/16/2000,0.11033,,,,,,,,
4/17/2000,0.11033,,,,,,,,
4/18/2000,0.11033,,,,,,,,
4/19/2000,0.11033,,,,,,,,
4/20/2000,0.11033,,,,,,,,
4/21/2000,0.11033,,,,,,,,
4/22/2000,0.11033,,,,,,,,
4/23/2000,0.11033,,,,,,,,
4/24/2000,0.11033,,,,,,,,
4/25/2000,0.11033,,,,,,,,
4/26/2000,0.11033,,,,,,,,
4/27/2000,0.11033,,,,,,,,
4/28/2000,0.11033,,,,,,,,
4/29/2000,0.11033,,,,,,,,
4/30/2000,0.11033,,,,,,,,
5/1/2000,0.16613,,,,,,,,
5/2/2000,0.16613,,,,,,,,
5/3/2000,0.16613,,,,,,,,
5/4/2000,0.16613,,,,,,,,
5/5/2000,0.16613,,,,,,,,
5/6/2000,0.16613,,,,,,,,
5/7/2000,0.16613,,,,,,,,
5/8/2000,0.16613,,,,,,,,
5/9/2000,0.16613,,,,,,,,
5/10/2000,0.16613,,,,,,,,
5/11/2000,0.16613,,,,,,,,
5/12/2000,0.16613,,,,,,,,
5/13/2000,0.16613,,,,,,,,
5/14/2000,0.16613,,,,,,,,
5/15/2000,0.16613,,,,,,,,
5/16/2000,0.16613,,,,,,,,
5/17/2000,0.16613,,,,,,,,
5/18/2000,0.16613,,,,,,,,
5/19/2000,0.16613,,,,,,,,
5/20/2000,0.16613,,,,,,,,
5/21/2000,0.16613,,,,,,,,
5/22/2000,0.16613,,,,,,,,
5/23/2000,0.16613,,,,,,,,
5/24/2000,0.16613,,,,,,,,
5/25/2000,0.16613,,,,,,,,
5/26/2000,0.16613,,,,,,,,
5/27/2000,0.16613,,,,,,,,
5/28/2000,0.16613,,,,,,,,
5/29/2000,0.16613,,,,,,,,
5/30/2000,0.16613,,,,,,,,
5/31/2000,0.16613,,,,,,,,
6/1/2000,0.20033,,,,,,,,
6/2/2000,0.20033,,,,,,,,
6/3/2000,0.20033,,,,,,,,
6/4/2000,0.20033,,,,,,,,
6/5/2000,0.20033,,,,,,,,
6/6/2000,0.20033,,,,,,,,
6/7/2000,0.20033,,,,,,,,
6/8/2000,0.20033,,,,,,,,
6/9/2000,0.20033,,,,,,,,
6/10/2000,0.20033,,,,,,,,
6/11/2000,0.20033,,,,,,,,
6/12/2000,0.20033,,,,,,,,
6/13/2000,0.20033,,,,,,,,
6/14/2000,0.20033,,,,,,,,
6/15/2000,0.20033,,,,,,,,
6/16/2000,0.20033,,,,,,,,
6/17/2000,0.20033,,,,,,,,
6/18/2000,0.20033,,,,,,,,
6/19/2000,0.20033,,,,,,,,
6/20/2000,0.20033,,,,,,,,
6/21/2000,0.20033,,,,,,,,
6/22/2000,0.20033,,,,,,,,
6/23/2000,0.20033,,,,,,,,
6/24/2000,0.20033,,,,,,,,
6/25/2000,0.20033,,,,,,,,
6/26/2000,0.20033,,,,,,,,
6/27/2000,0.20033,,,,,,,,
6/28/2000,0.20033,,,,,,,,
6/29/2000,0.20033,,,,,,,,
6/30/2000,0.20033,,,,,,,,
7/1/2000,0.23871,,,,,,,,
7/2/2000,0.23871,,,,,,,,
7/3/2000,0.23871,,,,,,,,
7/4/2000,0.23871,,,,,,,,
7/5/2000,0.23871,,,,,,,,
7/6/2000,0.23871,,,,,,,,
7/7/2000,0.23871,,,,,,,,
7/8/2000,0.23871,,,,,,,,
7/9/2000,0.23871,,,,,,,,
7/10/2000,0.23871,,,,,,,,
7/11/2000,0.23871,,,,,,,,
7/12/2000,0.23871,,,,,,,,
7/13/2000,0.23871,,,,,,,,
7/14/2000,0.23871,,,,,,,,
7/15/2000,0.23871,,,,,,,,
7/16/2000,0.23871,,,,,,,,
7/17/2000,0.23871,,,,,,,,
7/18/2000,0.23871,,,,,,,,
7/19/2000,0.23871,,,,,,,,
7/20/2000,0.23871,,,,,,,,
7/21/2000,0.23871,,,,,,,,
7/22/2000,0.23871,,,,,,,,
7/23/2000,0.23871,,,,,,,,
7/24/2000,0.23871,,,,,,,,
7/25/2000,0.23871,,,,,,,,
7/26/2000,0.23871,,,,,,,,
7/27/2000,0.23871,,,,,,,,
7/28/2000,0.23871,,,,,,,,
7/29/2000,0.23871,,,,,,,,
7/30/2000,0.23871,,,,,,,,
7/31/2000,0.23871,,,,,,,,
8/1/2000,0.21871,,,,,,,,
8/2/2000,0.21871,,,,,,,,
8/3/2000,0.21871,,,,,,,,
8/4/2000,0.21871,,,,,,,,
8/5/2000,0.21871,,,,,,,,
8/6/2000,0.21871,,,,,,,,
8/7/2000,0.21871,,,,,,,,
8/8/2000,0.21871,,,,,,,,
8/9/2000,0.21871,,,,,,,,
8/10/2000,0.21871,,,,,,,,
8/11/2000,0.21871,,,,,,,,
8/12/2000,0.21871,,,,,,,,
8/13/2000,0.21871,,,,,,,,
8/14/2000,0.21871,,,,,,,,
8/15/2000,0.21871,,,,,,,,
8/16/2000,0.21871,,,,,,,,
8/17/2000,0.21871,,,,,,,,
8/18/2000,0.21871,,,,,,,,
8/19/2000,0.21871,,,,,,,,
8/20/2000,0.21871,,,,,,,,
8/21/2000,0.21871,,,,,,,,
8/22/2000,0.21871,,,,,,,,
8/23/2000,0.21871,,,,,,,,
8/24/2000,0.21871,,,,,,,,
8/25/2000,0.21871,,,,,,,,
8/26/2000,0.21871,,,,,,,,
8/27/2000,0.21871,,,,,,,,
8/28/2000,0.21871,,,,,,,,
8/29/2000,0.21871,,,,,,,,
8/30/2000,0.21871,,,,,,,,
8/31/2000,0.21871,,,,,,,,
9/1/2000,0.156,,,,,,,,
9/2/2000,0.156,,,,,,,,
9/3/2000,0.156,,,,,,,,
9/4/2000,0.156,,,,,,,,
9/5/2000,0.156,,,,,,,,
9/6/2000,0.156,,,,,,,,
9/7/2000,0.156,,,,,,,,
9/8/2000,0.156,,,,,,,,
9/9/2000,0.156,,,,,,,,
9/10/2000,0.156,,,,,,,,
9/11/2000,0.156,,,,,,,,
9/12/2000,0.156,,,,,,,,
9/13/2000,0.156,,,,,,,,
9/14/2000,0.156,,,,,,,,
9/15/2000,0.156,,,,,,,,
9/16/2000,0.156,,,,,,,,
9/17/2000,0.156,,,,,,,,
9/18/2000,0.156,,,,,,,,
9/19/2000,0.156,,,,,,,,
9/20/2000,0.156,,,,,,,,
9/21/2000,0.156,,,,,,,,
9/22/2000,0.156,,,,,,,,
9/23/2000,0.156,,,,,,,,
9/24/2000,0.156,,,,,,,,
9/25/2000,0.156,,,,,,,,
9/26/2000,0.156,,,,,,,,
9/27/2000,0.156,,,,,,,,
9/28/2000,0.156,,,,,,,,
9/29/2000,0.156,,,,,,,,
9/30/2000,0.156,,,,,,,,
10/1/2000,0.0771,,,,,,,,
10/2/2000,0.0771,,,,,,,,
10/3/2000,0.0771,,,,,,,,
10/4/2000,0.0771,,,,,,,,
10/5/2000,0.0771,,,,,,,,
10/6/2000,0.0771,,,,,,,,
10/7/2000,0.0771,,,,,,,,
10/8/2000,0.0771,,,,,,,,
10/9/2000,0.0771,,,,,,,,
10/10/2000,0.0771,,,,,,,,
10/11/2000,0.0771,,,,,,,,
10/12/2000,0.0771,,,,,,,,
10/13/2000,0.0771,,,,,,,,
10/14/2000,0.0771,,,,,,,,
10/15/2000,0.0771,,,,,,,,
10/16/2000,0.0771,,,,,,,,
10/17/2000,0.0771,,,,,,,,
10/18/2000,0.0771,,,,,,,,
10/19/2000,0.0771,,,,,,,,
10/20/2000,0.0771,,,,,,,,
10/21/2000,0.0771,,,,,,,,
10/22/2000,0.0771,,,,,,,,
10/23/2000,0.0771,,,,,,,,
10/24/2000,0.0771,,,,,,,,
10/25/2000,0.0771,,,,,,,,
10/26/2000,0.0771,,,,,,,,
10/27/2000,0.0771,,,,,,,,
10/28/2000,0.0771,,,,,,,,
10/29/2000,0.0771,,,,,,,,
10/30/2000,0.0771,,,,,,,,
10/31/2000,0.0771,,,,,,,,
11/1/2000,0.035,,,,,,,,
11/2/2000,0.035,,,,,,,,
11/3/2000,0.035,,,,,,,,
11/4/2000,0.035,,,,,,,,
11/5/2000,0.035,,,,,,,,
11/6/2000,0.035,,,,,,,,
11/7/2000,0.035,,,,,,,,
11/8/2000,0.035,,,,,,,,
11/9/2000,0.035,,,,,,,,
11/10/2000,0.035,,,,,,,,
11/11/2000,0.035,,,,,,,,
11/12/2000,0.035,,,,,,,,
11/13/2000,0.035,,,,,,,,
11/14/2000,0.035,,,,,,,,
11/15/2000,0.035,,,,,,,,
11/16/2000,0.035,,,,,,,,
11/17/2000,0.035,,,,,,,,
11/18/2000,0.035,,,,,,,,
11/19/2000,0.035,,,,,,,,
11/20/2000,0.035,,,,,,,,
11/21/2000,0.035,,,,,,,,
11/22/2000,0.035,,,,,,,,
11/23/2000,0.035,,,,,,,,
11/24/2000,0.035,,,,,,,,
11/25/2000,0.035,,,,,,,,
11/26/2000,0.035,,,,,,,,
11/27/2000,0.035,,,,,,,,
11/28/2000,0.035,,,,,,,,
11/29/2000,0.035,,,,,,,,
11/30/2000,0.035,,,,,,,,
12/1/2000,0.01839,,,,,,,,
12/2/2000,0.01839,,,,,,,,
12/3/2000,0.01839,,,,,,,,
12/4/2000,0.01839,,,,,,,,
12/5/2000,0.01839,,,,,,,,
12/6/2000,0.01839,,,,,,,,
12/7/2000,0.01839,,,,,,,,
12/8/2000,0.01839,,,,,,,,
12/9/2000,0.01839,,,,,,,,
12/10/2000,0.01839,,,,,,,,
12/11/2000,0.01839,,,,,,,,
12/12/2000,0.01839,,,,,,,,
12/13/2000,0.01839,,,,,,,,
12/14/2000,0.01839,,,,,,,,
12/15/2000,0.01839,,,,,,,,
12/16/2000,0.01839,,,,,,,,
12/17/2000,0.01839,,,,,,,,
12/18/2000,0.01839,,,,,,,,
12/19/2000,0.01839,,,,,,,,
12/20/2000,0.01839,,,,,,,,
12/21/2000,0.01839,,,,,,,,
12/22/2000,0.01839,,,,,,,,
12/23/2000,0.01839,,,,,,,,
12/24/2000,0.01839,,,,,,,,
12/25/2000,0.01839,,,,,,,,
12/26/2000,0.01839,,,,,,,,
12/27/2000,0.01839,,,,,,,,
12/28/2000,0.01839,,,,,,,,
12/29/2000,0.01839,,,,,,,,
12/30/2000,0.01839,,,,,,,,
12/31/2000,0.01839,,,,,,,,
1/1/2001,0.02032,,,,,,,,
1/2/2001,0.02032,,,,,,,,
1/3/2001,0.02032,,,,,,,,
1/4/2001,0.02032,,,,,,,,
1/5/2001,0.02032,,,,,,,,
1/6/2001,0.02032,,,,,,,,
1/7/2001,0.02032,,,,,,,,
1/8/2001,0.02032,,,,,,,,
1/9/2001,0.02032,,,,,,,,
1/10/2001,0.02032,,,,,,,,
1/11/2001,0.02032,,,,,,,,
1/12/2001,0.02032,,,,,,,,
1/13/2001,0.02032,,,,,,,,
1/14/2001,0.02032,,,,,,,,
1/15/2001,0.02032,,,,,,,,
1/16/2001,0.02032,,,,,,,,
1/17/2001,0.02032,,,,,,,,
1/18/2001,0.02032,,,,,,,,
1/19/2001,0.02032,,,,,,,,
1/20/2001,0.02032,,,,,,,,
1/21/2001,0.02032,,,,,,,,
1/22/2001,0.02032,,,,,,,,
1/23/2001,0.02032,,,,,,,,
1/24/2001,0.02032,,,,,,,,
1/25/2001,0.02032,,,,,,,,
1/26/2001,0.02032,,,,,,,,
1/27/2001,0.02032,,,,,,,,
1/28/2001,0.02032,,,,,,,,
1/29/2001,0.02032,,,,,,,,
1/30/2001,0.02032,,,,,,,,
1/31/2001,0.02032,,,,,,,,
2/1/2001,0.04214,,,,,,,,
2/2/2001,0.04214,,,,,,,,
2/3/2001,0.04214,,,,,,,,
2/4/2001,0.04214,,,,,,,,
2/5/2001,0.04214,,,,,,,,
2/6/2001,0.04214,,,,,,,,
2/7/2001,0.04214,,,,,,,,
2/8/2001,0.04214,,,,,,,,
2/9/2001,0.04214,,,,,,,,
2/10/2001,0.04214,,,,,,,,
2/11/2001,0.04214,,,,,,,,
2/12/2001,0.04214,,,,,,,,
2/13/2001,0.04214,,,,,,,,
2/14/2001,0.04214,,,,,,,,
2/15/2001,0.04214,,,,,,,,
2/16/2001,0.04214,,,,,,,,
2/17/2001,0.04214,,,,,,,,
2/18/2001,0.04214,,,,,,,,
2/19/2001,0.04214,,,,,,,,
2/20/2001,0.04214,,,,,,,,
2/21/2001,0.04214,,,,,,,,
2/22/2001,0.04214,,,,,,,,
2/23/2001,0.04214,,,,,,,,
2/24/2001,0.04214,,,,,,,,
2/25/2001,0.04214,,,,,,,,
2/26/2001,0.04214,,,,,,,,
2/27/2001,0.04214,,,,,,,,
2/28/2001,0.04214,,,,,,,,
3/1/2001,0.07387,,,,,,,,
3/2/2001,0.07387,,,,,,,,
3/3/2001,0.07387,,,,,,,,
3/4/2001,0.07387,,,,,,,,
3/5/2001,0.07387,,,,,,,,
3/6/2001,0.07387,,,,,,,,
3/7/2001,0.07387,,,,,,,,
3/8/2001,0.07387,,,,,,,,
3/9/2001,0.07387,,,,,,,,
3/10/2001,0.07387,,,,,,,,
3/11/2001,0.07387,,,,,,,,
3/12/2001,0.07387,,,,,,,,
3/13/2001,0.07387,,,,,,,,
3/14/2001,0.07387,,,,,,,,
3/15/2001,0.07387,,,,,,,,
3/16/2001,0.07387,,,,,,,,
3/17/2001,0.07387,,,,,,,,
3/18/2001,0.07387,,,,,,,,
3/19/2001,0.07387,,,,,,,,
3/20/2001,0.07387,,,,,,,,
3/21/2001,0.07387,,,,,,,,
3/22/2001,0.07387,,,,,,,,
3/23/2001,0.07387,,,,,,,,
3/24/2001,0.07387,,,,,,,,
3/25/2001,0.07387,,,,,,,,
3/26/2001,0.07387,,,,,,,,
3/27/2001,0.07387,,,,,,,,
3/28/2001,0.07387,,,,,,,,
3/29/2001,0.07387,,,,,,,,
3/30/2001,0.07387,,,,,,,,
3/31/2001,0.07387,,,,,,,,
4/1/2001,0.11033,,,,,,,,
4/2/2001,0.11033,,,,,,,,
4/3/2001,0.11033,,,,,,,,
4/4/2001,0.11033,,,,,,,,
4/5/2001,0.11033,,,,,,,,
4/6/2001,0.11033,,,,,,,,
4/7/2001,0.11033,,,,,,,,
4/8/2001,0.11033,,,,,,,,
4/9/2001,0.11033,,,,,,,,
4/10/2001,0.11033,,,,,,,,
4/11/2001,0.11033,,,,,,,,
4/12/2001,0.11033,,,,,,,,
4/13/2001,0.11033,,,,,,,,
4/14/2001,0.11033,,,,,,,,
4/15/2001,0.11033,,,,,,,,
4/16/2001,0.11033,,,,,,,,
4/17/2001,0.11033,,,,,,,,
4/18/2001,0.11033,,,,,,,,
4/19/2001,0.11033,,,,,,,,
4/20/2001,0.11033,,,,,,,,
4/21/2001,0.11033,,,,,,,,
4/22/2001,0.11033,,,,,,,,
4/23/2001,0.11033,,,,,,,,
4/24/2001,0.11033,,,,,,,,
4/25/2001,0.11033,,,,,,,,
4/26/2001,0.11033,,,,,,,,
4/27/2001,0.11033,,,,,,,,
4/28/2001,0.11033,,,,,,,,
4/29/2001,0.11033,,,,,,,,
4/30/2001,0.11033,,,,,,,,
5/1/2001,0.16613,,,,,,,,
5/2/2001,0.16613,,,,,,,,
5/3/2001,0.16613,,,,,,,,
5/4/2001,0.16613,,,,,,,,
5/5/2001,0.16613,,,,,,,,
5/6/2001,0.16613,,,,,,,,
5/7/2001,0.16613,,,,,,,,
5/8/2001,0.16613,,,,,,,,
5/9/2001,0.16613,,,,,,,,
5/10/2001,0.16613,,,,,,,,
5/11/2001,0.16613,,,,,,,,
5/12/2001,0.16613,,,,,,,,
5/13/2001,0.16613,,,,,,,,
5/14/2001,0.16613,,,,,,,,
5/15/2001,0.16613,,,,,,,,
5/16/2001,0.16613,,,,,,,,
5/17/2001,0.16613,,,,,,,,
5/18/2001,0.16613,,,,,,,,
5/19/2001,0.16613,,,,,,,,
5/20/2001,0.16613,,,,,,,,
5/21/2001,0.16613,,,,,,,,
5/22/2001,0.16613,,,,,,,,
5/23/2001,0.16613,,,,,,,,
5/24/2001,0.16613,,,,,,,,
5/25/2001,0.16613,,,,,,,,
5/26/2001,0.16613,,,,,,,,
5/27/2001,0.16613,,,,,,,,
5/28/2001,0.16613,,,,,,,,
5/29/2001,0.16613,,,,,,,,
5/30/2001,0.16613,,,,,,,,
5/31/2001,0.16613,,,,,,,,
6/1/2001,0.20033,,,,,,,,
6/2/2001,0.20033,,,,,,,,
6/3/2001,0.20033,,,,,,,,
6/4/2001,0.20033,,,,,,,,
6/5/2001,0.20033,,,,,,,,
6/6/2001,0.20033,,,,,,,,
6/7/2001,0.20033,,,,,,,,
6/8/2001,0.20033,,,,,,,,
6/9/2001,0.20033,,,,,,,,
6/10/2001,0.20033,,,,,,,,
6/11/2001,0.20033,,,,,,,,
6/12/2001,0.20033,,,,,,,,
6/13/2001,0.20033,,,,,,,,
6/14/2001,0.20033,,,,,,,,
6/15/2001,0.20033,,,,,,,,
6/16/2001,0.20033,,,,,,,,
6/17/2001,0.20033,,,,,,,,
6/18/2001,0.20033,,,,,,,,
6/19/2001,0.20033,,,,,,,,
6/20/2001,0.20033,,,,,,,,
6/21/2001,0.20033,,,,,,,,
6/22/2001,0.20033,,,,,,,,
6/23/2001,0.20033,,,,,,,,
6/24/2001,0.20033,,,,,,,,
6/25/2001,0.20033,,,,,,,,
6/26/2001,0.20033,,,,,,,,
6/27/2001,0.20033,,,,,,,,
6/28/2001,0.20033,,,,,,,,
6/29/2001,0.20033,,,,,,,,
6/30/2001,0.20033,,,,,,,,
7/1/2001,0.23871,,,,,,,,
7/2/2001,0.23871,,,,,,,,
7/3/2001,0.23871,,,,,,,,
7/4/2001,0.23871,,,,,,,,
7/5/2001,0.23871,,,,,,,,
7/6/2001,0.23871,,,,,,,,
7/7/2001,0.23871,,,,,,,,
7/8/2001,0.23871,,,,,,,,
7/9/2001,0.23871,,,,,,,,
7/10/2001,0.23871,,,,,,,,
7/11/2001,0.23871,,,,,,,,
7/12/2001,0.23871,,,,,,,,
7/13/2001,0.23871,,,,,,,,
7/14/2001,0.23871,,,,,,,,
7/15/2001,0.23871,,,,,,,,
7/16/2001,0.23871,,,,,,,,
7/17/2001,0.23871,,,,,,,,
7/18/2001,0.23871,,,,,,,,
7/19/2001,0.23871,,,,,,,,
7/20/2001,0.23871,,,,,,,,
7/21/2001,0.23871,,,,,,,,
7/22/2001,0.23871,,,,,,,,
7/23/2001,0.23871,,,,,,,,
7/24/2001,0.23871,,,,,,,,
7/25/2001,0.23871,,,,,,,,
7/26/2001,0.23871,,,,,,,,
7/27/2001,0.23871,,,,,,,,
7/28/2001,0.23871,,,,,,,,
7/29/2001,0.23871,,,,,,,,
7/30/2001,0.23871,,,,,,,,
7/31/2001,0.23871,,,,,,,,
8/1/2001,0.21871,,,,,,,,
8/2/2001,0.21871,,,,,,,,
8/3/2001,0.21871,,,,,,,,
8/4/2001,0.21871,,,,,,,,
8/5/2001,0.21871,,,,,,,,
8/6/2001,0.21871,,,,,,,,
8/7/2001,0.21871,,,,,,,,
8/8/2001,0.21871,,,,,,,,
8/9/2001,0.21871,,,,,,,,
8/10/2001,0.21871,,,,,,,,
8/11/2001,0.21871,,,,,,,,
8/12/2001,0.21871,,,,,,,,
8/13/2001,0.21871,,,,,,,,
8/14/2001,0.21871,,,,,,,,
8/15/2001,0.21871,,,,,,,,
8/16/2001,0.21871,,,,,,,,
8/17/2001,0.21871,,,,,,,,
8/18/2001,0.21871,,,,,,,,
8/19/2001,0.21871,,,,,,,,
8/20/2001,0.21871,,,,,,,,
8/21/2001,0.21871,,,,,,,,
8/22/2001,0.21871,,,,,,,,
8/23/2001,0.21871,,,,,,,,
8/24/2001,0.21871,,,,,,,,
8/25/2001,0.21871,,,,,,,,
8/26/2001,0.21871,,,,,,,,
8/27/2001,0.21871,,,,,,,,
8/28/2001,0.21871,,,,,,,,
8/29/2001,0.21871,,,,,,,,
8/30/2001,0.21871,,,,,,,,
8/31/2001,0.21871,,,,,,,,
9/1/2001,0.156,,,,,,,,
9/2/2001,0.156,,,,,,,,
9/3/2001,0.156,,,,,,,,
9/4/2001,0.156,,,,,,,,
9/5/2001,0.156,,,,,,,,
9/6/2001,0.156,,,,,,,,
9/7/2001,0.156,,,,,,,,
9/8/2001,0.156,,,,,,,,
9/9/2001,0.156,,,,,,,,
9/10/2001,0.156,,,,,,,,
9/11/2001,0.156,,,,,,,,
9/12/2001,0.156,,,,,,,,
9/13/2001,0.156,,,,,,,,
9/14/2001,0.156,,,,,,,,
9/15/2001,0.156,,,,,,,,
9/16/2001,0.156,,,,,,,,
9/17/2001,0.156,,,,,,,,
9/18/2001,0.156,,,,,,,,
9/19/2001,0.156,,,,,,,,
9/20/2001,0.156,,,,,,,,
9/21/2001,0.156,,,,,,,,
9/22/2001,0.156,,,,,,,,
9/23/2001,0.156,,,,,,,,
9/24/2001,0.156,,,,,,,,
9/25/2001,0.156,,,,,,,,
9/26/2001,0.156,,,,,,,,
9/27/2001,0.156,,,,,,,,
9/28/2001,0.156,,,,,,,,
9/29/2001,0.156,,,,,,,,
9/30/2001,0.156,,,,,,,,
10/1/2001,0.0771,,,,,,,,
10/2/2001,0.0771,,,,,,,,
10/3/2001,0.0771,,,,,,,,
10/4/2001,0.0771,,,,,,,,
10/5/2001,0.0771,,,,,,,,
10/6/2001,0.0771,,,,,,,,
10/7/2001,0.0771,,,,,,,,
10/8/2001,0.0771,,,,,,,,
10/9/2001,0.0771,,,,,,,,
10/10/2001,0.0771,,,,,,,,
10/11/2001,0.0771,,,,,,,,
10/12/2001,0.0771,,,,,,,,
10/13/2001,0.0771,,,,,,,,
10/14/2001,0.0771,,,,,,,,
10/15/2001,0.0771,,,,,,,,
10/16/2001,0.0771,,,,,,,,
10/17/2001,0.0771,,,,,,,,
10/18/2001,0.0771,,,,,,,,
10/19/2001,0.0771,,,,,,,,
10/20/2001,0.0771,,,,,,,,
10/21/2001,0.0771,,,,,,,,
10/22/2001,0.0771,,,,,,,,
10/23/2001,0.0771,,,,,,,,
10/24/2001,0.0771,,,,,,,,
10/25/2001,0.0771,,,,,,,,
10/26/2001,0.0771,,,,,,,,
10/27/2001,0.0771,,,,,,,,
10/28/2001,0.0771,,,,,,,,
10/29/2001,0.0771,,,,,,,,
10/30/2001,0.0771,,,,,,,,
10/31/2001,0.0771,,,,,,,,
11/1/2001,0.035,,,,,,,,
11/2/2001,0.035,,,,,,,,
11/3/2001,0.035,,,,,,,,
11/4/2001,0.035,,,,,,,,
11/5/2001,0.035,,,,,,,,
11/6/2001,0.035,,,,,,,,
11/7/2001,0.035,,,,,,,,
11/8/2001,0.035,,,,,,,,
11/9/2001,0.035,,,,,,,,
11/10/2001,0.035,,,,,,,,
11/11/2001,0.035,,,,,,,,
11/12/2001,0.035,,,,,,,,
11/13/2001,0.035,,,,,,,,
11/14/2001,0.035,,,,,,,,
11/15/2001,0.035,,,,,,,,
11/16/2001,0.035,,,,,,,,
11/17/2001,0.035,,,,,,,,
11/18/2001,0.035,,,,,,,,
11/19/2001,0.035,,,,,,,,
11/20/2001,0.035,,,,,,,,
11/21/2001,0.035,,,,,,,,
11/22/2001,0.035,,,,,,,,
11/23/2001,0.035,,,,,,,,
11/24/2001,0.035,,,,,,,,
11/25/2001,0.035,,,,,,,,
11/26/2001,0.035,,,,,,,,
11/27/2001,0.035,,,,,,,,
11/28/2001,0.035,,,,,,,,
11/29/2001,0.035,,,,,,,,
11/30/2001,0.035,,,,,,,,
12/1/2001,0.01839,,,,,,,,
12/2/2001,0.01839,,,,,,,,
12/3/2001,0.01839,,,,,,,,
12/4/2001,0.01839,,,,,,,,
12/5/2001,0.01839,,,,,,,,
12/6/2001,0.01839,,,,,,,,
12/7/2001,0.01839,,,,,,,,
12/8/2001,0.01839,,,,,,,,
12/9/2001,0.01839,,,,,,,,
12/10/2001,0.01839,,,,,,,,
12/11/2001,0.01839,,,,,,,,
12/12/2001,0.01839,,,,,,,,
12/13/2001,0.01839,,,,,,,,
12/14/2001,0.01839,,,,,,,,
12/15/2001,0.01839,,,,,,,,
12/16/2001,0.01839,,,,,,,,
12/17/2001,0.01839,,,,,,,,
12/18/2001,0.01839,,,,,,,,
12/19/2001,0.01839,,,,,,,,
12/20/2001,0.01839,,,,,,,,
12/21/2001,0.01839,,,,,,,,
12/22/2001,0.01839,,,,,,,,
12/23/2001,0.01839,,,,,,,,
12/24/2001,0.01839,,,,,,,,
12/25/2001,0.01839,,,,,,,,
12/26/2001,0.01839,,,,,,,,
12/27/2001,0.01839,,,,,,,,
12/28/2001,0.01839,,,,,,,,
12/29/2001,0.01839,,,,,,,,
12/30/2001,0.01839,,,,,,,,
12/31/2001,0.01839,,,,,,,,
1/1/2002,0.02032,,,,,,,,
1/2/2002,0.02032,,,,,,,,
1/3/2002,0.02032,,,,,,,,
1/4/2002,0.02032,,,,,,,,
1/5/2002,0.02032,,,,,,,,
1/6/2002,0.02032,,,,,,,,
1/7/2002,0.02032,,,,,,,,
1/8/2002,0.02032,,,,,,,,
1/9/2002,0.02032,,,,,,,,
1/10/2002,0.02032,,,,,,,,
1/11/2002,0.02032,,,,,,,,
1/12/2002,0.02032,,,,,,,,
1/13/2002,0.02032,,,,,,,,
1/14/2002,0.02032,,,,,,,,
1/15/2002,0.02032,,,,,,,,
1/16/2002,0.02032,,,,,,,,
1/17/2002,0.02032,,,,,,,,
1/18/2002,0.02032,,,,,,,,
1/19/2002,0.02032,,,,,,,,
1/20/2002,0.02032,,,,,,,,
1/21/2002,0.02032,,,,,,,,
1/22/2002,0.02032,,,,,,,,
1/23/2002,0.02032,,,,,,,,
1/24/2002,0.02032,,,,,,,,
1/25/2002,0.02032,,,,,,,,
1/26/2002,0.02032,,,,,,,,
1/27/2002,0.02032,,,,,,,,
1/28/2002,0.02032,,,,,,,,
1/29/2002,0.02032,,,,,,,,
1/30/2002,0.02032,,,,,,,,
1/31/2002,0.02032,,,,,,,,
2/1/2002,0.04214,,,,,,,,
2/2/2002,0.04214,,,,,,,,
2/3/2002,0.04214,,,,,,,,
2/4/2002,0.04214,,,,,,,,
2/5/2002,0.04214,,,,,,,,
2/6/2002,0.04214,,,,,,,,
2/7/2002,0.04214,,,,,,,,
2/8/2002,0.04214,,,,,,,,
2/9/2002,0.04214,,,,,,,,
2/10/2002,0.04214,,,,,,,,
2/11/2002,0.04214,,,,,,,,
2/12/2002,0.04214,,,,,,,,
2/13/2002,0.04214,,,,,,,,
2/14/2002,0.04214,,,,,,,,
2/15/2002,0.04214,,,,,,,,
2/16/2002,0.04214,,,,,,,,
2/17/2002,0.04214,,,,,,,,
2/18/2002,0.04214,,,,,,,,
2/19/2002,0.04214,,,,,,,,
2/20/2002,0.04214,,,,,,,,
2/21/2002,0.04214,,,,,,,,
2/22/2002,0.04214,,,,,,,,
2/23/2002,0.04214,,,,,,,,
2/24/2002,0.04214,,,,,,,,
2/25/2002,0.04214,,,,,,,,
2/26/2002,0.04214,,,,,,,,
2/27/2002,0.04214,,,,,,,,
2/28/2002,0.04214,,,,,,,,
3/1/2002,0.07387,,,,,,,,
3/2/2002,0.07387,,,,,,,,
3/3/2002,0.07387,,,,,,,,
3/4/2002,0.07387,,,,,,,,
3/5/2002,0.07387,,,,,,,,
3/6/2002,0.07387,,,,,,,,
3/7/2002,0.07387,,,,,,,,
3/8/2002,0.07387,,,,,,,,
3/9/2002,0.07387,,,,,,,,
3/10/2002,0.07387,,,,,,,,
3/11/2002,0.07387,,,,,,,,
3/12/2002,0.07387,,,,,,,,
3/13/2002,0.07387,,,,,,,,
3/14/2002,0.07387,,,,,,,,
3/15/2002,0.07387,,,,,,,,
3/16/2002,0.07387,,,,,,,,
3/17/2002,0.07387,,,,,,,,
3/18/2002,0.07387,,,,,,,,
3/19/2002,0.07387,,,,,,,,
3/20/2002,0.07387,,,,,,,,
3/21/2002,0.07387,,,,,,,,
3/22/2002,0.07387,,,,,,,,
3/23/2002,0.07387,,,,,,,,
3/24/2002,0.07387,,,,,,,,
3/25/2002,0.07387,,,,,,,,
3/26/2002,0.07387,,,,,,,,
3/27/2002,0.07387,,,,,,,,
3/28/2002,0.07387,,,,,,,,
3/29/2002,0.07387,,,,,,,,
3/30/2002,0.07387,,,,,,,,
3/31/2002,0.07387,,,,,,,,
4/1/2002,0.11033,,,,,,,,
4/2/2002,0.11033,,,,,,,,
4/3/2002,0.11033,,,,,,,,
4/4/2002,0.11033,,,,,,,,
4/5/2002,0.11033,,,,,,,,
4/6/2002,0.11033,,,,,,,,
4/7/2002,0.11033,,,,,,,,
4/8/2002,0.11033,,,,,,,,
4/9/2002,0.11033,,,,,,,,
4/10/2002,0.11033,,,,,,,,
4/11/2002,0.11033,,,,,,,,
4/12/2002,0.11033,,,,,,,,
4/13/2002,0.11033,,,,,,,,
4/14/2002,0.11033,,,,,,,,
4/15/2002,0.11033,,,,,,,,
4/16/2002,0.11033,,,,,,,,
4/17/2002,0.11033,,,,,,,,
4/18/2002,0.11033,,,,,,,,
4/19/2002,0.11033,,,,,,,,
4/20/2002,0.11033,,,,,,,,
4/21/2002,0.11033,,,,,,,,
4/22/2002,0.11033,,,,,,,,
4/23/2002,0.11033,,,,,,,,
4/24/2002,0.11033,,,,,,,,
4/25/2002,0.11033,,,,,,,,
4/26/2002,0.11033,,,,,,,,
4/27/2002,0.11033,,,,,,,,
4/28/2002,0.11033,,,,,,,,
4/29/2002,0.11033,,,,,,,,
4/30/2002,0.11033,,,,,,,,
5/1/2002,0.16613,,,,,,,,
5/2/2002,0.16613,,,,,,,,
5/3/2002,0.16613,,,,,,,,
5/4/2002,0.16613,,,,,,,,
5/5/2002,0.16613,,,,,,,,
5/6/2002,0.16613,,,,,,,,
5/7/2002,0.16613,,,,,,,,
5/8/2002,0.16613,,,,,,,,
5/9/2002,0.16613,,,,,,,,
5/10/2002,0.16613,,,,,,,,
5/11/2002,0.16613,,,,,,,,
5/12/2002,0.16613,,,,,,,,
5/13/2002,0.16613,,,,,,,,
5/14/2002,0.16613,,,,,,,,
5/15/2002,0.16613,,,,,,,,
5/16/2002,0.16613,,,,,,,,
5/17/2002,0.16613,,,,,,,,
5/18/2002,0.16613,,,,,,,,
5/19/2002,0.16613,,,,,,,,
5/20/2002,0.16613,,,,,,,,
5/21/2002,0.16613,,,,,,,,
5/22/2002,0.16613,,,,,,,,
5/23/2002,0.16613,,,,,,,,
5/24/2002,0.16613,,,,,,,,
5/25/2002,0.16613,,,,,,,,
5/26/2002,0.16613,,,,,,,,
5/27/2002,0.16613,,,,,,,,
5/28/2002,0.16613,,,,,,,,
5/29/2002,0.16613,,,,,,,,
5/30/2002,0.16613,,,,,,,,
5/31/2002,0.16613,,,,,,,,
6/1/2002,0.20033,,,,,,,,
6/2/2002,0.20033,,,,,,,,
6/3/2002,0.20033,,,,,,,,
6/4/2002,0.20033,,,,,,,,
6/5/2002,0.20033,,,,,,,,
6/6/2002,0.20033,,,,,,,,
6/7/2002,0.20033,,,,,,,,
6/8/2002,0.20033,,,,,,,,
6/9/2002,0.20033,,,,,,,,
6/10/2002,0.20033,,,,,,,,
6/11/2002,0.20033,,,,,,,,
6/12/2002,0.20033,,,,,,,,
6/13/2002,0.20033,,,,,,,,
6/14/2002,0.20033,,,,,,,,
6/15/2002,0.20033,,,,,,,,
6/16/2002,0.20033,,,,,,,,
6/17/2002,0.20033,,,,,,,,
6/18/2002,0.20033,,,,,,,,
6/19/2002,0.20033,,,,,,,,
6/20/2002,0.20033,,,,,,,,
6/21/2002,0.20033,,,,,,,,
6/22/2002,0.20033,,,,,,,,
6/23/2002,0.20033,,,,,,,,
6/24/2002,0.20033,,,,,,,,
6/25/2002,0.20033,,,,,,,,
6/26/2002,0.20033,,,,,,,,
6/27/2002,0.20033,,,,,,,,
6/28/2002,0.20033,,,,,,,,
6/29/2002,0.20033,,,,,,,,
6/30/2002,0.20033,,,,,,,,
7/1/2002,0.23871,,,,,,,,
7/2/2002,0.23871,,,,,,,,
7/3/2002,0.23871,,,,,,,,
7/4/2002,0.23871,,,,,,,,
7/5/2002,0.23871,,,,,,,,
7/6/2002,0.23871,,,,,,,,
7/7/2002,0.23871,,,,,,,,
7/8/2002,0.23871,,,,,,,,
7/9/2002,0.23871,,,,,,,,
7/10/2002,0.23871,,,,,,,,
7/11/2002,0.23871,,,,,,,,
7/12/2002,0.23871,,,,,,,,
7/13/2002,0.23871,,,,,,,,
7/14/2002,0.23871,,,,,,,,
7/15/2002,0.23871,,,,,,,,
7/16/2002,0.23871,,,,,,,,
7/17/2002,0.23871,,,,,,,,
7/18/2002,0.23871,,,,,,,,
7/19/2002,0.23871,,,,,,,,
7/20/2002,0.23871,,,,,,,,
7/21/2002,0.23871,,,,,,,,
7/22/2002,0.23871,,,,,,,,
7/23/2002,0.23871,,,,,,,,
7/24/2002,0.23871,,,,,,,,
7/25/2002,0.23871,,,,,,,,
7/26/2002,0.23871,,,,,,,,
7/27/2002,0.23871,,,,,,,,
7/28/2002,0.23871,,,,,,,,
7/29/2002,0.23871,,,,,,,,
7/30/2002,0.23871,,,,,,,,
7/31/2002,0.23871,,,,,,,,
8/1/2002,0.21871,,,,,,,,
8/2/2002,0.21871,,,,,,,,
8/3/2002,0.21871,,,,,,,,
8/4/2002,0.21871,,,,,,,,
8/5/2002,0.21871,,,,,,,,
8/6/2002,0.21871,,,,,,,,
8/7/2002,0.21871,,,,,,,,
8/8/2002,0.21871,,,,,,,,
8/9/2002,0.21871,,,,,,,,
8/10/2002,0.21871,,,,,,,,
8/11/2002,0.21871,,,,,,,,
8/12/2002,0.21871,,,,,,,,
8/13/2002,0.21871,,,,,,,,
8/14/2002,0.21871,,,,,,,,
8/15/2002,0.21871,,,,,,,,
8/16/2002,0.21871,,,,,,,,
8/17/2002,0.21871,,,,,,,,
8/18/2002,0.21871,,,,,,,,
8/19/2002,0.21871,,,,,,,,
8/20/2002,0.21871,,,,,,,,
8/21/2002,0.21871,,,,,,,,
8/22/2002,0.21871,,,,,,,,
8/23/2002,0.21871,,,,,,,,
8/24/2002,0.21871,,,,,,,,
8/25/2002,0.21871,,,,,,,,
8/26/2002,0.21871,,,,,,,,
8/27/2002,0.21871,,,,,,,,
8/28/2002,0.21871,,,,,,,,
8/29/2002,0.21871,,,,,,,,
8/30/2002,0.21871,,,,,,,,
8/31/2002,0.21871,,,,,,,,
9/1/2002,0.156,,,,,,,,
9/2/2002,0.156,,,,,,,,
9/3/2002,0.156,,,,,,,,
9/4/2002,0.156,,,,,,,,
9/5/2002,0.156,,,,,,,,
9/6/2002,0.156,,,,,,,,
9/7/2002,0.156,,,,,,,,
9/8/2002,0.156,,,,,,,,
9/9/2002,0.156,,,,,,,,
9/10/2002,0.156,,,,,,,,
9/11/2002,0.156,,,,,,,,
9/12/2002,0.156,,,,,,,,
9/13/2002,0.156,,,,,,,,
9/14/2002,0.156,,,,,,,,
9/15/2002,0.156,,,,,,,,
9/16/2002,0.156,,,,,,,,
9/17/2002,0.156,,,,,,,,
9/18/2002,0.156,,,,,,,,
9/19/2002,0.156,,,,,,,,
9/20/2002,0.156,,,,,,,,
9/21/2002,0.156,,,,,,,,
9/22/2002,0.156,,,,,,,,
9/23/2002,0.156,,,,,,,,
9/24/2002,0.156,,,,,,,,
9/25/2002,0.156,,,,,,,,
9/26/2002,0.156,,,,,,,,
9/27/2002,0.156,,,,,,,,
9/28/2002,0.156,,,,,,,,
9/29/2002,0.156,,,,,,,,
9/30/2002,0.156,,,,,,,,
10/1/2002,0.0771,,,,,,,,
10/2/2002,0.0771,,,,,,,,
10/3/2002,0.0771,,,,,,,,
10/4/2002,0.0771,,,,,,,,
10/5/2002,0.0771,,,,,,,,
10/6/2002,0.0771,,,,,,,,
10/7/2002,0.0771,,,,,,,,
10/8/2002,0.0771,,,,,,,,
10/9/2002,0.0771,,,,,,,,
10/10/2002,0.0771,,,,,,,,
10/11/2002,0.0771,,,,,,,,
10/12/2002,0.0771,,,,,,,,
10/13/2002,0.0771,,,,,,,,
10/14/2002,0.0771,,,,,,,,
10/15/2002,0.0771,,,,,,,,
10/16/2002,0.0771,,,,,,,,
10/17/2002,0.0771,,,,,,,,
10/18/2002,0.0771,,,,,,,,
10/19/2002,0.0771,,,,,,,,
10/20/2002,0.0771,,,,,,,,
10/21/2002,0.0771,,,,,,,,
10/22/2002,0.0771,,,,,,,,
10/23/2002,0.0771,,,,,,,,
10/24/2002,0.0771,,,,,,,,
10/25/2002,0.0771,,,,,,,,
10/26/2002,0.0771,,,,,,,,
10/27/2002,0.0771,,,,,,,,
10/28/2002,0.0771,,,,,,,,
10/29/2002,0.0771,,,,,,,,
10/30/2002,0.0771,,,,,,,,
10/31/2002,0.0771,,,,,,,,
11/1/2002,0.035,,,,,,,,
11/2/2002,0.035,,,,,,,,
11/3/2002,0.035,,,,,,,,
11/4/2002,0.035,,,,,,,,
11/5/2002,0.035,,,,,,,,
11/6/2002,0.035,,,,,,,,
11/7/2002,0.035,,,,,,,,
11/8/2002,0.035,,,,,,,,
11/9/2002,0.035,,,,,,,,
11/10/2002,0.035,,,,,,,,
11/11/2002,0.035,,,,,,,,
11/12/2002,0.035,,,,,,,,
11/13/2002,0.035,,,,,,,,
11/14/2002,0.035,,,,,,,,
11/15/2002,0.035,,,,,,,,
11/16/2002,0.035,,,,,,,,
11/17/2002,0.035,,,,,,,,
11/18/2002,0.035,,,,,,,,
11/19/2002,0.035,,,,,,,,
11/20/2002,0.035,,,,,,,,
11/21/2002,0.035,,,,,,,,
11/22/2002,0.035,,,,,,,,
11/23/2002,0.035,,,,,,,,
11/24/2002,0.035,,,,,,,,
11/25/2002,0.035,,,,,,,,
11/26/2002,0.035,,,,,,,,
11/27/2002,0.035,,,,,,,,
11/28/2002,0.035,,,,,,,,
11/29/2002,0.035,,,,,,,,
11/30/2002,0.035,,,,,,,,
12/1/2002,0.01839,,,,,,,,
12/2/2002,0.01839,,,,,,,,
12/3/2002,0.01839,,,,,,,,
12/4/2002,0.01839,,,,,,,,
12/5/2002,0.01839,,,,,,,,
12/6/2002,0.01839,,,,,,,,
12/7/2002,0.01839,,,,,,,,
12/8/2002,0.01839,,,,,,,,
12/9/2002,0.01839,,,,,,,,
12/10/2002,0.01839,,,,,,,,
12/11/2002,0.01839,,,,,,,,
12/12/2002,0.01839,,,,,,,,
12/13/2002,0.01839,,,,,,,,
12/14/2002,0.01839,,,,,,,,
12/15/2002,0.01839,,,,,,,,
12/16/2002,0.01839,,,,,,,,
12/17/2002,0.01839,,,,,,,,
12/18/2002,0.01839,,,,,,,,
12/19/2002,0.01839,,,,,,,,
12/20/2002,0.01839,,,,,,,,
12/21/2002,0.01839,,,,,,,,
12/22/2002,0.01839,,,,,,,,
12/23/2002,0.01839,,,,,,,,
12/24/2002,0.01839,,,,,,,,
12/25/2002,0.01839,,,,,,,,
12/26/2002,0.01839,,,,,,,,
12/27/2002,0.01839,,,,,,,,
12/28/2002,0.01839,,,,,,,,
12/29/2002,0.01839,,,,,,,,
12/30/2002,0.01839,,,,,,,,
12/31/2002,0.01839,,,,,,,,
1/1/2003,0.02032,,,,,,,,
1/2/2003,0.02032,,,,,,,,
1/3/2003,0.02032,,,,,,,,
1/4/2003,0.02032,,,,,,,,
1/5/2003,0.02032,,,,,,,,
1/6/2003,0.02032,,,,,,,,
1/7/2003,0.02032,,,,,,,,
1/8/2003,0.02032,,,,,,,,
1/9/2003,0.02032,,,,,,,,
1/10/2003,0.02032,,,,,,,,
1/11/2003,0.02032,,,,,,,,
1/12/2003,0.02032,,,,,,,,
1/13/2003,0.02032,,,,,,,,
1/14/2003,0.02032,,,,,,,,
1/15/2003,0.02032,,,,,,,,
1/16/2003,0.02032,,,,,,,,
1/17/2003,0.02032,,,,,,,,
1/18/2003,0.02032,,,,,,,,
1/19/2003,0.02032,,,,,,,,
1/20/2003,0.02032,,,,,,,,
1/21/2003,0.02032,,,,,,,,
1/22/2003,0.02032,,,,,,,,
1/23/2003,0.02032,,,,,,,,
1/24/2003,0.02032,,,,,,,,
1/25/2003,0.02032,,,,,,,,
1/26/2003,0.02032,,,,,,,,
1/27/2003,0.02032,,,,,,,,
1/28/2003,0.02032,,,,,,,,
1/29/2003,0.02032,,,,,,,,
1/30/2003,0.02032,,,,,,,,
1/31/2003,0.02032,,,,,,,,
2/1/2003,0.04214,,,,,,,,
2/2/2003,0.04214,,,,,,,,
2/3/2003,0.04214,,,,,,,,
2/4/2003,0.04214,,,,,,,,
2/5/2003,0.04214,,,,,,,,
2/6/2003,0.04214,,,,,,,,
2/7/2003,0.04214,,,,,,,,
2/8/2003,0.04214,,,,,,,,
2/9/2003,0.04214,,,,,,,,
2/10/2003,0.04214,,,,,,,,
2/11/2003,0.04214,,,,,,,,
2/12/2003,0.04214,,,,,,,,
2/13/2003,0.04214,,,,,,,,
2/14/2003,0.04214,,,,,,,,
2/15/2003,0.04214,,,,,,,,
2/16/2003,0.04214,,,,,,,,
2/17/2003,0.04214,,,,,,,,
2/18/2003,0.04214,,,,,,,,
2/19/2003,0.04214,,,,,,,,
2/20/2003,0.04214,,,,,,,,
2/21/2003,0.04214,,,,,,,,
2/22/2003,0.04214,,,,,,,,
2/23/2003,0.04214,,,,,,,,
2/24/2003,0.04214,,,,,,,,
2/25/2003,0.04214,,,,,,,,
2/26/2003,0.04214,,,,,,,,
2/27/2003,0.04214,,,,,,,,
2/28/2003,0.04214,,,,,,,,
3/1/2003,0.07387,,,,,,,,
3/2/2003,0.07387,,,,,,,,
3/3/2003,0.07387,,,,,,,,
3/4/2003,0.07387,,,,,,,,
3/5/2003,0.07387,,,,,,,,
3/6/2003,0.07387,,,,,,,,
3/7/2003,0.07387,,,,,,,,
3/8/2003,0.07387,,,,,,,,
3/9/2003,0.07387,,,,,,,,
3/10/2003,0.07387,,,,,,,,
3/11/2003,0.07387,,,,,,,,
3/12/2003,0.07387,,,,,,,,
3/13/2003,0.07387,,,,,,,,
3/14/2003,0.07387,,,,,,,,
3/15/2003,0.07387,,,,,,,,
3/16/2003,0.07387,,,,,,,,
3/17/2003,0.07387,,,,,,,,
3/18/2003,0.07387,,,,,,,,
3/19/2003,0.07387,,,,,,,,
3/20/2003,0.07387,,,,,,,,
3/21/2003,0.07387,,,,,,,,
3/22/2003,0.07387,,,,,,,,
3/23/2003,0.07387,,,,,,,,
3/24/2003,0.07387,,,,,,,,
3/25/2003,0.07387,,,,,,,,
3/26/2003,0.07387,,,,,,,,
3/27/2003,0.07387,,,,,,,,
3/28/2003,0.07387,,,,,,,,
3/29/2003,0.07387,,,,,,,,
3/30/2003,0.07387,,,,,,,,
3/31/2003,0.07387,,,,,,,,
4/1/2003,0.11033,,,,,,,,
4/2/2003,0.11033,,,,,,,,
4/3/2003,0.11033,,,,,,,,
4/4/2003,0.11033,,,,,,,,
4/5/2003,0.11033,,,,,,,,
4/6/2003,0.11033,,,,,,,,
4/7/2003,0.11033,,,,,,,,
4/8/2003,0.11033,,,,,,,,
4/9/2003,0.11033,,,,,,,,
4/10/2003,0.11033,,,,,,,,
4/11/2003,0.11033,,,,,,,,
4/12/2003,0.11033,,,,,,,,
4/13/2003,0.11033,,,,,,,,
4/14/2003,0.11033,,,,,,,,
4/15/2003,0.11033,,,,,,,,
4/16/2003,0.11033,,,,,,,,
4/17/2003,0.11033,,,,,,,,
4/18/2003,0.11033,,,,,,,,
4/19/2003,0.11033,,,,,,,,
4/20/2003,0.11033,,,,,,,,
4/21/2003,0.11033,,,,,,,,
4/22/2003,0.11033,,,,,,,,
4/23/2003,0.11033,,,,,,,,
4/24/2003,0.11033,,,,,,,,
4/25/2003,0.11033,,,,,,,,
4/26/2003,0.11033,,,,,,,,
4/27/2003,0.11033,,,,,,,,
4/28/2003,0.11033,,,,,,,,
4/29/2003,0.11033,,,,,,,,
4/30/2003,0.11033,,,,,,,,
5/1/2003,0.16613,,,,,,,,
5/2/2003,0.16613,,,,,,,,
5/3/2003,0.16613,,,,,,,,
5/4/2003,0.16613,,,,,,,,
5/5/2003,0.16613,,,,,,,,
5/6/2003,0.16613,,,,,,,,
5/7/2003,0.16613,,,,,,,,
5/8/2003,0.16613,,,,,,,,
5/9/2003,0.16613,,,,,,,,
5/10/2003,0.16613,,,,,,,,
5/11/2003,0.16613,,,,,,,,
5/12/2003,0.16613,,,,,,,,
5/13/2003,0.16613,,,,,,,,
5/14/2003,0.16613,,,,,,,,
5/15/2003,0.16613,,,,,,,,
5/16/2003,0.16613,,,,,,,,
5/17/2003,0.16613,,,,,,,,
5/18/2003,0.16613,,,,,,,,
5/19/2003,0.16613,,,,,,,,
5/20/2003,0.16613,,,,,,,,
5/21/2003,0.16613,,,,,,,,
5/22/2003,0.16613,,,,,,,,
5/23/2003,0.16613,,,,,,,,
5/24/2003,0.16613,,,,,,,,
5/25/2003,0.16613,,,,,,,,
5/26/2003,0.16613,,,,,,,,
5/27/2003,0.16613,,,,,,,,
5/28/2003,0.16613,,,,,,,,
5/29/2003,0.16613,,,,,,,,
5/30/2003,0.16613,,,,,,,,
5/31/2003,0.16613,,,,,,,,
6/1/2003,0.20033,,,,,,,,
6/2/2003,0.20033,,,,,,,,
6/3/2003,0.20033,,,,,,,,
6/4/2003,0.20033,,,,,,,,
6/5/2003,0.20033,,,,,,,,
6/6/2003,0.20033,,,,,,,,
6/7/2003,0.20033,,,,,,,,
6/8/2003,0.20033,,,,,,,,
6/9/2003,0.20033,,,,,,,,
6/10/2003,0.20033,,,,,,,,
6/11/2003,0.20033,,,,,,,,
6/12/2003,0.20033,,,,,,,,
6/13/2003,0.20033,,,,,,,,
6/14/2003,0.20033,,,,,,,,
6/15/2003,0.20033,,,,,,,,
6/16/2003,0.20033,,,,,,,,
6/17/2003,0.20033,,,,,,,,
6/18/2003,0.20033,,,,,,,,
6/19/2003,0.20033,,,,,,,,
6/20/2003,0.20033,,,,,,,,
6/21/2003,0.20033,,,,,,,,
6/22/2003,0.20033,,,,,,,,
6/23/2003,0.20033,,,,,,,,
6/24/2003,0.20033,,,,,,,,
6/25/2003,0.20033,,,,,,,,
6/26/2003,0.20033,,,,,,,,
6/27/2003,0.20033,,,,,,,,
6/28/2003,0.20033,,,,,,,,
6/29/2003,0.20033,,,,,,,,
6/30/2003,0.20033,,,,,,,,
7/1/2003,0.23871,,,,,,,,
7/2/2003,0.23871,,,,,,,,
7/3/2003,0.23871,,,,,,,,
7/4/2003,0.23871,,,,,,,,
7/5/2003,0.23871,,,,,,,,
7/6/2003,0.23871,,,,,,,,
7/7/2003,0.23871,,,,,,,,
7/8/2003,0.23871,,,,,,,,
7/9/2003,0.23871,,,,,,,,
7/10/2003,0.23871,,,,,,,,
7/11/2003,0.23871,,,,,,,,
7/12/2003,0.23871,,,,,,,,
7/13/2003,0.23871,,,,,,,,
7/14/2003,0.23871,,,,,,,,
7/15/2003,0.23871,,,,,,,,
7/16/2003,0.23871,,,,,,,,
7/17/2003,0.23871,,,,,,,,
7/18/2003,0.23871,,,,,,,,
7/19/2003,0.23871,,,,,,,,
7/20/2003,0.23871,,,,,,,,
7/21/2003,0.23871,,,,,,,,
7/22/2003,0.23871,,,,,,,,
7/23/2003,0.23871,,,,,,,,
7/24/2003,0.23871,,,,,,,,
7/25/2003,0.23871,,,,,,,,
7/26/2003,0.23871,,,,,,,,
7/27/2003,0.23871,,,,,,,,
7/28/2003,0.23871,,,,,,,,
7/29/2003,0.23871,,,,,,,,
7/30/2003,0.23871,,,,,,,,
7/31/2003,0.23871,,,,,,,,
8/1/2003,0.21871,,,,,,,,
8/2/2003,0.21871,,,,,,,,
8/3/2003,0.21871,,,,,,,,
8/4/2003,0.21871,,,,,,,,
8/5/2003,0.21871,,,,,,,,
8/6/2003,0.21871,,,,,,,,
8/7/2003,0.21871,,,,,,,,
8/8/2003,0.21871,,,,,,,,
8/9/2003,0.21871,,,,,,,,
8/10/2003,0.21871,,,,,,,,
8/11/2003,0.21871,,,,,,,,
8/12/2003,0.21871,,,,,,,,
8/13/2003,0.21871,,,,,,,,
8/14/2003,0.21871,,,,,,,,
8/15/2003,0.21871,,,,,,,,
8/16/2003,0.21871,,,,,,,,
8/17/2003,0.21871,,,,,,,,
8/18/2003,0.21871,,,,,,,,
8/19/2003,0.21871,,,,,,,,
8/20/2003,0.21871,,,,,,,,
8/21/2003,0.21871,,,,,,,,
8/22/2003,0.21871,,,,,,,,
8/23/2003,0.21871,,,,,,,,
8/24/2003,0.21871,,,,,,,,
8/25/2003,0.21871,,,,,,,,
8/26/2003,0.21871,,,,,,,,
8/27/2003,0.21871,,,,,,,,
8/28/2003,0.21871,,,,,,,,
8/29/2003,0.21871,,,,,,,,
8/30/2003,0.21871,,,,,,,,
8/31/2003,0.21871,,,,,,,,
9/1/2003,0.156,,,,,,,,
9/2/2003,0.156,,,,,,,,
9/3/2003,0.156,,,,,,,,
9/4/2003,0.156,,,,,,,,
9/5/2003,0.156,,,,,,,,
9/6/2003,0.156,,,,,,,,
9/7/2003,0.156,,,,,,,,
9/8/2003,0.156,,,,,,,,
9/9/2003,0.156,,,,,,,,
9/10/2003,0.156,,,,,,,,
9/11/2003,0.156,,,,,,,,
9/12/2003,0.156,,,,,,,,
9/13/2003,0.156,,,,,,,,
9/14/2003,0.156,,,,,,,,
9/15/2003,0.156,,,,,,,,
9/16/2003,0.156,,,,,,,,
9/17/2003,0.156,,,,,,,,
9/18/2003,0.156,,,,,,,,
9/19/2003,0.156,,,,,,,,
9/20/2003,0.156,,,,,,,,
9/21/2003,0.156,,,,,,,,
9/22/2003,0.156,,,,,,,,
9/23/2003,0.156,,,,,,,,
9/24/2003,0.156,,,,,,,,
9/25/2003,0.156,,,,,,,,
9/26/2003,0.156,,,,,,,,
9/27/2003,0.156,,,,,,,,
9/28/2003,0.156,,,,,,,,
9/29/2003,0.156,,,,,,,,
9/30/2003,0.156,,,,,,,,
10/1/2003,0.0771,,,,,,,,
10/2/2003,0.0771,,,,,,,,
10/3/2003,0.0771,,,,,,,,
10/4/2003,0.0771,,,,,,,,
10/5/2003,0.0771,,,,,,,,
10/6/2003,0.0771,,,,,,,,
10/7/2003,0.0771,,,,,,,,
10/8/2003,0.0771,,,,,,,,
10/9/2003,0.0771,,,,,,,,
10/10/2003,0.0771,,,,,,,,
10/11/2003,0.0771,,,,,,,,
10/12/2003,0.0771,,,,,,,,
10/13/2003,0.0771,,,,,,,,
10/14/2003,0.0771,,,,,,,,
10/15/2003,0.0771,,,,,,,,
10/16/2003,0.0771,,,,,,,,
10/17/2003,0.0771,,,,,,,,
10/18/2003,0.0771,,,,,,,,
10/19/2003,0.0771,,,,,,,,
10/20/2003,0.0771,,,,,,,,
10/21/2003,0.0771,,,,,,,,
10/22/2003,0.0771,,,,,,,,
10/23/2003,0.0771,,,,,,,,
10/24/2003,0.0771,,,,,,,,
10/25/2003,0.0771,,,,,,,,
10/26/2003,0.0771,,,,,,,,
10/27/2003,0.0771,,,,,,,,
10/28/2003,0.0771,,,,,,,,
10/29/2003,0.0771,,,,,,,,
10/30/2003,0.0771,,,,,,,,
10/31/2003,0.0771,,,,,,,,
11/1/2003,0.035,,,,,,,,
11/2/2003,0.035,,,,,,,,
11/3/2003,0.035,,,,,,,,
11/4/2003,0.035,,,,,,,,
11/5/2003,0.035,,,,,,,,
11/6/2003,0.035,,,,,,,,
11/7/2003,0.035,,,,,,,,
11/8/2003,0.035,,,,,,,,
11/9/2003,0.035,,,,,,,,
11/10/2003,0.035,,,,,,,,
11/11/2003,0.035,,,,,,,,
11/12/2003,0.035,,,,,,,,
11/13/2003,0.035,,,,,,,,
11/14/2003,0.035,,,,,,,,
11/15/2003,0.035,,,,,,,,
11/16/2003,0.035,,,,,,,,
11/17/2003,0.035,,,,,,,,
11/18/2003,0.035,,,,,,,,
11/19/2003,0.035,,,,,,,,
11/20/2003,0.035,,,,,,,,
11/21/2003,0.035,,,,,,,,
11/22/2003,0.035,,,,,,,,
11/23/2003,0.035,,,,,,,,
11/24/2003,0.035,,,,,,,,
11/25/2003,0.035,,,,,,,,
11/26/2003,0.035,,,,,,,,
11/27/2003,0.035,,,,,,,,
11/28/2003,0.035,,,,,,,,
11/29/2003,0.035,,,,,,,,
11/30/2003,0.035,,,,,,,,
12/1/2003,0.01839,,,,,,,,
12/2/2003,0.01839,,,,,,,,
12/3/2003,0.01839,,,,,,,,
12/4/2003,0.01839,,,,,,,,
12/5/2003,0.01839,,,,,,,,
12/6/2003,0.01839,,,,,,,,
12/7/2003,0.01839,,,,,,,,
12/8/2003,0.01839,,,,,,,,
12/9/2003,0.01839,,,,,,,,
12/10/2003,0.01839,,,,,,,,
12/11/2003,0.01839,,,,,,,,
12/12/2003,0.01839,,,,,,,,
12/13/2003,0.01839,,,,,,,,
12/14/2003,0.01839,,,,,,,,
12/15/2003,0.01839,,,,,,,,
12/16/2003,0.01839,,,,,,,,
12/17/2003,0.01839,,,,,,,,
12/18/2003,0.01839,,,,,,,,
12/19/2003,0.01839,,,,,,,,
12/20/2003,0.01839,,,,,,,,
12/21/2003,0.01839,,,,,,,,
12/22/2003,0.01839,,,,,,,,
12/23/2003,0.01839,,,,,,,,
12/24/2003,0.01839,,,,,,,,
12/25/2003,0.01839,,,,,,,,
12/26/2003,0.01839,,,,,,,,
12/27/2003,0.01839,,,,,,,,
12/28/2003,0.01839,,,,,,,,
12/29/2003,0.01839,,,,,,,,
12/30/2003,0.01839,,,,,,,,
12/31/2003,0.01839,,,,,,,,
1/1/2004,0.02032,,,,,,,,
1/2/2004,0.02032,,,,,,,,
1/3/2004,0.02032,,,,,,,,
1/4/2004,0.02032,,,,,,,,
1/5/2004,0.02032,,,,,,,,
1/6/2004,0.02032,,,,,,,,
1/7/2004,0.02032,,,,,,,,
1/8/2004,0.02032,,,,,,,,
1/9/2004,0.02032,,,,,,,,
1/10/2004,0.02032,,,,,,,,
1/11/2004,0.02032,,,,,,,,
1/12/2004,0.02032,,,,,,,,
1/13/2004,0.02032,,,,,,,,
1/14/2004,0.02032,,,,,,,,
1/15/2004,0.02032,,,,,,,,
1/16/2004,0.02032,,,,,,,,
1/17/2004,0.02032,,,,,,,,
1/18/2004,0.02032,,,,,,,,
1/19/2004,0.02032,,,,,,,,
1/20/2004,0.02032,,,,,,,,
1/21/2004,0.02032,,,,,,,,
1/22/2004,0.02032,,,,,,,,
1/23/2004,0.02032,,,,,,,,
1/24/2004,0.02032,,,,,,,,
1/25/2004,0.02032,,,,,,,,
1/26/2004,0.02032,,,,,,,,
1/27/2004,0.02032,,,,,,,,
1/28/2004,0.02032,,,,,,,,
1/29/2004,0.02032,,,,,,,,
1/30/2004,0.02032,,,,,,,,
1/31/2004,0.02032,,,,,,,,
2/1/2004,0.04214,,,,,,,,
2/2/2004,0.04214,,,,,,,,
2/3/2004,0.04214,,,,,,,,
2/4/2004,0.04214,,,,,,,,
2/5/2004,0.04214,,,,,,,,
2/6/2004,0.04214,,,,,,,,
2/7/2004,0.04214,,,,,,,,
2/8/2004,0.04214,,,,,,,,
2/9/2004,0.04214,,,,,,,,
2/10/2004,0.04214,,,,,,,,
2/11/2004,0.04214,,,,,,,,
2/12/2004,0.04214,,,,,,,,
2/13/2004,0.04214,,,,,,,,
2/14/2004,0.04214,,,,,,,,
2/15/2004,0.04214,,,,,,,,
2/16/2004,0.04214,,,,,,,,
2/17/2004,0.04214,,,,,,,,
2/18/2004,0.04214,,,,,,,,
2/19/2004,0.04214,,,,,,,,
2/20/2004,0.04214,,,,,,,,
2/21/2004,0.04214,,,,,,,,
2/22/2004,0.04214,,,,,,,,
2/23/2004,0.04214,,,,,,,,
2/24/2004,0.04214,,,,,,,,
2/25/2004,0.04214,,,,,,,,
2/26/2004,0.04214,,,,,,,,
2/27/2004,0.04214,,,,,,,,
2/28/2004,0.04214,,,,,,,,
2/29/2004,0.04214,,,,,,,,
3/1/2004,0.07387,,,,,,,,
3/2/2004,0.07387,,,,,,,,
3/3/2004,0.07387,,,,,,,,
3/4/2004,0.07387,,,,,,,,
3/5/2004,0.07387,,,,,,,,
3/6/2004,0.07387,,,,,,,,
3/7/2004,0.07387,,,,,,,,
3/8/2004,0.07387,,,,,,,,
3/9/2004,0.07387,,,,,,,,
3/10/2004,0.07387,,,,,,,,
3/11/2004,0.07387,,,,,,,,
3/12/2004,0.07387,,,,,,,,
3/13/2004,0.07387,,,,,,,,
3/14/2004,0.07387,,,,,,,,
3/15/2004,0.07387,,,,,,,,
3/16/2004,0.07387,,,,,,,,
3/17/2004,0.07387,,,,,,,,
3/18/2004,0.07387,,,,,,,,
3/19/2004,0.07387,,,,,,,,
3/20/2004,0.07387,,,,,,,,
3/21/2004,0.07387,,,,,,,,
3/22/2004,0.07387,,,,,,,,
3/23/2004,0.07387,,,,,,,,
3/24/2004,0.07387,,,,,,,,
3/25/2004,0.07387,,,,,,,,
3/26/2004,0.07387,,,,,,,,
3/27/2004,0.07387,,,,,,,,
3/28/2004,0.07387,,,,,,,,
3/29/2004,0.07387,,,,,,,,
3/30/2004,0.07387,,,,,,,,
3/31/2004,0.07387,,,,,,,,
4/1/2004,0.11033,,,,,,,,
4/2/2004,0.11033,,,,,,,,
4/3/2004,0.11033,,,,,,,,
4/4/2004,0.11033,,,,,,,,
4/5/2004,0.11033,,,,,,,,
4/6/2004,0.11033,,,,,,,,
4/7/2004,0.11033,,,,,,,,
4/8/2004,0.11033,,,,,,,,
4/9/2004,0.11033,,,,,,,,
4/10/2004,0.11033,,,,,,,,
4/11/2004,0.11033,,,,,,,,
4/12/2004,0.11033,,,,,,,,
4/13/2004,0.11033,,,,,,,,
4/14/2004,0.11033,,,,,,,,
4/15/2004,0.11033,,,,,,,,
4/16/2004,0.11033,,,,,,,,
4/17/2004,0.11033,,,,,,,,
4/18/2004,0.11033,,,,,,,,
4/19/2004,0.11033,,,,,,,,
4/20/2004,0.11033,,,,,,,,
4/21/2004,0.11033,,,,,,,,
4/22/2004,0.11033,,,,,,,,
4/23/2004,0.11033,,,,,,,,
4/24/2004,0.11033,,,,,,,,
4/25/2004,0.11033,,,,,,,,
4/26/2004,0.11033,,,,,,,,
4/27/2004,0.11033,,,,,,,,
4/28/2004,0.11033,,,,,,,,
4/29/2004,0.11033,,,,,,,,
4/30/2004,0.11033,,,,,,,,
5/1/2004,0.16613,,,,,,,,
5/2/2004,0.16613,,,,,,,,
5/3/2004,0.16613,,,,,,,,
5/4/2004,0.16613,,,,,,,,
5/5/2004,0.16613,,,,,,,,
5/6/2004,0.16613,,,,,,,,
5/7/2004,0.16613,,,,,,,,
5/8/2004,0.16613,,,,,,,,
5/9/2004,0.16613,,,,,,,,
5/10/2004,0.16613,,,,,,,,
5/11/2004,0.16613,,,,,,,,
5/12/2004,0.16613,,,,,,,,
5/13/2004,0.16613,,,,,,,,
5/14/2004,0.16613,,,,,,,,
5/15/2004,0.16613,,,,,,,,
5/16/2004,0.16613,,,,,,,,
5/17/2004,0.16613,,,,,,,,
5/18/2004,0.16613,,,,,,,,
5/19/2004,0.16613,,,,,,,,
5/20/2004,0.16613,,,,,,,,
5/21/2004,0.16613,,,,,,,,
5/22/2004,0.16613,,,,,,,,
5/23/2004,0.16613,,,,,,,,
5/24/2004,0.16613,,,,,,,,
5/25/2004,0.16613,,,,,,,,
5/26/2004,0.16613,,,,,,,,
5/27/2004,0.16613,,,,,,,,
5/28/2004,0.16613,,,,,,,,
5/29/2004,0.16613,,,,,,,,
5/30/2004,0.16613,,,,,,,,
5/31/2004,0.16613,,,,,,,,
6/1/2004,0.20033,,,,,,,,
6/2/2004,0.20033,,,,,,,,
6/3/2004,0.20033,,,,,,,,
6/4/2004,0.20033,,,,,,,,
6/5/2004,0.20033,,,,,,,,
6/6/2004,0.20033,,,,,,,,
6/7/2004,0.20033,,,,,,,,
6/8/2004,0.20033,,,,,,,,
6/9/2004,0.20033,,,,,,,,
6/10/2004,0.20033,,,,,,,,
6/11/2004,0.20033,,,,,,,,
6/12/2004,0.20033,,,,,,,,
6/13/2004,0.20033,,,,,,,,
6/14/2004,0.20033,,,,,,,,
6/15/2004,0.20033,,,,,,,,
6/16/2004,0.20033,,,,,,,,
6/17/2004,0.20033,,,,,,,,
6/18/2004,0.20033,,,,,,,,
6/19/2004,0.20033,,,,,,,,
6/20/2004,0.20033,,,,,,,,
6/21/2004,0.20033,,,,,,,,
6/22/2004,0.20033,,,,,,,,
6/23/2004,0.20033,,,,,,,,
6/24/2004,0.20033,,,,,,,,
6/25/2004,0.20033,,,,,,,,
6/26/2004,0.20033,,,,,,,,
6/27/2004,0.20033,,,,,,,,
6/28/2004,0.20033,,,,,,,,
6/29/2004,0.20033,,,,,,,,
6/30/2004,0.20033,,,,,,,,
7/1/2004,0.23871,,,,,,,,
7/2/2004,0.23871,,,,,,,,
7/3/2004,0.23871,,,,,,,,
7/4/2004,0.23871,,,,,,,,
7/5/2004,0.23871,,,,,,,,
7/6/2004,0.23871,,,,,,,,
7/7/2004,0.23871,,,,,,,,
7/8/2004,0.23871,,,,,,,,
7/9/2004,0.23871,,,,,,,,
7/10/2004,0.23871,,,,,,,,
7/11/2004,0.23871,,,,,,,,
7/12/2004,0.23871,,,,,,,,
7/13/2004,0.23871,,,,,,,,
7/14/2004,0.23871,,,,,,,,
7/15/2004,0.23871,,,,,,,,
7/16/2004,0.23871,,,,,,,,
7/17/2004,0.23871,,,,,,,,
7/18/2004,0.23871,,,,,,,,
7/19/2004,0.23871,,,,,,,,
7/20/2004,0.23871,,,,,,,,
7/21/2004,0.23871,,,,,,,,
7/22/2004,0.23871,,,,,,,,
7/23/2004,0.23871,,,,,,,,
7/24/2004,0.23871,,,,,,,,
7/25/2004,0.23871,,,,,,,,
7/26/2004,0.23871,,,,,,,,
7/27/2004,0.23871,,,,,,,,
7/28/2004,0.23871,,,,,,,,
7/29/2004,0.23871,,,,,,,,
7/30/2004,0.23871,,,,,,,,
7/31/2004,0.23871,,,,,,,,
8/1/2004,0.21871,,,,,,,,
8/2/2004,0.21871,,,,,,,,
8/3/2004,0.21871,,,,,,,,
8/4/2004,0.21871,,,,,,,,
8/5/2004,0.21871,,,,,,,,
8/6/2004,0.21871,,,,,,,,
8/7/2004,0.21871,,,,,,,,
8/8/2004,0.21871,,,,,,,,
8/9/2004,0.21871,,,,,,,,
8/10/2004,0.21871,,,,,,,,
8/11/2004,0.21871,,,,,,,,
8/12/2004,0.21871,,,,,,,,
8/13/2004,0.21871,,,,,,,,
8/14/2004,0.21871,,,,,,,,
8/15/2004,0.21871,,,,,,,,
8/16/2004,0.21871,,,,,,,,
8/17/2004,0.21871,,,,,,,,
8/18/2004,0.21871,,,,,,,,
8/19/2004,0.21871,,,,,,,,
8/20/2004,0.21871,,,,,,,,
8/21/2004,0.21871,,,,,,,,
8/22/2004,0.21871,,,,,,,,
8/23/2004,0.21871,,,,,,,,
8/24/2004,0.21871,,,,,,,,
8/25/2004,0.21871,,,,,,,,
8/26/2004,0.21871,,,,,,,,
8/27/2004,0.21871,,,,,,,,
8/28/2004,0.21871,,,,,,,,
8/29/2004,0.21871,,,,,,,,
8/30/2004,0.21871,,,,,,,,
8/31/2004,0.21871,,,,,,,,
9/1/2004,0.156,,,,,,,,
9/2/2004,0.156,,,,,,,,
9/3/2004,0.156,,,,,,,,
9/4/2004,0.156,,,,,,,,
9/5/2004,0.156,,,,,,,,
9/6/2004,0.156,,,,,,,,
9/7/2004,0.156,,,,,,,,
9/8/2004,0.156,,,,,,,,
9/9/2004,0.156,,,,,,,,
9/10/2004,0.156,,,,,,,,
9/11/2004,0.156,,,,,,,,
9/12/2004,0.156,,,,,,,,
9/13/2004,0.156,,,,,,,,
9/14/2004,0.156,,,,,,,,
9/15/2004,0.156,,,,,,,,
9/16/2004,0.156,,,,,,,,
9/17/2004,0.156,,,,,,,,
9/18/2004,0.156,,,,,,,,
9/19/2004,0.156,,,,,,,,
9/20/2004,0.156,,,,,,,,
9/21/2004,0.156,,,,,,,,
9/22/2004,0.156,,,,,,,,
9/23/2004,0.156,,,,,,,,
9/24/2004,0.156,,,,,,,,
9/25/2004,0.156,,,,,,,,
9/26/2004,0.156,,,,,,,,
9/27/2004,0.156,,,,,,,,
9/28/2004,0.156,,,,,,,,
9/29/2004,0.156,,,,,,,,
9/30/2004,0.156,,,,,,,,
10/1/2004,0.0771,,,,,,,,
10/2/2004,0.0771,,,,,,,,
10/3/2004,0.0771,,,,,,,,
10/4/2004,0.0771,,,,,,,,
10/5/2004,0.0771,,,,,,,,
10/6/2004,0.0771,,,,,,,,
10/7/2004,0.0771,,,,,,,,
10/8/2004,0.0771,,,,,,,,
10/9/2004,0.0771,,,,,,,,
10/10/2004,0.0771,,,,,,,,
10/11/2004,0.0771,,,,,,,,
10/12/2004,0.0771,,,,,,,,
10/13/2004,0.0771,,,,,,,,
10/14/2004,0.0771,,,,,,,,
10/15/2004,0.0771,,,,,,,,
10/16/2004,0.0771,,,,,,,,
10/17/2004,0.0771,,,,,,,,
10/18/2004,0.0771,,,,,,,,
10/19/2004,0.0771,,,,,,,,
10/20/2004,0.0771,,,,,,,,
10/21/2004,0.0771,,,,,,,,
10/22/2004,0.0771,,,,,,,,
10/23/2004,0.0771,,,,,,,,
10/24/2004,0.0771,,,,,,,,
10/25/2004,0.0771,,,,,,,,
10/26/2004,0.0771,,,,,,,,
10/27/2004,0.0771,,,,,,,,
10/28/2004,0.0771,,,,,,,,
10/29/2004,0.0771,,,,,,,,
10/30/2004,0.0771,,,,,,,,
10/31/2004,0.0771,,,,,,,,
11/1/2004,0.035,,,,,,,,
11/2/2004,0.035,,,,,,,,
11/3/2004,0.035,,,,,,,,
11/4/2004,0.035,,,,,,,,
11/5/2004,0.035,,,,,,,,
11/6/2004,0.035,,,,,,,,
11/7/2004,0.035,,,,,,,,
11/8/2004,0.035,,,,,,,,
11/9/2004,0.035,,,,,,,,
11/10/2004,0.035,,,,,,,,
11/11/2004,0.035,,,,,,,,
11/12/2004,0.035,,,,,,,,
11/13/2004,0.035,,,,,,,,
11/14/2004,0.035,,,,,,,,
11/15/2004,0.035,,,,,,,,
11/16/2004,0.035,,,,,,,,
11/17/2004,0.035,,,,,,,,
11/18/2004,0.035,,,,,,,,
11/19/2004,0.035,,,,,,,,
11/20/2004,0.035,,,,,,,,
11/21/2004,0.035,,,,,,,,
11/22/2004,0.035,,,,,,,,
11/23/2004,0.035,,,,,,,,
11/24/2004,0.035,,,,,,,,
11/25/2004,0.035,,,,,,,,
11/26/2004,0.035,,,,,,,,
11/27/2004,0.035,,,,,,,,
11/28/2004,0.035,,,,,,,,
11/29/2004,0.035,,,,,,,,
11/30/2004,0.035,,,,,,,,
12/1/2004,0.01839,,,,,,,,
12/2/2004,0.01839,,,,,,,,
12/3/2004,0.01839,,,,,,,,
12/4/2004,0.01839,,,,,,,,
12/5/2004,0.01839,,,,,,,,
12/6/2004,0.01839,,,,,,,,
12/7/2004,0.01839,,,,,,,,
12/8/2004,0.01839,,,,,,,,
12/9/2004,0.01839,,,,,,,,
12/10/2004,0.01839,,,,,,,,
12/11/2004,0.01839,,,,,,,,
12/12/2004,0.01839,,,,,,,,
12/13/2004,0.01839,,,,,,,,
12/14/2004,0.01839,,,,,,,,
12/15/2004,0.01839,,,,,,,,
12/16/2004,0.01839,,,,,,,,
12/17/2004,0.01839,,,,,,,,
12/18/2004,0.01839,,,,,,,,
12/19/2004,0.01839,,,,,,,,
12/20/2004,0.01839,,,,,,,,
12/21/2004,0.01839,,,,,,,,
12/22/2004,0.01839,,,,,,,,
12/23/2004,0.01839,,,,,,,,
12/24/2004,0.01839,,,,,,,,
12/25/2004,0.01839,,,,,,,,
12/26/2004,0.01839,,,,,,,,
12/27/2004,0.01839,,,,,,,,
12/28/2004,0.01839,,,,,,,,
12/29/2004,0.01839,,,,,,,,
12/30/2004,0.01839,,,,,,,,
12/31/2004,0.01839,,,,,,,,
1/1/2005,0.02032,,,,,,,,
1/2/2005,0.02032,,,,,,,,
1/3/2005,0.02032,,,,,,,,
1/4/2005,0.02032,,,,,,,,
1/5/2005,0.02032,,,,,,,,
1/6/2005,0.02032,,,,,,,,
1/7/2005,0.02032,,,,,,,,
1/8/2005,0.02032,,,,,,,,
1/9/2005,0.02032,,,,,,,,
1/10/2005,0.02032,,,,,,,,
1/11/2005,0.02032,,,,,,,,
1/12/2005,0.02032,,,,,,,,
1/13/2005,0.02032,,,,,,,,
1/14/2005,0.02032,,,,,,,,
1/15/2005,0.02032,,,,,,,,
1/16/2005,0.02032,,,,,,,,
1/17/2005,0.02032,,,,,,,,
1/18/2005,0.02032,,,,,,,,
1/19/2005,0.02032,,,,,,,,
1/20/2005,0.02032,,,,,,,,
1/21/2005,0.02032,,,,,,,,
1/22/2005,0.02032,,,,,,,,
1/23/2005,0.02032,,,,,,,,
1/24/2005,0.02032,,,,,,,,
1/25/2005,0.02032,,,,,,,,
1/26/2005,0.02032,,,,,,,,
1/27/2005,0.02032,,,,,,,,
1/28/2005,0.02032,,,,,,,,
1/29/2005,0.02032,,,,,,,,
1/30/2005,0.02032,,,,,,,,
1/31/2005,0.02032,,,,,,,,
2/1/2005,0.04214,,,,,,,,
2/2/2005,0.04214,,,,,,,,
2/3/2005,0.04214,,,,,,,,
2/4/2005,0.04214,,,,,,,,
2/5/2005,0.04214,,,,,,,,
2/6/2005,0.04214,,,,,,,,
2/7/2005,0.04214,,,,,,,,
2/8/2005,0.04214,,,,,,,,
2/9/2005,0.04214,,,,,,,,
2/10/2005,0.04214,,,,,,,,
2/11/2005,0.04214,,,,,,,,
2/12/2005,0.04214,,,,,,,,
2/13/2005,0.04214,,,,,,,,
2/14/2005,0.04214,,,,,,,,
2/15/2005,0.04214,,,,,,,,
2/16/2005,0.04214,,,,,,,,
2/17/2005,0.04214,,,,,,,,
2/18/2005,0.04214,,,,,,,,
2/19/2005,0.04214,,,,,,,,
2/20/2005,0.04214,,,,,,,,
2/21/2005,0.04214,,,,,,,,
2/22/2005,0.04214,,,,,,,,
2/23/2005,0.04214,,,,,,,,
2/24/2005,0.04214,,,,,,,,
2/25/2005,0.04214,,,,,,,,
2/26/2005,0.04214,,,,,,,,
2/27/2005,0.04214,,,,,,,,
2/28/2005,0.04214,,,,,,,,
3/1/2005,0.07387,,,,,,,,
3/2/2005,0.07387,,,,,,,,
3/3/2005,0.07387,,,,,,,,
3/4/2005,0.07387,,,,,,,,
3/5/2005,0.07387,,,,,,,,
3/6/2005,0.07387,,,,,,,,
3/7/2005,0.07387,,,,,,,,
3/8/2005,0.07387,,,,,,,,
3/9/2005,0.07387,,,,,,,,
3/10/2005,0.07387,,,,,,,,
3/11/2005,0.07387,,,,,,,,
3/12/2005,0.07387,,,,,,,,
3/13/2005,0.07387,,,,,,,,
3/14/2005,0.07387,,,,,,,,
3/15/2005,0.07387,,,,,,,,
3/16/2005,0.07387,,,,,,,,
3/17/2005,0.07387,,,,,,,,
3/18/2005,0.07387,,,,,,,,
3/19/2005,0.07387,,,,,,,,
3/20/2005,0.07387,,,,,,,,
3/21/2005,0.07387,,,,,,,,
3/22/2005,0.07387,,,,,,,,
3/23/2005,0.07387,,,,,,,,
3/24/2005,0.07387,,,,,,,,
3/25/2005,0.07387,,,,,,,,
3/26/2005,0.07387,,,,,,,,
3/27/2005,0.07387,,,,,,,,
3/28/2005,0.07387,,,,,,,,
3/29/2005,0.07387,,,,,,,,
3/30/2005,0.07387,,,,,,,,
3/31/2005,0.07387,,,,,,,,
4/1/2005,0.11033,,,,,,,,
4/2/2005,0.11033,,,,,,,,
4/3/2005,0.11033,,,,,,,,
4/4/2005,0.11033,,,,,,,,
4/5/2005,0.11033,,,,,,,,
4/6/2005,0.11033,,,,,,,,
4/7/2005,0.11033,,,,,,,,
4/8/2005,0.11033,,,,,,,,
4/9/2005,0.11033,,,,,,,,
4/10/2005,0.11033,,,,,,,,
4/11/2005,0.11033,,,,,,,,
4/12/2005,0.11033,,,,,,,,
4/13/2005,0.11033,,,,,,,,
4/14/2005,0.11033,,,,,,,,
4/15/2005,0.11033,,,,,,,,
4/16/2005,0.11033,,,,,,,,
4/17/2005,0.11033,,,,,,,,
4/18/2005,0.11033,,,,,,,,
4/19/2005,0.11033,,,,,,,,
4/20/2005,0.11033,,,,,,,,
4/21/2005,0.11033,,,,,,,,
4/22/2005,0.11033,,,,,,,,
4/23/2005,0.11033,,,,,,,,
4/24/2005,0.11033,,,,,,,,
4/25/2005,0.11033,,,,,,,,
4/26/2005,0.11033,,,,,,,,
4/27/2005,0.11033,,,,,,,,
4/28/2005,0.11033,,,,,,,,
4/29/2005,0.11033,,,,,,,,
4/30/2005,0.11033,,,,,,,,
5/1/2005,0.16613,,,,,,,,
5/2/2005,0.16613,,,,,,,,
5/3/2005,0.16613,,,,,,,,
5/4/2005,0.16613,,,,,,,,
5/5/2005,0.16613,,,,,,,,
5/6/2005,0.16613,,,,,,,,
5/7/2005,0.16613,,,,,,,,
5/8/2005,0.16613,,,,,,,,
5/9/2005,0.16613,,,,,,,,
5/10/2005,0.16613,,,,,,,,
5/11/2005,0.16613,,,,,,,,
5/12/2005,0.16613,,,,,,,,
5/13/2005,0.16613,,,,,,,,
5/14/2005,0.16613,,,,,,,,
5/15/2005,0.16613,,,,,,,,
5/16/2005,0.16613,,,,,,,,
5/17/2005,0.16613,,,,,,,,
5/18/2005,0.16613,,,,,,,,
5/19/2005,0.16613,,,,,,,,
5/20/2005,0.16613,,,,,,,,
5/21/2005,0.16613,,,,,,,,
5/22/2005,0.16613,,,,,,,,
5/23/2005,0.16613,,,,,,,,
5/24/2005,0.16613,,,,,,,,
5/25/2005,0.16613,,,,,,,,
5/26/2005,0.16613,,,,,,,,
5/27/2005,0.16613,,,,,,,,
5/28/2005,0.16613,,,,,,,,
5/29/2005,0.16613,,,,,,,,
5/30/2005,0.16613,,,,,,,,
5/31/2005,0.16613,,,,,,,,
6/1/2005,0.20033,,,,,,,,
6/2/2005,0.20033,,,,,,,,
6/3/2005,0.20033,,,,,,,,
6/4/2005,0.20033,,,,,,,,
6/5/2005,0.20033,,,,,,,,
6/6/2005,0.20033,,,,,,,,
6/7/2005,0.20033,,,,,,,,
6/8/2005,0.20033,,,,,,,,
6/9/2005,0.20033,,,,,,,,
6/10/2005,0.20033,,,,,,,,
6/11/2005,0.20033,,,,,,,,
6/12/2005,0.20033,,,,,,,,
6/13/2005,0.20033,,,,,,,,
6/14/2005,0.20033,,,,,,,,
6/15/2005,0.20033,,,,,,,,
6/16/2005,0.20033,,,,,,,,
6/17/2005,0.20033,,,,,,,,
6/18/2005,0.20033,,,,,,,,
6/19/2005,0.20033,,,,,,,,
6/20/2005,0.20033,,,,,,,,
6/21/2005,0.20033,,,,,,,,
6/22/2005,0.20033,,,,,,,,
6/23/2005,0.20033,,,,,,,,
6/24/2005,0.20033,,,,,,,,
6/25/2005,0.20033,,,,,,,,
6/26/2005,0.20033,,,,,,,,
6/27/2005,0.20033,,,,,,,,
6/28/2005,0.20033,,,,,,,,
6/29/2005,0.20033,,,,,,,,
6/30/2005,0.20033,,,,,,,,
7/1/2005,0.23871,,,,,,,,
7/2/2005,0.23871,,,,,,,,
7/3/2005,0.23871,,,,,,,,
7/4/2005,0.23871,,,,,,,,
7/5/2005,0.23871,,,,,,,,
7/6/2005,0.23871,,,,,,,,
7/7/2005,0.23871,,,,,,,,
7/8/2005,0.23871,,,,,,,,
7/9/2005,0.23871,,,,,,,,
7/10/2005,0.23871,,,,,,,,
7/11/2005,0.23871,,,,,,,,
7/12/2005,0.23871,,,,,,,,
7/13/2005,0.23871,,,,,,,,
7/14/2005,0.23871,,,,,,,,
7/15/2005,0.23871,,,,,,,,
7/16/2005,0.23871,,,,,,,,
7/17/2005,0.23871,,,,,,,,
7/18/2005,0.23871,,,,,,,,
7/19/2005,0.23871,,,,,,,,
7/20/2005,0.23871,,,,,,,,
7/21/2005,0.23871,,,,,,,,
7/22/2005,0.23871,,,,,,,,
7/23/2005,0.23871,,,,,,,,
7/24/2005,0.23871,,,,,,,,
7/25/2005,0.23871,,,,,,,,
7/26/2005,0.23871,,,,,,,,
7/27/2005,0.23871,,,,,,,,
7/28/2005,0.23871,,,,,,,,
7/29/2005,0.23871,,,,,,,,
7/30/2005,0.23871,,,,,,,,
7/31/2005,0.23871,,,,,,,,
8/1/2005,0.21871,,,,,,,,
8/2/2005,0.21871,,,,,,,,
8/3/2005,0.21871,,,,,,,,
8/4/2005,0.21871,,,,,,,,
8/5/2005,0.21871,,,,,,,,
8/6/2005,0.21871,,,,,,,,
8/7/2005,0.21871,,,,,,,,
8/8/2005,0.21871,,,,,,,,
8/9/2005,0.21871,,,,,,,,
8/10/2005,0.21871,,,,,,,,
8/11/2005,0.21871,,,,,,,,
8/12/2005,0.21871,,,,,,,,
8/13/2005,0.21871,,,,,,,,
8/14/2005,0.21871,,,,,,,,
8/15/2005,0.21871,,,,,,,,
8/16/2005,0.21871,,,,,,,,
8/17/2005,0.21871,,,,,,,,
8/18/2005,0.21871,,,,,,,,
8/19/2005,0.21871,,,,,,,,
8/20/2005,0.21871,,,,,,,,
8/21/2005,0.21871,,,,,,,,
8/22/2005,0.21871,,,,,,,,
8/23/2005,0.21871,,,,,,,,
8/24/2005,0.21871,,,,,,,,
8/25/2005,0.21871,,,,,,,,
8/26/2005,0.21871,,,,,,,,
8/27/2005,0.21871,,,,,,,,
8/28/2005,0.21871,,,,,,,,
8/29/2005,0.21871,,,,,,,,
8/30/2005,0.21871,,,,,,,,
8/31/2005,0.21871,,,,,,,,
9/1/2005,0.156,,,,,,,,
9/2/2005,0.156,,,,,,,,
9/3/2005,0.156,,,,,,,,
9/4/2005,0.156,,,,,,,,
9/5/2005,0.156,,,,,,,,
9/6/2005,0.156,,,,,,,,
9/7/2005,0.156,,,,,,,,
9/8/2005,0.156,,,,,,,,
9/9/2005,0.156,,,,,,,,
9/10/2005,0.156,,,,,,,,
9/11/2005,0.156,,,,,,,,
9/12/2005,0.156,,,,,,,,
9/13/2005,0.156,,,,,,,,
9/14/2005,0.156,,,,,,,,
9/15/2005,0.156,,,,,,,,
9/16/2005,0.156,,,,,,,,
9/17/2005,0.156,,,,,,,,
9/18/2005,0.156,,,,,,,,
9/19/2005,0.156,,,,,,,,
9/20/2005,0.156,,,,,,,,
9/21/2005,0.156,,,,,,,,
9/22/2005,0.156,,,,,,,,
9/23/2005,0.156,,,,,,,,
9/24/2005,0.156,,,,,,,,
9/25/2005,0.156,,,,,,,,
9/26/2005,0.156,,,,,,,,
9/27/2005,0.156,,,,,,,,
9/28/2005,0.156,,,,,,,,
9/29/2005,0.156,,,,,,,,
9/30/2005,0.156,,,,,,,,
10/1/2005,0.0771,,,,,,,,
10/2/2005,0.0771,,,,,,,,
10/3/2005,0.0771,,,,,,,,
10/4/2005,0.0771,,,,,,,,
10/5/2005,0.0771,,,,,,,,
10/6/2005,0.0771,,,,,,,,
10/7/2005,0.0771,,,,,,,,
10/8/2005,0.0771,,,,,,,,
10/9/2005,0.0771,,,,,,,,
10/10/2005,0.0771,,,,,,,,
10/11/2005,0.0771,,,,,,,,
10/12/2005,0.0771,,,,,,,,
10/13/2005,0.0771,,,,,,,,
10/14/2005,0.0771,,,,,,,,
10/15/2005,0.0771,,,,,,,,
10/16/2005,0.0771,,,,,,,,
10/17/2005,0.0771,,,,,,,,
10/18/2005,0.0771,,,,,,,,
10/19/2005,0.0771,,,,,,,,
10/20/2005,0.0771,,,,,,,,
10/21/2005,0.0771,,,,,,,,
10/22/2005,0.0771,,,,,,,,
10/23/2005,0.0771,,,,,,,,
10/24/2005,0.0771,,,,,,,,
10/25/2005,0.0771,,,,,,,,
10/26/2005,0.0771,,,,,,,,
10/27/2005,0.0771,,,,,,,,
10/28/2005,0.0771,,,,,,,,
10/29/2005,0.0771,,,,,,,,
10/30/2005,0.0771,,,,,,,,
10/31/2005,0.0771,,,,,,,,
11/1/2005,0.035,,,,,,,,
11/2/2005,0.035,,,,,,,,
11/3/2005,0.035,,,,,,,,
11/4/2005,0.035,,,,,,,,
11/5/2005,0.035,,,,,,,,
11/6/2005,0.035,,,,,,,,
11/7/2005,0.035,,,,,,,,
11/8/2005,0.035,,,,,,,,
11/9/2005,0.035,,,,,,,,
11/10/2005,0.035,,,,,,,,
11/11/2005,0.035,,,,,,,,
11/12/2005,0.035,,,,,,,,
11/13/2005,0.035,,,,,,,,
11/14/2005,0.035,,,,,,,,
11/15/2005,0.035,,,,,,,,
11/16/2005,0.035,,,,,,,,
11/17/2005,0.035,,,,,,,,
11/18/2005,0.035,,,,,,,,
11/19/2005,0.035,,,,,,,,
11/20/2005,0.035,,,,,,,,
11/21/2005,0.035,,,,,,,,
11/22/2005,0.035,,,,,,,,
11/23/2005,0.035,,,,,,,,
11/24/2005,0.035,,,,,,,,
11/25/2005,0.035,,,,,,,,
11/26/2005,0.035,,,,,,,,
11/27/2005,0.035,,,,,,,,
11/28/2005,0.035,,,,,,,,
11/29/2005,0.035,,,,,,,,
11/30/2005,0.035,,,,,,,,
12/1/2005,0.01839,,,,,,,,
12/2/2005,0.01839,,,,,,,,
12/3/2005,0.01839,,,,,,,,
12/4/2005,0.01839,,,,,,,,
12/5/2005,0.01839,,,,,,,,
12/6/2005,0.01839,,,,,,,,
12/7/2005,0.01839,,,,,,,,
12/8/2005,0.01839,,,,,,,,
12/9/2005,0.01839,,,,,,,,
12/10/2005,0.01839,,,,,,,,
12/11/2005,0.01839,,,,,,,,
12/12/2005,0.01839,,,,,,,,
12/13/2005,0.01839,,,,,,,,
12/14/2005,0.01839,,,,,,,,
12/15/2005,0.01839,,,,,,,,
12/16/2005,0.01839,,,,,,,,
12/17/2005,0.01839,,,,,,,,
12/18/2005,0.01839,,,,,,,,
12/19/2005,0.01839,,,,,,,,
12/20/2005,0.01839,,,,,,,,
12/21/2005,0.01839,,,,,,,,
12/22/2005,0.01839,,,,,,,,
12/23/2005,0.01839,,,,,,,,
12/24/2005,0.01839,,,,,,,,
12/25/2005,0.01839,,,,,,,,
12/26/2005,0.01839,,,,,,,,
12/27/2005,0.01839,,,,,,,,
12/28/2005,0.01839,,,,,,,,
12/29/2005,0.01839,,,,,,,,
12/30/2005,0.01839,,,,,,,,
12/31/2005,0.01839,,,,,,,,
1/1/2006,0.02032,,,,,,,,
1/2/2006,0.02032,,,,,,,,
1/3/2006,0.02032,,,,,,,,
1/4/2006,0.02032,,,,,,,,
1/5/2006,0.02032,,,,,,,,
1/6/2006,0.02032,,,,,,,,
1/7/2006,0.02032,,,,,,,,
1/8/2006,0.02032,,,,,,,,
1/9/2006,0.02032,,,,,,,,
1/10/2006,0.02032,,,,,,,,
1/11/2006,0.02032,,,,,,,,
1/12/2006,0.02032,,,,,,,,
1/13/2006,0.02032,,,,,,,,
1/14/2006,0.02032,,,,,,,,
1/15/2006,0.02032,,,,,,,,
1/16/2006,0.02032,,,,,,,,
1/17/2006,0.02032,,,,,,,,
1/18/2006,0.02032,,,,,,,,
1/19/2006,0.02032,,,,,,,,
1/20/2006,0.02032,,,,,,,,
1/21/2006,0.02032,,,,,,,,
1/22/2006,0.02032,,,,,,,,
1/23/2006,0.02032,,,,,,,,
1/24/2006,0.02032,,,,,,,,
1/25/2006,0.02032,,,,,,,,
1/26/2006,0.02032,,,,,,,,
1/27/2006,0.02032,,,,,,,,
1/28/2006,0.02032,,,,,,,,
1/29/2006,0.02032,,,,,,,,
1/30/2006,0.02032,,,,,,,,
1/31/2006,0.02032,,,,,,,,
2/1/2006,0.04214,,,,,,,,
2/2/2006,0.04214,,,,,,,,
2/3/2006,0.04214,,,,,,,,
2/4/2006,0.04214,,,,,,,,
2/5/2006,0.04214,,,,,,,,
2/6/2006,0.04214,,,,,,,,
2/7/2006,0.04214,,,,,,,,
2/8/2006,0.04214,,,,,,,,
2/9/2006,0.04214,,,,,,,,
2/10/2006,0.04214,,,,,,,,
2/11/2006,0.04214,,,,,,,,
2/12/2006,0.04214,,,,,,,,
2/13/2006,0.04214,,,,,,,,
2/14/2006,0.04214,,,,,,,,
2/15/2006,0.04214,,,,,,,,
2/16/2006,0.04214,,,,,,,,
2/17/2006,0.04214,,,,,,,,
2/18/2006,0.04214,,,,,,,,
2/19/2006,0.04214,,,,,,,,
2/20/2006,0.04214,,,,,,,,
2/21/2006,0.04214,,,,,,,,
2/22/2006,0.04214,,,,,,,,
2/23/2006,0.04214,,,,,,,,
2/24/2006,0.04214,,,,,,,,
2/25/2006,0.04214,,,,,,,,
2/26/2006,0.04214,,,,,,,,
2/27/2006,0.04214,,,,,,,,
2/28/2006,0.04214,,,,,,,,
3/1/2006,0.07387,,,,,,,,
3/2/2006,0.07387,,,,,,,,
3/3/2006,0.07387,,,,,,,,
3/4/2006,0.07387,,,,,,,,
3/5/2006,0.07387,,,,,,,,
3/6/2006,0.07387,,,,,,,,
3/7/2006,0.07387,,,,,,,,
3/8/2006,0.07387,,,,,,,,
3/9/2006,0.07387,,,,,,,,
3/10/2006,0.07387,,,,,,,,
3/11/2006,0.07387,,,,,,,,
3/12/2006,0.07387,,,,,,,,
3/13/2006,0.07387,,,,,,,,
3/14/2006,0.07387,,,,,,,,
3/15/2006,0.07387,,,,,,,,
3/16/2006,0.07387,,,,,,,,
3/17/2006,0.07387,,,,,,,,
3/18/2006,0.07387,,,,,,,,
3/19/2006,0.07387,,,,,,,,
3/20/2006,0.07387,,,,,,,,
3/21/2006,0.07387,,,,,,,,
3/22/2006,0.07387,,,,,,,,
3/23/2006,0.07387,,,,,,,,
3/24/2006,0.07387,,,,,,,,
3/25/2006,0.07387,,,,,,,,
3/26/2006,0.07387,,,,,,,,
3/27/2006,0.07387,,,,,,,,
3/28/2006,0.07387,,,,,,,,
3/29/2006,0.07387,,,,,,,,
3/30/2006,0.07387,,,,,,,,
3/31/2006,0.07387,,,,,,,,
4/1/2006,0.11033,,,,,,,,
4/2/2006,0.11033,,,,,,,,
4/3/2006,0.11033,,,,,,,,
4/4/2006,0.11033,,,,,,,,
4/5/2006,0.11033,,,,,,,,
4/6/2006,0.11033,,,,,,,,
4/7/2006,0.11033,,,,,,,,
4/8/2006,0.11033,,,,,,,,
4/9/2006,0.11033,,,,,,,,
4/10/2006,0.11033,,,,,,,,
4/11/2006,0.11033,,,,,,,,
4/12/2006,0.11033,,,,,,,,
4/13/2006,0.11033,,,,,,,,
4/14/2006,0.11033,,,,,,,,
4/15/2006,0.11033,,,,,,,,
4/16/2006,0.11033,,,,,,,,
4/17/2006,0.11033,,,,,,,,
4/18/2006,0.11033,,,,,,,,
4/19/2006,0.11033,,,,,,,,
4/20/2006,0.11033,,,,,,,,
4/21/2006,0.11033,,,,,,,,
4/22/2006,0.11033,,,,,,,,
4/23/2006,0.11033,,,,,,,,
4/24/2006,0.11033,,,,,,,,
4/25/2006,0.11033,,,,,,,,
4/26/2006,0.11033,,,,,,,,
4/27/2006,0.11033,,,,,,,,
4/28/2006,0.11033,,,,,,,,
4/29/2006,0.11033,,,,,,,,
4/30/2006,0.11033,,,,,,,,
5/1/2006,0.16613,,,,,,,,
5/2/2006,0.16613,,,,,,,,
5/3/2006,0.16613,,,,,,,,
5/4/2006,0.16613,,,,,,,,
5/5/2006,0.16613,,,,,,,,
5/6/2006,0.16613,,,,,,,,
5/7/2006,0.16613,,,,,,,,
5/8/2006,0.16613,,,,,,,,
5/9/2006,0.16613,,,,,,,,
5/10/2006,0.16613,,,,,,,,
5/11/2006,0.16613,,,,,,,,
5/12/2006,0.16613,,,,,,,,
5/13/2006,0.16613,,,,,,,,
5/14/2006,0.16613,,,,,,,,
5/15/2006,0.16613,,,,,,,,
5/16/2006,0.16613,,,,,,,,
5/17/2006,0.16613,,,,,,,,
5/18/2006,0.16613,,,,,,,,
5/19/2006,0.16613,,,,,,,,
5/20/2006,0.16613,,,,,,,,
5/21/2006,0.16613,,,,,,,,
5/22/2006,0.16613,,,,,,,,
5/23/2006,0.16613,,,,,,,,
5/24/2006,0.16613,,,,,,,,
5/25/2006,0.16613,,,,,,,,
5/26/2006,0.16613,,,,,,,,
5/27/2006,0.16613,,,,,,,,
5/28/2006,0.16613,,,,,,,,
5/29/2006,0.16613,,,,,,,,
5/30/2006,0.16613,,,,,,,,
5/31/2006,0.16613,,,,,,,,
6/1/2006,0.20033,,,,,,,,
6/2/2006,0.20033,,,,,,,,
6/3/2006,0.20033,,,,,,,,
6/4/2006,0.20033,,,,,,,,
6/5/2006,0.20033,,,,,,,,
6/6/2006,0.20033,,,,,,,,
6/7/2006,0.20033,,,,,,,,
6/8/2006,0.20033,,,,,,,,
6/9/2006,0.20033,,,,,,,,
6/10/2006,0.20033,,,,,,,,
6/11/2006,0.20033,,,,,,,,
6/12/2006,0.20033,,,,,,,,
6/13/2006,0.20033,,,,,,,,
6/14/2006,0.20033,,,,,,,,
6/15/2006,0.20033,,,,,,,,
6/16/2006,0.20033,,,,,,,,
6/17/2006,0.20033,,,,,,,,
6/18/2006,0.20033,,,,,,,,
6/19/2006,0.20033,,,,,,,,
6/20/2006,0.20033,,,,,,,,
6/21/2006,0.20033,,,,,,,,
6/22/2006,0.20033,,,,,,,,
6/23/2006,0.20033,,,,,,,,
6/24/2006,0.20033,,,,,,,,
6/25/2006,0.20033,,,,,,,,
6/26/2006,0.20033,,,,,,,,
6/27/2006,0.20033,,,,,,,,
6/28/2006,0.20033,,,,,,,,
6/29/2006,0.20033,,,,,,,,
6/30/2006,0.20033,,,,,,,,
7/1/2006,0.23871,,,,,,,,
7/2/2006,0.23871,,,,,,,,
7/3/2006,0.23871,,,,,,,,
7/4/2006,0.23871,,,,,,,,
7/5/2006,0.23871,,,,,,,,
7/6/2006,0.23871,,,,,,,,
7/7/2006,0.23871,,,,,,,,
7/8/2006,0.23871,,,,,,,,
7/9/2006,0.23871,,,,,,,,
7/10/2006,0.23871,,,,,,,,
7/11/2006,0.23871,,,,,,,,
7/12/2006,0.23871,,,,,,,,
7/13/2006,0.23871,,,,,,,,
7/14/2006,0.23871,,,,,,,,
7/15/2006,0.23871,,,,,,,,
7/16/2006,0.23871,,,,,,,,
7/17/2006,0.23871,,,,,,,,
7/18/2006,0.23871,,,,,,,,
7/19/2006,0.23871,,,,,,,,
7/20/2006,0.23871,,,,,,,,
7/21/2006,0.23871,,,,,,,,
7/22/2006,0.23871,,,,,,,,
7/23/2006,0.23871,,,,,,,,
7/24/2006,0.23871,,,,,,,,
7/25/2006,0.23871,,,,,,,,
7/26/2006,0.23871,,,,,,,,
7/27/2006,0.23871,,,,,,,,
7/28/2006,0.23871,,,,,,,,
7/29/2006,0.23871,,,,,,,,
7/30/2006,0.23871,,,,,,,,
7/31/2006,0.23871,,,,,,,,
8/1/2006,0.21871,,,,,,,,
8/2/2006,0.21871,,,,,,,,
8/3/2006,0.21871,,,,,,,,
8/4/2006,0.21871,,,,,,,,
8/5/2006,0.21871,,,,,,,,
8/6/2006,0.21871,,,,,,,,
8/7/2006,0.21871,,,,,,,,
8/8/2006,0.21871,,,,,,,,
8/9/2006,0.21871,,,,,,,,
8/10/2006,0.21871,,,,,,,,
8/11/2006,0.21871,,,,,,,,
8/12/2006,0.21871,,,,,,,,
8/13/2006,0.21871,,,,,,,,
8/14/2006,0.21871,,,,,,,,
8/15/2006,0.21871,,,,,,,,
8/16/2006,0.21871,,,,,,,,
8/17/2006,0.21871,,,,,,,,
8/18/2006,0.21871,,,,,,,,
8/19/2006,0.21871,,,,,,,,
8/20/2006,0.21871,,,,,,,,
8/21/2006,0.21871,,,,,,,,
8/22/2006,0.21871,,,,,,,,
8/23/2006,0.21871,,,,,,,,
8/24/2006,0.21871,,,,,,,,
8/25/2006,0.21871,,,,,,,,
8/26/2006,0.21871,,,,,,,,
8/27/2006,0.21871,,,,,,,,
8/28/2006,0.21871,,,,,,,,
8/29/2006,0.21871,,,,,,,,
8/30/2006,0.21871,,,,,,,,
8/31/2006,0.21871,,,,,,,,
9/1/2006,0.156,,,,,,,,
9/2/2006,0.156,,,,,,,,
9/3/2006,0.156,,,,,,,,
9/4/2006,0.156,,,,,,,,
9/5/2006,0.156,,,,,,,,
9/6/2006,0.156,,,,,,,,
9/7/2006,0.156,,,,,,,,
9/8/2006,0.156,,,,,,,,
9/9/2006,0.156,,,,,,,,
9/10/2006,0.156,,,,,,,,
9/11/2006,0.156,,,,,,,,
9/12/2006,0.156,,,,,,,,
9/13/2006,0.156,,,,,,,,
9/14/2006,0.156,,,,,,,,
9/15/2006,0.156,,,,,,,,
9/16/2006,0.156,,,,,,,,
9/17/2006,0.156,,,,,,,,
9/18/2006,0.156,,,,,,,,
9/19/2006,0.156,,,,,,,,
9/20/2006,0.156,,,,,,,,
9/21/2006,0.156,,,,,,,,
9/22/2006,0.156,,,,,,,,
9/23/2006,0.156,,,,,,,,
9/24/2006,0.156,,,,,,,,
9/25/2006,0.156,,,,,,,,
9/26/2006,0.156,,,,,,,,
9/27/2006,0.156,,,,,,,,
9/28/2006,0.156,,,,,,,,
9/29/2006,0.156,,,,,,,,
9/30/2006,0.156,,,,,,,,
10/1/2006,0.0771,,,,,,,,
10/2/2006,0.0771,,,,,,,,
10/3/2006,0.0771,,,,,,,,
10/4/2006,0.0771,,,,,,,,
10/5/2006,0.0771,,,,,,,,
10/6/2006,0.0771,,,,,,,,
10/7/2006,0.0771,,,,,,,,
10/8/2006,0.0771,,,,,,,,
10/9/2006,0.0771,,,,,,,,
10/10/2006,0.0771,,,,,,,,
10/11/2006,0.0771,,,,,,,,
10/12/2006,0.0771,,,,,,,,
10/13/2006,0.0771,,,,,,,,
10/14/2006,0.0771,,,,,,,,
10/15/2006,0.0771,,,,,,,,
10/16/2006,0.0771,,,,,,,,
10/17/2006,0.0771,,,,,,,,
10/18/2006,0.0771,,,,,,,,
10/19/2006,0.0771,,,,,,,,
10/20/2006,0.0771,,,,,,,,
10/21/2006,0.0771,,,,,,,,
10/22/2006,0.0771,,,,,,,,
10/23/2006,0.0771,,,,,,,,
10/24/2006,0.0771,,,,,,,,
10/25/2006,0.0771,,,,,,,,
10/26/2006,0.0771,,,,,,,,
10/27/2006,0.0771,,,,,,,,
10/28/2006,0.0771,,,,,,,,
10/29/2006,0.0771,,,,,,,,
10/30/2006,0.0771,,,,,,,,
10/31/2006,0.0771,,,,,,,,
11/1/2006,0.035,,,,,,,,
11/2/2006,0.035,,,,,,,,
11/3/2006,0.035,,,,,,,,
11/4/2006,0.035,,,,,,,,
11/5/2006,0.035,,,,,,,,
11/6/2006,0.035,,,,,,,,
11/7/2006,0.035,,,,,,,,
11/8/2006,0.035,,,,,,,,
11/9/2006,0.035,,,,,,,,
11/10/2006,0.035,,,,,,,,
11/11/2006,0.035,,,,,,,,
11/12/2006,0.035,,,,,,,,
11/13/2006,0.035,,,,,,,,
11/14/2006,0.035,,,,,,,,
11/15/2006,0.035,,,,,,,,
11/16/2006,0.035,,,,,,,,
11/17/2006,0.035,,,,,,,,
11/18/2006,0.035,,,,,,,,
11/19/2006,0.035,,,,,,,,
11/20/2006,0.035,,,,,,,,
11/21/2006,0.035,,,,,,,,
11/22/2006,0.035,,,,,,,,
11/23/2006,0.035,,,,,,,,
11/24/2006,0.035,,,,,,,,
11/25/2006,0.035,,,,,,,,
11/26/2006,0.035,,,,,,,,
11/27/2006,0.035,,,,,,,,
11/28/2006,0.035,,,,,,,,
11/29/2006,0.035,,,,,,,,
11/30/2006,0.035,,,,,,,,
12/1/2006,0.01839,,,,,,,,
12/2/2006,0.01839,,,,,,,,
12/3/2006,0.01839,,,,,,,,
12/4/2006,0.01839,,,,,,,,
12/5/2006,0.01839,,,,,,,,
12/6/2006,0.01839,,,,,,,,
12/7/2006,0.01839,,,,,,,,
12/8/2006,0.01839,,,,,,,,
12/9/2006,0.01839,,,,,,,,
12/10/2006,0.01839,,,,,,,,
12/11/2006,0.01839,,,,,,,,
12/12/2006,0.01839,,,,,,,,
12/13/2006,0.01839,,,,,,,,
12/14/2006,0.01839,,,,,,,,
12/15/2006,0.01839,,,,,,,,
12/16/2006,0.01839,,,,,,,,
12/17/2006,0.01839,,,,,,,,
12/18/2006,0.01839,,,,,,,,
12/19/2006,0.01839,,,,,,,,
12/20/2006,0.01839,,,,,,,,
12/21/2006,0.01839,,,,,,,,
12/22/2006,0.01839,,,,,,,,
12/23/2006,0.01839,,,,,,,,
12/24/2006,0.01839,,,,,,,,
12/25/2006,0.01839,,,,,,,,
12/26/2006,0.01839,,,,,,,,
12/27/2006,0.01839,,,,,,,,
12/28/2006,0.01839,,,,,,,,
12/29/2006,0.01839,,,,,,,,
12/30/2006,0.01839,,,,,,,,
12/31/2006,0.01839,,,,,,,,
1/1/2007,0.02032,,,,,,,,
1/2/2007,0.02032,,,,,,,,
1/3/2007,0.02032,,,,,,,,
1/4/2007,0.02032,,,,,,,,
1/5/2007,0.02032,,,,,,,,
1/6/2007,0.02032,,,,,,,,
1/7/2007,0.02032,,,,,,,,
1/8/2007,0.02032,,,,,,,,
1/9/2007,0.02032,,,,,,,,
1/10/2007,0.02032,,,,,,,,
1/11/2007,0.02032,,,,,,,,
1/12/2007,0.02032,,,,,,,,
1/13/2007,0.02032,,,,,,,,
1/14/2007,0.02032,,,,,,,,
1/15/2007,0.02032,,,,,,,,
1/16/2007,0.02032,,,,,,,,
1/17/2007,0.02032,,,,,,,,
1/18/2007,0.02032,,,,,,,,
1/19/2007,0.02032,,,,,,,,
1/20/2007,0.02032,,,,,,,,
1/21/2007,0.02032,,,,,,,,
1/22/2007,0.02032,,,,,,,,
1/23/2007,0.02032,,,,,,,,
1/24/2007,0.02032,,,,,,,,
1/25/2007,0.02032,,,,,,,,
1/26/2007,0.02032,,,,,,,,
1/27/2007,0.02032,,,,,,,,
1/28/2007,0.02032,,,,,,,,
1/29/2007,0.02032,,,,,,,,
1/30/2007,0.02032,,,,,,,,
1/31/2007,0.02032,,,,,,,,
2/1/2007,0.04214,,,,,,,,
2/2/2007,0.04214,,,,,,,,
2/3/2007,0.04214,,,,,,,,
2/4/2007,0.04214,,,,,,,,
2/5/2007,0.04214,,,,,,,,
2/6/2007,0.04214,,,,,,,,
2/7/2007,0.04214,,,,,,,,
2/8/2007,0.04214,,,,,,,,
2/9/2007,0.04214,,,,,,,,
2/10/2007,0.04214,,,,,,,,
2/11/2007,0.04214,,,,,,,,
2/12/2007,0.04214,,,,,,,,
2/13/2007,0.04214,,,,,,,,
2/14/2007,0.04214,,,,,,,,
2/15/2007,0.04214,,,,,,,,
2/16/2007,0.04214,,,,,,,,
2/17/2007,0.04214,,,,,,,,
2/18/2007,0.04214,,,,,,,,
2/19/2007,0.04214,,,,,,,,
2/20/2007,0.04214,,,,,,,,
2/21/2007,0.04214,,,,,,,,
2/22/2007,0.04214,,,,,,,,
2/23/2007,0.04214,,,,,,,,
2/24/2007,0.04214,,,,,,,,
2/25/2007,0.04214,,,,,,,,
2/26/2007,0.04214,,,,,,,,
2/27/2007,0.04214,,,,,,,,
2/28/2007,0.04214,,,,,,,,
3/1/2007,0.07387,,,,,,,,
3/2/2007,0.07387,,,,,,,,
3/3/2007,0.07387,,,,,,,,
3/4/2007,0.07387,,,,,,,,
3/5/2007,0.07387,,,,,,,,
3/6/2007,0.07387,,,,,,,,
3/7/2007,0.07387,,,,,,,,
3/8/2007,0.07387,,,,,,,,
3/9/2007,0.07387,,,,,,,,
3/10/2007,0.07387,,,,,,,,
3/11/2007,0.07387,,,,,,,,
3/12/2007,0.07387,,,,,,,,
3/13/2007,0.07387,,,,,,,,
3/14/2007,0.07387,,,,,,,,
3/15/2007,0.07387,,,,,,,,
3/16/2007,0.07387,,,,,,,,
3/17/2007,0.07387,,,,,,,,
3/18/2007,0.07387,,,,,,,,
3/19/2007,0.07387,,,,,,,,
3/20/2007,0.07387,,,,,,,,
3/21/2007,0.07387,,,,,,,,
3/22/2007,0.07387,,,,,,,,
3/23/2007,0.07387,,,,,,,,
3/24/2007,0.07387,,,,,,,,
3/25/2007,0.07387,,,,,,,,
3/26/2007,0.07387,,,,,,,,
3/27/2007,0.07387,,,,,,,,
3/28/2007,0.07387,,,,,,,,
3/29/2007,0.07387,,,,,,,,
3/30/2007,0.07387,,,,,,,,
3/31/2007,0.07387,,,,,,,,
4/1/2007,0.11033,,,,,,,,
4/2/2007,0.11033,,,,,,,,
4/3/2007,0.11033,,,,,,,,
4/4/2007,0.11033,,,,,,,,
4/5/2007,0.11033,,,,,,,,
4/6/2007,0.11033,,,,,,,,
4/7/2007,0.11033,,,,,,,,
4/8/2007,0.11033,,,,,,,,
4/9/2007,0.11033,,,,,,,,
4/10/2007,0.11033,,,,,,,,
4/11/2007,0.11033,,,,,,,,
4/12/2007,0.11033,,,,,,,,
4/13/2007,0.11033,,,,,,,,
4/14/2007,0.11033,,,,,,,,
4/15/2007,0.11033,,,,,,,,
4/16/2007,0.11033,,,,,,,,
4/17/2007,0.11033,,,,,,,,
4/18/2007,0.11033,,,,,,,,
4/19/2007,0.11033,,,,,,,,
4/20/2007,0.11033,,,,,,,,
4/21/2007,0.11033,,,,,,,,
4/22/2007,0.11033,,,,,,,,
4/23/2007,0.11033,,,,,,,,
4/24/2007,0.11033,,,,,,,,
4/25/2007,0.11033,,,,,,,,
4/26/2007,0.11033,,,,,,,,
4/27/2007,0.11033,,,,,,,,
4/28/2007,0.11033,,,,,,,,
4/29/2007,0.11033,,,,,,,,
4/30/2007,0.11033,,,,,,,,
5/1/2007,0.16613,,,,,,,,
5/2/2007,0.16613,,,,,,,,
5/3/2007,0.16613,,,,,,,,
5/4/2007,0.16613,,,,,,,,
5/5/2007,0.16613,,,,,,,,
5/6/2007,0.16613,,,,,,,,
5/7/2007,0.16613,,,,,,,,
5/8/2007,0.16613,,,,,,,,
5/9/2007,0.16613,,,,,,,,
5/10/2007,0.16613,,,,,,,,
5/11/2007,0.16613,,,,,,,,
5/12/2007,0.16613,,,,,,,,
5/13/2007,0.16613,,,,,,,,
5/14/2007,0.16613,,,,,,,,
5/15/2007,0.16613,,,,,,,,
5/16/2007,0.16613,,,,,,,,
5/17/2007,0.16613,,,,,,,,
5/18/2007,0.16613,,,,,,,,
5/19/2007,0.16613,,,,,,,,
5/20/2007,0.16613,,,,,,,,
5/21/2007,0.16613,,,,,,,,
5/22/2007,0.16613,,,,,,,,
5/23/2007,0.16613,,,,,,,,
5/24/2007,0.16613,,,,,,,,
5/25/2007,0.16613,,,,,,,,
5/26/2007,0.16613,,,,,,,,
5/27/2007,0.16613,,,,,,,,
5/28/2007,0.16613,,,,,,,,
5/29/2007,0.16613,,,,,,,,
5/30/2007,0.16613,,,,,,,,
5/31/2007,0.16613,,,,,,,,
6/1/2007,0.20033,,,,,,,,
6/2/2007,0.20033,,,,,,,,
6/3/2007,0.20033,,,,,,,,
6/4/2007,0.20033,,,,,,,,
6/5/2007,0.20033,,,,,,,,
6/6/2007,0.20033,,,,,,,,
6/7/2007,0.20033,,,,,,,,
6/8/2007,0.20033,,,,,,,,
6/9/2007,0.20033,,,,,,,,
6/10/2007,0.20033,,,,,,,,
6/11/2007,0.20033,,,,,,,,
6/12/2007,0.20033,,,,,,,,
6/13/2007,0.20033,,,,,,,,
6/14/2007,0.20033,,,,,,,,
6/15/2007,0.20033,,,,,,,,
6/16/2007,0.20033,,,,,,,,
6/17/2007,0.20033,,,,,,,,
6/18/2007,0.20033,,,,,,,,
6/19/2007,0.20033,,,,,,,,
6/20/2007,0.20033,,,,,,,,
6/21/2007,0.20033,,,,,,,,
6/22/2007,0.20033,,,,,,,,
6/23/2007,0.20033,,,,,,,,
6/24/2007,0.20033,,,,,,,,
6/25/2007,0.20033,,,,,,,,
6/26/2007,0.20033,,,,,,,,
6/27/2007,0.20033,,,,,,,,
6/28/2007,0.20033,,,,,,,,
6/29/2007,0.20033,,,,,,,,
6/30/2007,0.20033,,,,,,,,
7/1/2007,0.23871,,,,,,,,
7/2/2007,0.23871,,,,,,,,
7/3/2007,0.23871,,,,,,,,
7/4/2007,0.23871,,,,,,,,
7/5/2007,0.23871,,,,,,,,
7/6/2007,0.23871,,,,,,,,
7/7/2007,0.23871,,,,,,,,
7/8/2007,0.23871,,,,,,,,
7/9/2007,0.23871,,,,,,,,
7/10/2007,0.23871,,,,,,,,
7/11/2007,0.23871,,,,,,,,
7/12/2007,0.23871,,,,,,,,
7/13/2007,0.23871,,,,,,,,
7/14/2007,0.23871,,,,,,,,
7/15/2007,0.23871,,,,,,,,
7/16/2007,0.23871,,,,,,,,
7/17/2007,0.23871,,,,,,,,
7/18/2007,0.23871,,,,,,,,
7/19/2007,0.23871,,,,,,,,
7/20/2007,0.23871,,,,,,,,
7/21/2007,0.23871,,,,,,,,
7/22/2007,0.23871,,,,,,,,
7/23/2007,0.23871,,,,,,,,
7/24/2007,0.23871,,,,,,,,
7/25/2007,0.23871,,,,,,,,
7/26/2007,0.23871,,,,,,,,
7/27/2007,0.23871,,,,,,,,
7/28/2007,0.23871,,,,,,,,
7/29/2007,0.23871,,,,,,,,
7/30/2007,0.23871,,,,,,,,
7/31/2007,0.23871,,,,,,,,
8/1/2007,0.21871,,,,,,,,
8/2/2007,0.21871,,,,,,,,
8/3/2007,0.21871,,,,,,,,
8/4/2007,0.21871,,,,,,,,
8/5/2007,0.21871,,,,,,,,
8/6/2007,0.21871,,,,,,,,
8/7/2007,0.21871,,,,,,,,
8/8/2007,0.21871,,,,,,,,
8/9/2007,0.21871,,,,,,,,
8/10/2007,0.21871,,,,,,,,
8/11/2007,0.21871,,,,,,,,
8/12/2007,0.21871,,,,,,,,
8/13/2007,0.21871,,,,,,,,
8/14/2007,0.21871,,,,,,,,
8/15/2007,0.21871,,,,,,,,
8/16/2007,0.21871,,,,,,,,
8/17/2007,0.21871,,,,,,,,
8/18/2007,0.21871,,,,,,,,
8/19/2007,0.21871,,,,,,,,
8/20/2007,0.21871,,,,,,,,
8/21/2007,0.21871,,,,,,,,
8/22/2007,0.21871,,,,,,,,
8/23/2007,0.21871,,,,,,,,
8/24/2007,0.21871,,,,,,,,
8/25/2007,0.21871,,,,,,,,
8/26/2007,0.21871,,,,,,,,
8/27/2007,0.21871,,,,,,,,
8/28/2007,0.21871,,,,,,,,
8/29/2007,0.21871,,,,,,,,
8/30/2007,0.21871,,,,,,,,
8/31/2007,0.21871,,,,,,,,
9/1/2007,0.156,,,,,,,,
9/2/2007,0.156,,,,,,,,
9/3/2007,0.156,,,,,,,,
9/4/2007,0.156,,,,,,,,
9/5/2007,0.156,,,,,,,,
9/6/2007,0.156,,,,,,,,
9/7/2007,0.156,,,,,,,,
9/8/2007,0.156,,,,,,,,
9/9/2007,0.156,,,,,,,,
9/10/2007,0.156,,,,,,,,
9/11/2007,0.156,,,,,,,,
9/12/2007,0.156,,,,,,,,
9/13/2007,0.156,,,,,,,,
9/14/2007,0.156,,,,,,,,
9/15/2007,0.156,,,,,,,,
9/16/2007,0.156,,,,,,,,
9/17/2007,0.156,,,,,,,,
9/18/2007,0.156,,,,,,,,
9/19/2007,0.156,,,,,,,,
9/20/2007,0.156,,,,,,,,
9/21/2007,0.156,,,,,,,,
9/22/2007,0.156,,,,,,,,
9/23/2007,0.156,,,,,,,,
9/24/2007,0.156,,,,,,,,
9/25/2007,0.156,,,,,,,,
9/26/2007,0.156,,,,,,,,
9/27/2007,0.156,,,,,,,,
9/28/2007,0.156,,,,,,,,
9/29/2007,0.156,,,,,,,,
9/30/2007,0.156,,,,,,,,
10/1/2007,0.0771,,,,,,,,
10/2/2007,0.0771,,,,,,,,
10/3/2007,0.0771,,,,,,,,
10/4/2007,0.0771,,,,,,,,
10/5/2007,0.0771,,,,,,,,
10/6/2007,0.0771,,,,,,,,
10/7/2007,0.0771,,,,,,,,
10/8/2007,0.0771,,,,,,,,
10/9/2007,0.0771,,,,,,,,
10/10/2007,0.0771,,,,,,,,
10/11/2007,0.0771,,,,,,,,
10/12/2007,0.0771,,,,,,,,
10/13/2007,0.0771,,,,,,,,
10/14/2007,0.0771,,,,,,,,
10/15/2007,0.0771,,,,,,,,
10/16/2007,0.0771,,,,,,,,
10/17/2007,0.0771,,,,,,,,
10/18/2007,0.0771,,,,,,,,
10/19/2007,0.0771,,,,,,,,
10/20/2007,0.0771,,,,,,,,
10/21/2007,0.0771,,,,,,,,
10/22/2007,0.0771,,,,,,,,
10/23/2007,0.0771,,,,,,,,
10/24/2007,0.0771,,,,,,,,
10/25/2007,0.0771,,,,,,,,
10/26/2007,0.0771,,,,,,,,
10/27/2007,0.0771,,,,,,,,
10/28/2007,0.0771,,,,,,,,
10/29/2007,0.0771,,,,,,,,
10/30/2007,0.0771,,,,,,,,
10/31/2007,0.0771,,,,,,,,
11/1/2007,0.035,,,,,,,,
11/2/2007,0.035,,,,,,,,
11/3/2007,0.035,,,,,,,,
11/4/2007,0.035,,,,,,,,
11/5/2007,0.035,,,,,,,,
11/6/2007,0.035,,,,,,,,
11/7/2007,0.035,,,,,,,,
11/8/2007,0.035,,,,,,,,
11/9/2007,0.035,,,,,,,,
11/10/2007,0.035,,,,,,,,
11/11/2007,0.035,,,,,,,,
11/12/2007,0.035,,,,,,,,
11/13/2007,0.035,,,,,,,,
11/14/2007,0.035,,,,,,,,
11/15/2007,0.035,,,,,,,,
11/16/2007,0.035,,,,,,,,
11/17/2007,0.035,,,,,,,,
11/18/2007,0.035,,,,,,,,
11/19/2007,0.035,,,,,,,,
11/20/2007,0.035,,,,,,,,
11/21/2007,0.035,,,,,,,,
11/22/2007,0.035,,,,,,,,
11/23/2007,0.035,,,,,,,,
11/24/2007,0.035,,,,,,,,
11/25/2007,0.035,,,,,,,,
11/26/2007,0.035,,,,,,,,
11/27/2007,0.035,,,,,,,,
11/28/2007,0.035,,,,,,,,
11/29/2007,0.035,,,,,,,,
11/30/2007,0.035,,,,,,,,
12/1/2007,0.01839,,,,,,,,
12/2/2007,0.01839,,,,,,,,
12/3/2007,0.01839,,,,,,,,
12/4/2007,0.01839,,,,,,,,
12/5/2007,0.01839,,,,,,,,
12/6/2007,0.01839,,,,,,,,
12/7/2007,0.01839,,,,,,,,
12/8/2007,0.01839,,,,,,,,
12/9/2007,0.01839,,,,,,,,
12/10/2007,0.01839,,,,,,,,
12/11/2007,0.01839,,,,,,,,
12/12/2007,0.01839,,,,,,,,
12/13/2007,0.01839,,,,,,,,
12/14/2007,0.01839,,,,,,,,
12/15/2007,0.01839,,,,,,,,
12/16/2007,0.01839,,,,,,,,
12/17/2007,0.01839,,,,,,,,
12/18/2007,0.01839,,,,,,,,
12/19/2007,0.01839,,,,,,,,
12/20/2007,0.01839,,,,,,,,
12/21/2007,0.01839,,,,,,,,
12/22/2007,0.01839,,,,,,,,
12/23/2007,0.01839,,,,,,,,
12/24/2007,0.01839,,,,,,,,
12/25/2007,0.01839,,,,,,,,
12/26/2007,0.01839,,,,,,,,
12/27/2007,0.01839,,,,,,,,
12/28/2007,0.01839,,,,,,,,
12/29/2007,0.01839,,,,,,,,
12/30/2007,0.01839,,,,,,,,
12/31/2007,0.01839,,,,,,,,
1/1/2008,0.02032,,,,,,,,
1/2/2008,0.02032,,,,,,,,
1/3/2008,0.02032,,,,,,,,
1/4/2008,0.02032,,,,,,,,
1/5/2008,0.02032,,,,,,,,
1/6/2008,0.02032,,,,,,,,
1/7/2008,0.02032,,,,,,,,
1/8/2008,0.02032,,,,,,,,
1/9/2008,0.02032,,,,,,,,
1/10/2008,0.02032,,,,,,,,
1/11/2008,0.02032,,,,,,,,
1/12/2008,0.02032,,,,,,,,
1/13/2008,0.02032,,,,,,,,
1/14/2008,0.02032,,,,,,,,
1/15/2008,0.02032,,,,,,,,
1/16/2008,0.02032,,,,,,,,
1/17/2008,0.02032,,,,,,,,
1/18/2008,0.02032,,,,,,,,
1/19/2008,0.02032,,,,,,,,
1/20/2008,0.02032,,,,,,,,
1/21/2008,0.02032,,,,,,,,
1/22/2008,0.02032,,,,,,,,
1/23/2008,0.02032,,,,,,,,
1/24/2008,0.02032,,,,,,,,
1/25/2008,0.02032,,,,,,,,
1/26/2008,0.02032,,,,,,,,
1/27/2008,0.02032,,,,,,,,
1/28/2008,0.02032,,,,,,,,
1/29/2008,0.02032,,,,,,,,
1/30/2008,0.02032,,,,,,,,
1/31/2008,0.02032,,,,,,,,
2/1/2008,0.04214,,,,,,,,
2/2/2008,0.04214,,,,,,,,
2/3/2008,0.04214,,,,,,,,
2/4/2008,0.04214,,,,,,,,
2/5/2008,0.04214,,,,,,,,
2/6/2008,0.04214,,,,,,,,
2/7/2008,0.04214,,,,,,,,
2/8/2008,0.04214,,,,,,,,
2/9/2008,0.04214,,,,,,,,
2/10/2008,0.04214,,,,,,,,
2/11/2008,0.04214,,,,,,,,
2/12/2008,0.04214,,,,,,,,
2/13/2008,0.04214,,,,,,,,
2/14/2008,0.04214,,,,,,,,
2/15/2008,0.04214,,,,,,,,
2/16/2008,0.04214,,,,,,,,
2/17/2008,0.04214,,,,,,,,
2/18/2008,0.04214,,,,,,,,
2/19/2008,0.04214,,,,,,,,
2/20/2008,0.04214,,,,,,,,
2/21/2008,0.04214,,,,,,,,
2/22/2008,0.04214,,,,,,,,
2/23/2008,0.04214,,,,,,,,
2/24/2008,0.04214,,,,,,,,
2/25/2008,0.04214,,,,,,,,
2/26/2008,0.04214,,,,,,,,
2/27/2008,0.04214,,,,,,,,
2/28/2008,0.04214,,,,,,,,
2/29/2008,0.04214,,,,,,,,
3/1/2008,0.07387,,,,,,,,
3/2/2008,0.07387,,,,,,,,
3/3/2008,0.07387,,,,,,,,
3/4/2008,0.07387,,,,,,,,
3/5/2008,0.07387,,,,,,,,
3/6/2008,0.07387,,,,,,,,
3/7/2008,0.07387,,,,,,,,
3/8/2008,0.07387,,,,,,,,
3/9/2008,0.07387,,,,,,,,
3/10/2008,0.07387,,,,,,,,
3/11/2008,0.07387,,,,,,,,
3/12/2008,0.07387,,,,,,,,
3/13/2008,0.07387,,,,,,,,
3/14/2008,0.07387,,,,,,,,
3/15/2008,0.07387,,,,,,,,
3/16/2008,0.07387,,,,,,,,
3/17/2008,0.07387,,,,,,,,
3/18/2008,0.07387,,,,,,,,
3/19/2008,0.07387,,,,,,,,
3/20/2008,0.07387,,,,,,,,
3/21/2008,0.07387,,,,,,,,
3/22/2008,0.07387,,,,,,,,
3/23/2008,0.07387,,,,,,,,
3/24/2008,0.07387,,,,,,,,
3/25/2008,0.07387,,,,,,,,
3/26/2008,0.07387,,,,,,,,
3/27/2008,0.07387,,,,,,,,
3/28/2008,0.07387,,,,,,,,
3/29/2008,0.07387,,,,,,,,
3/30/2008,0.07387,,,,,,,,
3/31/2008,0.07387,,,,,,,,
4/1/2008,0.11033,,,,,,,,
4/2/2008,0.11033,,,,,,,,
4/3/2008,0.11033,,,,,,,,
4/4/2008,0.11033,,,,,,,,
4/5/2008,0.11033,,,,,,,,
4/6/2008,0.11033,,,,,,,,
4/7/2008,0.11033,,,,,,,,
4/8/2008,0.11033,,,,,,,,
4/9/2008,0.11033,,,,,,,,
4/10/2008,0.11033,,,,,,,,
4/11/2008,0.11033,,,,,,,,
4/12/2008,0.11033,,,,,,,,
4/13/2008,0.11033,,,,,,,,
4/14/2008,0.11033,,,,,,,,
4/15/2008,0.11033,,,,,,,,
4/16/2008,0.11033,,,,,,,,
4/17/2008,0.11033,,,,,,,,
4/18/2008,0.11033,,,,,,,,
4/19/2008,0.11033,,,,,,,,
4/20/2008,0.11033,,,,,,,,
4/21/2008,0.11033,,,,,,,,
4/22/2008,0.11033,,,,,,,,
4/23/2008,0.11033,,,,,,,,
4/24/2008,0.11033,,,,,,,,
4/25/2008,0.11033,,,,,,,,
4/26/2008,0.11033,,,,,,,,
4/27/2008,0.11033,,,,,,,,
4/28/2008,0.11033,,,,,,,,
4/29/2008,0.11033,,,,,,,,
4/30/2008,0.11033,,,,,,,,
5/1/2008,0.16613,,,,,,,,
5/2/2008,0.16613,,,,,,,,
5/3/2008,0.16613,,,,,,,,
5/4/2008,0.16613,,,,,,,,
5/5/2008,0.16613,,,,,,,,
5/6/2008,0.16613,,,,,,,,
5/7/2008,0.16613,,,,,,,,
5/8/2008,0.16613,,,,,,,,
5/9/2008,0.16613,,,,,,,,
5/10/2008,0.16613,,,,,,,,
5/11/2008,0.16613,,,,,,,,
5/12/2008,0.16613,,,,,,,,
5/13/2008,0.16613,,,,,,,,
5/14/2008,0.16613,,,,,,,,
5/15/2008,0.16613,,,,,,,,
5/16/2008,0.16613,,,,,,,,
5/17/2008,0.16613,,,,,,,,
5/18/2008,0.16613,,,,,,,,
5/19/2008,0.16613,,,,,,,,
5/20/2008,0.16613,,,,,,,,
5/21/2008,0.16613,,,,,,,,
5/22/2008,0.16613,,,,,,,,
5/23/2008,0.16613,,,,,,,,
5/24/2008,0.16613,,,,,,,,
5/25/2008,0.16613,,,,,,,,
5/26/2008,0.16613,,,,,,,,
5/27/2008,0.16613,,,,,,,,
5/28/2008,0.16613,,,,,,,,
5/29/2008,0.16613,,,,,,,,
5/30/2008,0.16613,,,,,,,,
5/31/2008,0.16613,,,,,,,,
6/1/2008,0.20033,,,,,,,,
6/2/2008,0.20033,,,,,,,,
6/3/2008,0.20033,,,,,,,,
6/4/2008,0.20033,,,,,,,,
6/5/2008,0.20033,,,,,,,,
6/6/2008,0.20033,,,,,,,,
6/7/2008,0.20033,,,,,,,,
6/8/2008,0.20033,,,,,,,,
6/9/2008,0.20033,,,,,,,,
6/10/2008,0.20033,,,,,,,,
6/11/2008,0.20033,,,,,,,,
6/12/2008,0.20033,,,,,,,,
6/13/2008,0.20033,,,,,,,,
6/14/2008,0.20033,,,,,,,,
6/15/2008,0.20033,,,,,,,,
6/16/2008,0.20033,,,,,,,,
6/17/2008,0.20033,,,,,,,,
6/18/2008,0.20033,,,,,,,,
6/19/2008,0.20033,,,,,,,,
6/20/2008,0.20033,,,,,,,,
6/21/2008,0.20033,,,,,,,,
6/22/2008,0.20033,,,,,,,,
6/23/2008,0.20033,,,,,,,,
6/24/2008,0.20033,,,,,,,,
6/25/2008,0.20033,,,,,,,,
6/26/2008,0.20033,,,,,,,,
6/27/2008,0.20033,,,,,,,,
6/28/2008,0.20033,,,,,,,,
6/29/2008,0.20033,,,,,,,,
6/30/2008,0.20033,,,,,,,,
7/1/2008,0.23871,,,,,,,,
7/2/2008,0.23871,,,,,,,,
7/3/2008,0.23871,,,,,,,,
7/4/2008,0.23871,,,,,,,,
7/5/2008,0.23871,,,,,,,,
7/6/2008,0.23871,,,,,,,,
7/7/2008,0.23871,,,,,,,,
7/8/2008,0.23871,,,,,,,,
7/9/2008,0.23871,,,,,,,,
7/10/2008,0.23871,,,,,,,,
7/11/2008,0.23871,,,,,,,,
7/12/2008,0.23871,,,,,,,,
7/13/2008,0.23871,,,,,,,,
7/14/2008,0.23871,,,,,,,,
7/15/2008,0.23871,,,,,,,,
7/16/2008,0.23871,,,,,,,,
7/17/2008,0.23871,,,,,,,,
7/18/2008,0.23871,,,,,,,,
7/19/2008,0.23871,,,,,,,,
7/20/2008,0.23871,,,,,,,,
7/21/2008,0.23871,,,,,,,,
7/22/2008,0.23871,,,,,,,,
7/23/2008,0.23871,,,,,,,,
7/24/2008,0.23871,,,,,,,,
7/25/2008,0.23871,,,,,,,,
7/26/2008,0.23871,,,,,,,,
7/27/2008,0.23871,,,,,,,,
7/28/2008,0.23871,,,,,,,,
7/29/2008,0.23871,,,,,,,,
7/30/2008,0.23871,,,,,,,,
7/31/2008,0.23871,,,,,,,,
8/1/2008,0.21871,,,,,,,,
8/2/2008,0.21871,,,,,,,,
8/3/2008,0.21871,,,,,,,,
8/4/2008,0.21871,,,,,,,,
8/5/2008,0.21871,,,,,,,,
8/6/2008,0.21871,,,,,,,,
8/7/2008,0.21871,,,,,,,,
8/8/2008,0.21871,,,,,,,,
8/9/2008,0.21871,,,,,,,,
8/10/2008,0.21871,,,,,,,,
8/11/2008,0.21871,,,,,,,,
8/12/2008,0.21871,,,,,,,,
8/13/2008,0.21871,,,,,,,,
8/14/2008,0.21871,,,,,,,,
8/15/2008,0.21871,,,,,,,,
8/16/2008,0.21871,,,,,,,,
8/17/2008,0.21871,,,,,,,,
8/18/2008,0.21871,,,,,,,,
8/19/2008,0.21871,,,,,,,,
8/20/2008,0.21871,,,,,,,,
8/21/2008,0.21871,,,,,,,,
8/22/2008,0.21871,,,,,,,,
8/23/2008,0.21871,,,,,,,,
8/24/2008,0.21871,,,,,,,,
8/25/2008,0.21871,,,,,,,,
8/26/2008,0.21871,,,,,,,,
8/27/2008,0.21871,,,,,,,,
8/28/2008,0.21871,,,,,,,,
8/29/2008,0.21871,,,,,,,,
8/30/2008,0.21871,,,,,,,,
8/31/2008,0.21871,,,,,,,,
9/1/2008,0.156,,,,,,,,
9/2/2008,0.156,,,,,,,,
9/3/2008,0.156,,,,,,,,
9/4/2008,0.156,,,,,,,,
9/5/2008,0.156,,,,,,,,
9/6/2008,0.156,,,,,,,,
9/7/2008,0.156,,,,,,,,
9/8/2008,0.156,,,,,,,,
9/9/2008,0.156,,,,,,,,
9/10/2008,0.156,,,,,,,,
9/11/2008,0.156,,,,,,,,
9/12/2008,0.156,,,,,,,,
9/13/2008,0.156,,,,,,,,
9/14/2008,0.156,,,,,,,,
9/15/2008,0.156,,,,,,,,
9/16/2008,0.156,,,,,,,,
9/17/2008,0.156,,,,,,,,
9/18/2008,0.156,,,,,,,,
9/19/2008,0.156,,,,,,,,
9/20/2008,0.156,,,,,,,,
9/21/2008,0.156,,,,,,,,
9/22/2008,0.156,,,,,,,,
9/23/2008,0.156,,,,,,,,
9/24/2008,0.156,,,,,,,,
9/25/2008,0.156,,,,,,,,
9/26/2008,0.156,,,,,,,,
9/27/2008,0.156,,,,,,,,
9/28/2008,0.156,,,,,,,,
9/29/2008,0.156,,,,,,,,
9/30/2008,0.156,,,,,,,,
10/1/2008,0.0771,,,,,,,,
10/2/2008,0.0771,,,,,,,,
10/3/2008,0.0771,,,,,,,,
10/4/2008,0.0771,,,,,,,,
10/5/2008,0.0771,,,,,,,,
10/6/2008,0.0771,,,,,,,,
10/7/2008,0.0771,,,,,,,,
10/8/2008,0.0771,,,,,,,,
10/9/2008,0.0771,,,,,,,,
10/10/2008,0.0771,,,,,,,,
10/11/2008,0.0771,,,,,,,,
10/12/2008,0.0771,,,,,,,,
10/13/2008,0.0771,,,,,,,,
10/14/2008,0.0771,,,,,,,,
10/15/2008,0.0771,,,,,,,,
10/16/2008,0.0771,,,,,,,,
10/17/2008,0.0771,,,,,,,,
10/18/2008,0.0771,,,,,,,,
10/19/2008,0.0771,,,,,,,,
10/20/2008,0.0771,,,,,,,,
10/21/2008,0.0771,,,,,,,,
10/22/2008,0.0771,,,,,,,,
10/23/2008,0.0771,,,,,,,,
10/24/2008,0.0771,,,,,,,,
10/25/2008,0.0771,,,,,,,,
10/26/2008,0.0771,,,,,,,,
10/27/2008,0.0771,,,,,,,,
10/28/2008,0.0771,,,,,,,,
10/29/2008,0.0771,,,,,,,,
10/30/2008,0.0771,,,,,,,,
10/31/2008,0.0771,,,,,,,,
11/1/2008,0.035,,,,,,,,
11/2/2008,0.035,,,,,,,,
11/3/2008,0.035,,,,,,,,
11/4/2008,0.035,,,,,,,,
11/5/2008,0.035,,,,,,,,
11/6/2008,0.035,,,,,,,,
11/7/2008,0.035,,,,,,,,
11/8/2008,0.035,,,,,,,,
11/9/2008,0.035,,,,,,,,
11/10/2008,0.035,,,,,,,,
11/11/2008,0.035,,,,,,,,
11/12/2008,0.035,,,,,,,,
11/13/2008,0.035,,,,,,,,
11/14/2008,0.035,,,,,,,,
11/15/2008,0.035,,,,,,,,
11/16/2008,0.035,,,,,,,,
11/17/2008,0.035,,,,,,,,
11/18/2008,0.035,,,,,,,,
11/19/2008,0.035,,,,,,,,
11/20/2008,0.035,,,,,,,,
11/21/2008,0.035,,,,,,,,
11/22/2008,0.035,,,,,,,,
11/23/2008,0.035,,,,,,,,
11/24/2008,0.035,,,,,,,,
11/25/2008,0.035,,,,,,,,
11/26/2008,0.035,,,,,,,,
11/27/2008,0.035,,,,,,,,
11/28/2008,0.035,,,,,,,,
11/29/2008,0.035,,,,,,,,
11/30/2008,0.035,,,,,,,,
12/1/2008,0.01839,,,,,,,,
12/2/2008,0.01839,,,,,,,,
12/3/2008,0.01839,,,,,,,,
12/4/2008,0.01839,,,,,,,,
12/5/2008,0.01839,,,,,,,,
12/6/2008,0.01839,,,,,,,,
12/7/2008,0.01839,,,,,,,,
12/8/2008,0.01839,,,,,,,,
12/9/2008,0.01839,,,,,,,,
12/10/2008,0.01839,,,,,,,,
12/11/2008,0.01839,,,,,,,,
12/12/2008,0.01839,,,,,,,,
12/13/2008,0.01839,,,,,,,,
12/14/2008,0.01839,,,,,,,,
12/15/2008,0.01839,,,,,,,,
12/16/2008,0.01839,,,,,,,,
12/17/2008,0.01839,,,,,,,,
12/18/2008,0.01839,,,,,,,,
12/19/2008,0.01839,,,,,,,,
12/20/2008,0.01839,,,,,,,,
12/21/2008,0.01839,,,,,,,,
12/22/2008,0.01839,,,,,,,,
12/23/2008,0.01839,,,,,,,,
12/24/2008,0.01839,,,,,,,,
12/25/2008,0.01839,,,,,,,,
12/26/2008,0.01839,,,,,,,,
12/27/2008,0.01839,,,,,,,,
12/28/2008,0.01839,,,,,,,,
12/29/2008,0.01839,,,,,,,,
12/30/2008,0.01839,,,,,,,,
12/31/2008,0.01839,,,,,,,,
1/1/2009,0.02032,,,,,,,,
1/2/2009,0.02032,,,,,,,,
1/3/2009,0.02032,,,,,,,,
1/4/2009,0.02032,,,,,,,,
1/5/2009,0.02032,,,,,,,,
1/6/2009,0.02032,,,,,,,,
1/7/2009,0.02032,,,,,,,,
1/8/2009,0.02032,,,,,,,,
1/9/2009,0.02032,,,,,,,,
1/10/2009,0.02032,,,,,,,,
1/11/2009,0.02032,,,,,,,,
1/12/2009,0.02032,,,,,,,,
1/13/2009,0.02032,,,,,,,,
1/14/2009,0.02032,,,,,,,,
1/15/2009,0.02032,,,,,,,,
1/16/2009,0.02032,,,,,,,,
1/17/2009,0.02032,,,,,,,,
1/18/2009,0.02032,,,,,,,,
1/19/2009,0.02032,,,,,,,,
1/20/2009,0.02032,,,,,,,,
1/21/2009,0.02032,,,,,,,,
1/22/2009,0.02032,,,,,,,,
1/23/2009,0.02032,,,,,,,,
1/24/2009,0.02032,,,,,,,,
1/25/2009,0.02032,,,,,,,,
1/26/2009,0.02032,,,,,,,,
1/27/2009,0.02032,,,,,,,,
1/28/2009,0.02032,,,,,,,,
1/29/2009,0.02032,,,,,,,,
1/30/2009,0.02032,,,,,,,,
1/31/2009,0.02032,,,,,,,,
2/1/2009,0.04214,,,,,,,,
2/2/2009,0.04214,,,,,,,,
2/3/2009,0.04214,,,,,,,,
2/4/2009,0.04214,,,,,,,,
2/5/2009,0.04214,,,,,,,,
2/6/2009,0.04214,,,,,,,,
2/7/2009,0.04214,,,,,,,,
2/8/2009,0.04214,,,,,,,,
2/9/2009,0.04214,,,,,,,,
2/10/2009,0.04214,,,,,,,,
2/11/2009,0.04214,,,,,,,,
2/12/2009,0.04214,,,,,,,,
2/13/2009,0.04214,,,,,,,,
2/14/2009,0.04214,,,,,,,,
2/15/2009,0.04214,,,,,,,,
2/16/2009,0.04214,,,,,,,,
2/17/2009,0.04214,,,,,,,,
2/18/2009,0.04214,,,,,,,,
2/19/2009,0.04214,,,,,,,,
2/20/2009,0.04214,,,,,,,,
2/21/2009,0.04214,,,,,,,,
2/22/2009,0.04214,,,,,,,,
2/23/2009,0.04214,,,,,,,,
2/24/2009,0.04214,,,,,,,,
2/25/2009,0.04214,,,,,,,,
2/26/2009,0.04214,,,,,,,,
2/27/2009,0.04214,,,,,,,,
2/28/2009,0.04214,,,,,,,,
3/1/2009,0.07387,,,,,,,,
3/2/2009,0.07387,,,,,,,,
3/3/2009,0.07387,,,,,,,,
3/4/2009,0.07387,,,,,,,,
3/5/2009,0.07387,,,,,,,,
3/6/2009,0.07387,,,,,,,,
3/7/2009,0.07387,,,,,,,,
3/8/2009,0.07387,,,,,,,,
3/9/2009,0.07387,,,,,,,,
3/10/2009,0.07387,,,,,,,,
3/11/2009,0.07387,,,,,,,,
3/12/2009,0.07387,,,,,,,,
3/13/2009,0.07387,,,,,,,,
3/14/2009,0.07387,,,,,,,,
3/15/2009,0.07387,,,,,,,,
3/16/2009,0.07387,,,,,,,,
3/17/2009,0.07387,,,,,,,,
3/18/2009,0.07387,,,,,,,,
3/19/2009,0.07387,,,,,,,,
3/20/2009,0.07387,,,,,,,,
3/21/2009,0.07387,,,,,,,,
3/22/2009,0.07387,,,,,,,,
3/23/2009,0.07387,,,,,,,,
3/24/2009,0.07387,,,,,,,,
3/25/2009,0.07387,,,,,,,,
3/26/2009,0.07387,,,,,,,,
3/27/2009,0.07387,,,,,,,,
3/28/2009,0.07387,,,,,,,,
3/29/2009,0.07387,,,,,,,,
3/30/2009,0.07387,,,,,,,,
3/31/2009,0.07387,,,,,,,,
4/1/2009,0.11033,,,,,,,,
4/2/2009,0.11033,,,,,,,,
4/3/2009,0.11033,,,,,,,,
4/4/2009,0.11033,,,,,,,,
4/5/2009,0.11033,,,,,,,,
4/6/2009,0.11033,,,,,,,,
4/7/2009,0.11033,,,,,,,,
4/8/2009,0.11033,,,,,,,,
4/9/2009,0.11033,,,,,,,,
4/10/2009,0.11033,,,,,,,,
4/11/2009,0.11033,,,,,,,,
4/12/2009,0.11033,,,,,,,,
4/13/2009,0.11033,,,,,,,,
4/14/2009,0.11033,,,,,,,,
4/15/2009,0.11033,,,,,,,,
4/16/2009,0.11033,,,,,,,,
4/17/2009,0.11033,,,,,,,,
4/18/2009,0.11033,,,,,,,,
4/19/2009,0.11033,,,,,,,,
4/20/2009,0.11033,,,,,,,,
4/21/2009,0.11033,,,,,,,,
4/22/2009,0.11033,,,,,,,,
4/23/2009,0.11033,,,,,,,,
4/24/2009,0.11033,,,,,,,,
4/25/2009,0.11033,,,,,,,,
4/26/2009,0.11033,,,,,,,,
4/27/2009,0.11033,,,,,,,,
4/28/2009,0.11033,,,,,,,,
4/29/2009,0.11033,,,,,,,,
4/30/2009,0.11033,,,,,,,,
5/1/2009,0.16613,,,,,,,,
5/2/2009,0.16613,,,,,,,,
5/3/2009,0.16613,,,,,,,,
5/4/2009,0.16613,,,,,,,,
5/5/2009,0.16613,,,,,,,,
5/6/2009,0.16613,,,,,,,,
5/7/2009,0.16613,,,,,,,,
5/8/2009,0.16613,,,,,,,,
5/9/2009,0.16613,,,,,,,,
5/10/2009,0.16613,,,,,,,,
5/11/2009,0.16613,,,,,,,,
5/12/2009,0.16613,,,,,,,,
5/13/2009,0.16613,,,,,,,,
5/14/2009,0.16613,,,,,,,,
5/15/2009,0.16613,,,,,,,,
5/16/2009,0.16613,,,,,,,,
5/17/2009,0.16613,,,,,,,,
5/18/2009,0.16613,,,,,,,,
5/19/2009,0.16613,,,,,,,,
5/20/2009,0.16613,,,,,,,,
5/21/2009,0.16613,,,,,,,,
5/22/2009,0.16613,,,,,,,,
5/23/2009,0.16613,,,,,,,,
5/24/2009,0.16613,,,,,,,,
5/25/2009,0.16613,,,,,,,,
5/26/2009,0.16613,,,,,,,,
5/27/2009,0.16613,,,,,,,,
5/28/2009,0.16613,,,,,,,,
5/29/2009,0.16613,,,,,,,,
5/30/2009,0.16613,,,,,,,,
5/31/2009,0.16613,,,,,,,,
6/1/2009,0.20033,,,,,,,,
6/2/2009,0.20033,,,,,,,,
6/3/2009,0.20033,,,,,,,,
6/4/2009,0.20033,,,,,,,,
6/5/2009,0.20033,,,,,,,,
6/6/2009,0.20033,,,,,,,,
6/7/2009,0.20033,,,,,,,,
6/8/2009,0.20033,,,,,,,,
6/9/2009,0.20033,,,,,,,,
6/10/2009,0.20033,,,,,,,,
6/11/2009,0.20033,,,,,,,,
6/12/2009,0.20033,,,,,,,,
6/13/2009,0.20033,,,,,,,,
6/14/2009,0.20033,,,,,,,,
6/15/2009,0.20033,,,,,,,,
6/16/2009,0.20033,,,,,,,,
6/17/2009,0.20033,,,,,,,,
6/18/2009,0.20033,,,,,,,,
6/19/2009,0.20033,,,,,,,,
6/20/2009,0.20033,,,,,,,,
6/21/2009,0.20033,,,,,,,,
6/22/2009,0.20033,,,,,,,,
6/23/2009,0.20033,,,,,,,,
6/24/2009,0.20033,,,,,,,,
6/25/2009,0.20033,,,,,,,,
6/26/2009,0.20033,,,,,,,,
6/27/2009,0.20033,,,,,,,,
6/28/2009,0.20033,,,,,,,,
6/29/2009,0.20033,,,,,,,,
6/30/2009,0.20033,,,,,,,,
7/1/2009,0.23871,,,,,,,,
7/2/2009,0.23871,,,,,,,,
7/3/2009,0.23871,,,,,,,,
7/4/2009,0.23871,,,,,,,,
7/5/2009,0.23871,,,,,,,,
7/6/2009,0.23871,,,,,,,,
7/7/2009,0.23871,,,,,,,,
7/8/2009,0.23871,,,,,,,,
7/9/2009,0.23871,,,,,,,,
7/10/2009,0.23871,,,,,,,,
7/11/2009,0.23871,,,,,,,,
7/12/2009,0.23871,,,,,,,,
7/13/2009,0.23871,,,,,,,,
7/14/2009,0.23871,,,,,,,,
7/15/2009,0.23871,,,,,,,,
7/16/2009,0.23871,,,,,,,,
7/17/2009,0.23871,,,,,,,,
7/18/2009,0.23871,,,,,,,,
7/19/2009,0.23871,,,,,,,,
7/20/2009,0.23871,,,,,,,,
7/21/2009,0.23871,,,,,,,,
7/22/2009,0.23871,,,,,,,,
7/23/2009,0.23871,,,,,,,,
7/24/2009,0.23871,,,,,,,,
7/25/2009,0.23871,,,,,,,,
7/26/2009,0.23871,,,,,,,,
7/27/2009,0.23871,,,,,,,,
7/28/2009,0.23871,,,,,,,,
7/29/2009,0.23871,,,,,,,,
7/30/2009,0.23871,,,,,,,,
7/31/2009,0.23871,,,,,,,,
8/1/2009,0.21871,,,,,,,,
8/2/2009,0.21871,,,,,,,,
8/3/2009,0.21871,,,,,,,,
8/4/2009,0.21871,,,,,,,,
8/5/2009,0.21871,,,,,,,,
8/6/2009,0.21871,,,,,,,,
8/7/2009,0.21871,,,,,,,,
8/8/2009,0.21871,,,,,,,,
8/9/2009,0.21871,,,,,,,,
8/10/2009,0.21871,,,,,,,,
8/11/2009,0.21871,,,,,,,,
8/12/2009,0.21871,,,,,,,,
8/13/2009,0.21871,,,,,,,,
8/14/2009,0.21871,,,,,,,,
8/15/2009,0.21871,,,,,,,,
8/16/2009,0.21871,,,,,,,,
8/17/2009,0.21871,,,,,,,,
8/18/2009,0.21871,,,,,,,,
8/19/2009,0.21871,,,,,,,,
8/20/2009,0.21871,,,,,,,,
8/21/2009,0.21871,,,,,,,,
8/22/2009,0.21871,,,,,,,,
8/23/2009,0.21871,,,,,,,,
8/24/2009,0.21871,,,,,,,,
8/25/2009,0.21871,,,,,,,,
8/26/2009,0.21871,,,,,,,,
8/27/2009,0.21871,,,,,,,,
8/28/2009,0.21871,,,,,,,,
8/29/2009,0.21871,,,,,,,,
8/30/2009,0.21871,,,,,,,,
8/31/2009,0.21871,,,,,,,,
9/1/2009,0.156,,,,,,,,
9/2/2009,0.156,,,,,,,,
9/3/2009,0.156,,,,,,,,
9/4/2009,0.156,,,,,,,,
9/5/2009,0.156,,,,,,,,
9/6/2009,0.156,,,,,,,,
9/7/2009,0.156,,,,,,,,
9/8/2009,0.156,,,,,,,,
9/9/2009,0.156,,,,,,,,
9/10/2009,0.156,,,,,,,,
9/11/2009,0.156,,,,,,,,
9/12/2009,0.156,,,,,,,,
9/13/2009,0.156,,,,,,,,
9/14/2009,0.156,,,,,,,,
9/15/2009,0.156,,,,,,,,
9/16/2009,0.156,,,,,,,,
9/17/2009,0.156,,,,,,,,
9/18/2009,0.156,,,,,,,,
9/19/2009,0.156,,,,,,,,
9/20/2009,0.156,,,,,,,,
9/21/2009,0.156,,,,,,,,
9/22/2009,0.156,,,,,,,,
9/23/2009,0.156,,,,,,,,
9/24/2009,0.156,,,,,,,,
9/25/2009,0.156,,,,,,,,
9/26/2009,0.156,,,,,,,,
9/27/2009,0.156,,,,,,,,
9/28/2009,0.156,,,,,,,,
9/29/2009,0.156,,,,,,,,
9/30/2009,0.156,,,,,,,,
10/1/2009,0.0771,,,,,,,,
10/2/2009,0.0771,,,,,,,,
10/3/2009,0.0771,,,,,,,,
10/4/2009,0.0771,,,,,,,,
10/5/2009,0.0771,,,,,,,,
10/6/2009,0.0771,,,,,,,,
10/7/2009,0.0771,,,,,,,,
10/8/2009,0.0771,,,,,,,,
10/9/2009,0.0771,,,,,,,,
10/10/2009,0.0771,,,,,,,,
10/11/2009,0.0771,,,,,,,,
10/12/2009,0.0771,,,,,,,,
10/13/2009,0.0771,,,,,,,,
10/14/2009,0.0771,,,,,,,,
10/15/2009,0.0771,,,,,,,,
10/16/2009,0.0771,,,,,,,,
10/17/2009,0.0771,,,,,,,,
10/18/2009,0.0771,,,,,,,,
10/19/2009,0.0771,,,,,,,,
10/20/2009,0.0771,,,,,,,,
10/21/2009,0.0771,,,,,,,,
10/22/2009,0.0771,,,,,,,,
10/23/2009,0.0771,,,,,,,,
10/24/2009,0.0771,,,,,,,,
10/25/2009,0.0771,,,,,,,,
10/26/2009,0.0771,,,,,,,,
10/27/2009,0.0771,,,,,,,,
10/28/2009,0.0771,,,,,,,,
10/29/2009,0.0771,,,,,,,,
10/30/2009,0.0771,,,,,,,,
10/31/2009,0.0771,,,,,,,,
11/1/2009,0.035,,,,,,,,
11/2/2009,0.035,,,,,,,,
11/3/2009,0.035,,,,,,,,
11/4/2009,0.035,,,,,,,,
11/5/2009,0.035,,,,,,,,
11/6/2009,0.035,,,,,,,,
11/7/2009,0.035,,,,,,,,
11/8/2009,0.035,,,,,,,,
11/9/2009,0.035,,,,,,,,
11/10/2009,0.035,,,,,,,,
11/11/2009,0.035,,,,,,,,
11/12/2009,0.035,,,,,,,,
11/13/2009,0.035,,,,,,,,
11/14/2009,0.035,,,,,,,,
11/15/2009,0.035,,,,,,,,
11/16/2009,0.035,,,,,,,,
11/17/2009,0.035,,,,,,,,
11/18/2009,0.035,,,,,,,,
11/19/2009,0.035,,,,,,,,
11/20/2009,0.035,,,,,,,,
11/21/2009,0.035,,,,,,,,
11/22/2009,0.035,,,,,,,,
11/23/2009,0.035,,,,,,,,
11/24/2009,0.035,,,,,,,,
11/25/2009,0.035,,,,,,,,
11/26/2009,0.035,,,,,,,,
11/27/2009,0.035,,,,,,,,
11/28/2009,0.035,,,,,,,,
11/29/2009,0.035,,,,,,,,
11/30/2009,0.035,,,,,,,,
12/1/2009,0.01839,,,,,,,,
12/2/2009,0.01839,,,,,,,,
12/3/2009,0.01839,,,,,,,,
12/4/2009,0.01839,,,,,,,,
12/5/2009,0.01839,,,,,,,,
12/6/2009,0.01839,,,,,,,,
12/7/2009,0.01839,,,,,,,,
12/8/2009,0.01839,,,,,,,,
12/9/2009,0.01839,,,,,,,,
12/10/2009,0.01839,,,,,,,,
12/11/2009,0.01839,,,,,,,,
12/12/2009,0.01839,,,,,,,,
12/13/2009,0.01839,,,,,,,,
12/14/2009,0.01839,,,,,,,,
12/15/2009,0.01839,,,,,,,,
12/16/2009,0.01839,,,,,,,,
12/17/2009,0.01839,,,,,,,,
12/18/2009,0.01839,,,,,,,,
12/19/2009,0.01839,,,,,,,,
12/20/2009,0.01839,,,,,,,,
12/21/2009,0.01839,,,,,,,,
12/22/2009,0.01839,,,,,,,,
12/23/2009,0.01839,,,,,,,,
12/24/2009,0.01839,,,,,,,,
12/25/2009,0.01839,,,,,,,,
12/26/2009,0.01839,,,,,,,,
12/27/2009,0.01839,,,,,,,,
12/28/2009,0.01839,,,,,,,,
12/29/2009,0.01839,,,,,,,,
12/30/2009,0.01839,,,,,,,,
12/31/2009,0.01839,,,,,,,,
1/1/2010,0.02032,,,,,,,,
1/2/2010,0.02032,,,,,,,,
1/3/2010,0.02032,,,,,,,,
1/4/2010,0.02032,,,,,,,,
1/5/2010,0.02032,,,,,,,,
1/6/2010,0.02032,,,,,,,,
1/7/2010,0.02032,,,,,,,,
1/8/2010,0.02032,,,,,,,,
1/9/2010,0.02032,,,,,,,,
1/10/2010,0.02032,,,,,,,,
1/11/2010,0.02032,,,,,,,,
1/12/2010,0.02032,,,,,,,,
1/13/2010,0.02032,,,,,,,,
1/14/2010,0.02032,,,,,,,,
1/15/2010,0.02032,,,,,,,,
1/16/2010,0.02032,,,,,,,,
1/17/2010,0.02032,,,,,,,,
1/18/2010,0.02032,,,,,,,,
1/19/2010,0.02032,,,,,,,,
1/20/2010,0.02032,,,,,,,,
1/21/2010,0.02032,,,,,,,,
1/22/2010,0.02032,,,,,,,,
1/23/2010,0.02032,,,,,,,,
1/24/2010,0.02032,,,,,,,,
1/25/2010,0.02032,,,,,,,,
1/26/2010,0.02032,,,,,,,,
1/27/2010,0.02032,,,,,,,,
1/28/2010,0.02032,,,,,,,,
1/29/2010,0.02032,,,,,,,,
1/30/2010,0.02032,,,,,,,,
1/31/2010,0.02032,,,,,,,,
2/1/2010,0.04214,,,,,,,,
2/2/2010,0.04214,,,,,,,,
2/3/2010,0.04214,,,,,,,,
2/4/2010,0.04214,,,,,,,,
2/5/2010,0.04214,,,,,,,,
2/6/2010,0.04214,,,,,,,,
2/7/2010,0.04214,,,,,,,,
2/8/2010,0.04214,,,,,,,,
2/9/2010,0.04214,,,,,,,,
2/10/2010,0.04214,,,,,,,,
2/11/2010,0.04214,,,,,,,,
2/12/2010,0.04214,,,,,,,,
2/13/2010,0.04214,,,,,,,,
2/14/2010,0.04214,,,,,,,,
2/15/2010,0.04214,,,,,,,,
2/16/2010,0.04214,,,,,,,,
2/17/2010,0.04214,,,,,,,,
2/18/2010,0.04214,,,,,,,,
2/19/2010,0.04214,,,,,,,,
2/20/2010,0.04214,,,,,,,,
2/21/2010,0.04214,,,,,,,,
2/22/2010,0.04214,,,,,,,,
2/23/2010,0.04214,,,,,,,,
2/24/2010,0.04214,,,,,,,,
2/25/2010,0.04214,,,,,,,,
2/26/2010,0.04214,,,,,,,,
2/27/2010,0.04214,,,,,,,,
2/28/2010,0.04214,,,,,,,,
3/1/2010,0.07387,,,,,,,,
3/2/2010,0.07387,,,,,,,,
3/3/2010,0.07387,,,,,,,,
3/4/2010,0.07387,,,,,,,,
3/5/2010,0.07387,,,,,,,,
3/6/2010,0.07387,,,,,,,,
3/7/2010,0.07387,,,,,,,,
3/8/2010,0.07387,,,,,,,,
3/9/2010,0.07387,,,,,,,,
3/10/2010,0.07387,,,,,,,,
3/11/2010,0.07387,,,,,,,,
3/12/2010,0.07387,,,,,,,,
3/13/2010,0.07387,,,,,,,,
3/14/2010,0.07387,,,,,,,,
3/15/2010,0.07387,,,,,,,,
3/16/2010,0.07387,,,,,,,,
3/17/2010,0.07387,,,,,,,,
3/18/2010,0.07387,,,,,,,,
3/19/2010,0.07387,,,,,,,,
3/20/2010,0.07387,,,,,,,,
3/21/2010,0.07387,,,,,,,,
3/22/2010,0.07387,,,,,,,,
3/23/2010,0.07387,,,,,,,,
3/24/2010,0.07387,,,,,,,,
3/25/2010,0.07387,,,,,,,,
3/26/2010,0.07387,,,,,,,,
3/27/2010,0.07387,,,,,,,,
3/28/2010,0.07387,,,,,,,,
3/29/2010,0.07387,,,,,,,,
3/30/2010,0.07387,,,,,,,,
3/31/2010,0.07387,,,,,,,,
4/1/2010,0.11033,,,,,,,,
4/2/2010,0.11033,,,,,,,,
4/3/2010,0.11033,,,,,,,,
4/4/2010,0.11033,,,,,,,,
4/5/2010,0.11033,,,,,,,,
4/6/2010,0.11033,,,,,,,,
4/7/2010,0.11033,,,,,,,,
4/8/2010,0.11033,,,,,,,,
4/9/2010,0.11033,,,,,,,,
4/10/2010,0.11033,,,,,,,,
4/11/2010,0.11033,,,,,,,,
4/12/2010,0.11033,,,,,,,,
4/13/2010,0.11033,,,,,,,,
4/14/2010,0.11033,,,,,,,,
4/15/2010,0.11033,,,,,,,,
4/16/2010,0.11033,,,,,,,,
4/17/2010,0.11033,,,,,,,,
4/18/2010,0.11033,,,,,,,,
4/19/2010,0.11033,,,,,,,,
4/20/2010,0.11033,,,,,,,,
4/21/2010,0.11033,,,,,,,,
4/22/2010,0.11033,,,,,,,,
4/23/2010,0.11033,,,,,,,,
4/24/2010,0.11033,,,,,,,,
4/25/2010,0.11033,,,,,,,,
4/26/2010,0.11033,,,,,,,,
4/27/2010,0.11033,,,,,,,,
4/28/2010,0.11033,,,,,,,,
4/29/2010,0.11033,,,,,,,,
4/30/2010,0.11033,,,,,,,,
5/1/2010,0.16613,,,,,,,,
5/2/2010,0.16613,,,,,,,,
5/3/2010,0.16613,,,,,,,,
5/4/2010,0.16613,,,,,,,,
5/5/2010,0.16613,,,,,,,,
5/6/2010,0.16613,,,,,,,,
5/7/2010,0.16613,,,,,,,,
5/8/2010,0.16613,,,,,,,,
5/9/2010,0.16613,,,,,,,,
5/10/2010,0.16613,,,,,,,,
5/11/2010,0.16613,,,,,,,,
5/12/2010,0.16613,,,,,,,,
5/13/2010,0.16613,,,,,,,,
5/14/2010,0.16613,,,,,,,,
5/15/2010,0.16613,,,,,,,,
5/16/2010,0.16613,,,,,,,,
5/17/2010,0.16613,,,,,,,,
5/18/2010,0.16613,,,,,,,,
5/19/2010,0.16613,,,,,,,,
5/20/2010,0.16613,,,,,,,,
5/21/2010,0.16613,,,,,,,,
5/22/2010,0.16613,,,,,,,,
5/23/2010,0.16613,,,,,,,,
5/24/2010,0.16613,,,,,,,,
5/25/2010,0.16613,,,,,,,,
5/26/2010,0.16613,,,,,,,,
5/27/2010,0.16613,,,,,,,,
5/28/2010,0.16613,,,,,,,,
5/29/2010,0.16613,,,,,,,,
5/30/2010,0.16613,,,,,,,,
5/31/2010,0.16613,,,,,,,,
6/1/2010,0.20033,,,,,,,,
6/2/2010,0.20033,,,,,,,,
6/3/2010,0.20033,,,,,,,,
6/4/2010,0.20033,,,,,,,,
6/5/2010,0.20033,,,,,,,,
6/6/2010,0.20033,,,,,,,,
6/7/2010,0.20033,,,,,,,,
6/8/2010,0.20033,,,,,,,,
6/9/2010,0.20033,,,,,,,,
6/10/2010,0.20033,,,,,,,,
6/11/2010,0.20033,,,,,,,,
6/12/2010,0.20033,,,,,,,,
6/13/2010,0.20033,,,,,,,,
6/14/2010,0.20033,,,,,,,,
6/15/2010,0.20033,,,,,,,,
6/16/2010,0.20033,,,,,,,,
6/17/2010,0.20033,,,,,,,,
6/18/2010,0.20033,,,,,,,,
6/19/2010,0.20033,,,,,,,,
6/20/2010,0.20033,,,,,,,,
6/21/2010,0.20033,,,,,,,,
6/22/2010,0.20033,,,,,,,,
6/23/2010,0.20033,,,,,,,,
6/24/2010,0.20033,,,,,,,,
6/25/2010,0.20033,,,,,,,,
6/26/2010,0.20033,,,,,,,,
6/27/2010,0.20033,,,,,,,,
6/28/2010,0.20033,,,,,,,,
6/29/2010,0.20033,,,,,,,,
6/30/2010,0.20033,,,,,,,,
7/1/2010,0.23871,,,,,,,,
7/2/2010,0.23871,,,,,,,,
7/3/2010,0.23871,,,,,,,,
7/4/2010,0.23871,,,,,,,,
7/5/2010,0.23871,,,,,,,,
7/6/2010,0.23871,,,,,,,,
7/7/2010,0.23871,,,,,,,,
7/8/2010,0.23871,,,,,,,,
7/9/2010,0.23871,,,,,,,,
7/10/2010,0.23871,,,,,,,,
7/11/2010,0.23871,,,,,,,,
7/12/2010,0.23871,,,,,,,,
7/13/2010,0.23871,,,,,,,,
7/14/2010,0.23871,,,,,,,,
7/15/2010,0.23871,,,,,,,,
7/16/2010,0.23871,,,,,,,,
7/17/2010,0.23871,,,,,,,,
7/18/2010,0.23871,,,,,,,,
7/19/2010,0.23871,,,,,,,,
7/20/2010,0.23871,,,,,,,,
7/21/2010,0.23871,,,,,,,,
7/22/2010,0.23871,,,,,,,,
7/23/2010,0.23871,,,,,,,,
7/24/2010,0.23871,,,,,,,,
7/25/2010,0.23871,,,,,,,,
7/26/2010,0.23871,,,,,,,,
7/27/2010,0.23871,,,,,,,,
7/28/2010,0.23871,,,,,,,,
7/29/2010,0.23871,,,,,,,,
7/30/2010,0.23871,,,,,,,,
7/31/2010,0.23871,,,,,,,,
8/1/2010,0.21871,,,,,,,,
8/2/2010,0.21871,,,,,,,,
8/3/2010,0.21871,,,,,,,,
8/4/2010,0.21871,,,,,,,,
8/5/2010,0.21871,,,,,,,,
8/6/2010,0.21871,,,,,,,,
8/7/2010,0.21871,,,,,,,,
8/8/2010,0.21871,,,,,,,,
8/9/2010,0.21871,,,,,,,,
8/10/2010,0.21871,,,,,,,,
8/11/2010,0.21871,,,,,,,,
8/12/2010,0.21871,,,,,,,,
8/13/2010,0.21871,,,,,,,,
8/14/2010,0.21871,,,,,,,,
8/15/2010,0.21871,,,,,,,,
8/16/2010,0.21871,,,,,,,,
8/17/2010,0.21871,,,,,,,,
8/18/2010,0.21871,,,,,,,,
8/19/2010,0.21871,,,,,,,,
8/20/2010,0.21871,,,,,,,,
8/21/2010,0.21871,,,,,,,,
8/22/2010,0.21871,,,,,,,,
8/23/2010,0.21871,,,,,,,,
8/24/2010,0.21871,,,,,,,,
8/25/2010,0.21871,,,,,,,,
8/26/2010,0.21871,,,,,,,,
8/27/2010,0.21871,,,,,,,,
8/28/2010,0.21871,,,,,,,,
8/29/2010,0.21871,,,,,,,,
8/30/2010,0.21871,,,,,,,,
8/31/2010,0.21871,,,,,,,,
9/1/2010,0.156,,,,,,,,
9/2/2010,0.156,,,,,,,,
9/3/2010,0.156,,,,,,,,
9/4/2010,0.156,,,,,,,,
9/5/2010,0.156,,,,,,,,
9/6/2010,0.156,,,,,,,,
9/7/2010,0.156,,,,,,,,
9/8/2010,0.156,,,,,,,,
9/9/2010,0.156,,,,,,,,
9/10/2010,0.156,,,,,,,,
9/11/2010,0.156,,,,,,,,
9/12/2010,0.156,,,,,,,,
9/13/2010,0.156,,,,,,,,
9/14/2010,0.156,,,,,,,,
9/15/2010,0.156,,,,,,,,
9/16/2010,0.156,,,,,,,,
9/17/2010,0.156,,,,,,,,
9/18/2010,0.156,,,,,,,,
9/19/2010,0.156,,,,,,,,
9/20/2010,0.156,,,,,,,,
9/21/2010,0.156,,,,,,,,
9/22/2010,0.156,,,,,,,,
9/23/2010,0.156,,,,,,,,
9/24/2010,0.156,,,,,,,,
9/25/2010,0.156,,,,,,,,
9/26/2010,0.156,,,,,,,,
9/27/2010,0.156,,,,,,,,
9/28/2010,0.156,,,,,,,,
9/29/2010,0.156,,,,,,,,
9/30/2010,0.156,,,,,,,,
10/1/2010,0.0771,,,,,,,,
10/2/2010,0.0771,,,,,,,,
10/3/2010,0.0771,,,,,,,,
10/4/2010,0.0771,,,,,,,,
10/5/2010,0.0771,,,,,,,,
10/6/2010,0.0771,,,,,,,,
10/7/2010,0.0771,,,,,,,,
10/8/2010,0.0771,,,,,,,,
10/9/2010,0.0771,,,,,,,,
10/10/2010,0.0771,,,,,,,,
10/11/2010,0.0771,,,,,,,,
10/12/2010,0.0771,,,,,,,,
10/13/2010,0.0771,,,,,,,,
10/14/2010,0.0771,,,,,,,,
10/15/2010,0.0771,,,,,,,,
10/16/2010,0.0771,,,,,,,,
10/17/2010,0.0771,,,,,,,,
10/18/2010,0.0771,,,,,,,,
10/19/2010,0.0771,,,,,,,,
10/20/2010,0.0771,,,,,,,,
10/21/2010,0.0771,,,,,,,,
10/22/2010,0.0771,,,,,,,,
10/23/2010,0.0771,,,,,,,,
10/24/2010,0.0771,,,,,,,,
10/25/2010,0.0771,,,,,,,,
10/26/2010,0.0771,,,,,,,,
10/27/2010,0.0771,,,,,,,,
10/28/2010,0.0771,,,,,,,,
10/29/2010,0.0771,,,,,,,,
10/30/2010,0.0771,,,,,,,,
10/31/2010,0.0771,,,,,,,,
11/1/2010,0.035,,,,,,,,
11/2/2010,0.035,,,,,,,,
11/3/2010,0.035,,,,,,,,
11/4/2010,0.035,,,,,,,,
11/5/2010,0.035,,,,,,,,
11/6/2010,0.035,,,,,,,,
11/7/2010,0.035,,,,,,,,
11/8/2010,0.035,,,,,,,,
11/9/2010,0.035,,,,,,,,
11/10/2010,0.035,,,,,,,,
11/11/2010,0.035,,,,,,,,
11/12/2010,0.035,,,,,,,,
11/13/2010,0.035,,,,,,,,
11/14/2010,0.035,,,,,,,,
11/15/2010,0.035,,,,,,,,
11/16/2010,0.035,,,,,,,,
11/17/2010,0.035,,,,,,,,
11/18/2010,0.035,,,,,,,,
11/19/2010,0.035,,,,,,,,
11/20/2010,0.035,,,,,,,,
11/21/2010,0.035,,,,,,,,
11/22/2010,0.035,,,,,,,,
11/23/2010,0.035,,,,,,,,
11/24/2010,0.035,,,,,,,,
11/25/2010,0.035,,,,,,,,
11/26/2010,0.035,,,,,,,,
11/27/2010,0.035,,,,,,,,
11/28/2010,0.035,,,,,,,,
11/29/2010,0.035,,,,,,,,
11/30/2010,0.035,,,,,,,,
12/1/2010,0.01839,,,,,,,,
12/2/2010,0.01839,,,,,,,,
12/3/2010,0.01839,,,,,,,,
12/4/2010,0.01839,,,,,,,,
12/5/2010,0.01839,,,,,,,,
12/6/2010,0.01839,,,,,,,,
12/7/2010,0.01839,,,,,,,,
12/8/2010,0.01839,,,,,,,,
12/9/2010,0.01839,,,,,,,,
12/10/2010,0.01839,,,,,,,,
12/11/2010,0.01839,,,,,,,,
12/12/2010,0.01839,,,,,,,,
12/13/2010,0.01839,,,,,,,,
12/14/2010,0.01839,,,,,,,,
12/15/2010,0.01839,,,,,,,,
12/16/2010,0.01839,,,,,,,,
12/17/2010,0.01839,,,,,,,,
12/18/2010,0.01839,,,,,,,,
12/19/2010,0.01839,,,,,,,,
12/20/2010,0.01839,,,,,,,,
12/21/2010,0.01839,,,,,,,,
12/22/2010,0.01839,,,,,,,,
12/23/2010,0.01839,,,,,,,,
12/24/2010,0.01839,,,,,,,,
12/25/2010,0.01839,,,,,,,,
12/26/2010,0.01839,,,,,,,,
12/27/2010,0.01839,,,,,,,,
12/28/2010,0.01839,,,,,,,,
12/29/2010,0.01839,,,,,,,,
12/30/2010,0.01839,,,,,,,,
12/31/2010,0.01839,,,,,,,,
1/1/2011,0.02032,,,,,,,,
1/2/2011,0.02032,,,,,,,,
1/3/2011,0.02032,,,,,,,,
1/4/2011,0.02032,,,,,,,,
1/5/2011,0.02032,,,,,,,,
1/6/2011,0.02032,,,,,,,,
1/7/2011,0.02032,,,,,,,,
1/8/2011,0.02032,,,,,,,,
1/9/2011,0.02032,,,,,,,,
1/10/2011,0.02032,,,,,,,,
1/11/2011,0.02032,,,,,,,,
1/12/2011,0.02032,,,,,,,,
1/13/2011,0.02032,,,,,,,,
1/14/2011,0.02032,,,,,,,,
1/15/2011,0.02032,,,,,,,,
1/16/2011,0.02032,,,,,,,,
1/17/2011,0.02032,,,,,,,,
1/18/2011,0.02032,,,,,,,,
1/19/2011,0.02032,,,,,,,,
1/20/2011,0.02032,,,,,,,,
1/21/2011,0.02032,,,,,,,,
1/22/2011,0.02032,,,,,,,,
1/23/2011,0.02032,,,,,,,,
1/24/2011,0.02032,,,,,,,,
1/25/2011,0.02032,,,,,,,,
1/26/2011,0.02032,,,,,,,,
1/27/2011,0.02032,,,,,,,,
1/28/2011,0.02032,,,,,,,,
1/29/2011,0.02032,,,,,,,,
1/30/2011,0.02032,,,,,,,,
1/31/2011,0.02032,,,,,,,,
2/1/2011,0.04214,,,,,,,,
2/2/2011,0.04214,,,,,,,,
2/3/2011,0.04214,,,,,,,,
2/4/2011,0.04214,,,,,,,,
2/5/2011,0.04214,,,,,,,,
2/6/2011,0.04214,,,,,,,,
2/7/2011,0.04214,,,,,,,,
2/8/2011,0.04214,,,,,,,,
2/9/2011,0.04214,,,,,,,,
2/10/2011,0.04214,,,,,,,,
2/11/2011,0.04214,,,,,,,,
2/12/2011,0.04214,,,,,,,,
2/13/2011,0.04214,,,,,,,,
2/14/2011,0.04214,,,,,,,,
2/15/2011,0.04214,,,,,,,,
2/16/2011,0.04214,,,,,,,,
2/17/2011,0.04214,,,,,,,,
2/18/2011,0.04214,,,,,,,,
2/19/2011,0.04214,,,,,,,,
2/20/2011,0.04214,,,,,,,,
2/21/2011,0.04214,,,,,,,,
2/22/2011,0.04214,,,,,,,,
2/23/2011,0.04214,,,,,,,,
2/24/2011,0.04214,,,,,,,,
2/25/2011,0.04214,,,,,,,,
2/26/2011,0.04214,,,,,,,,
2/27/2011,0.04214,,,,,,,,
2/28/2011,0.04214,,,,,,,,
3/1/2011,0.07387,,,,,,,,
3/2/2011,0.07387,,,,,,,,
3/3/2011,0.07387,,,,,,,,
3/4/2011,0.07387,,,,,,,,
3/5/2011,0.07387,,,,,,,,
3/6/2011,0.07387,,,,,,,,
3/7/2011,0.07387,,,,,,,,
3/8/2011,0.07387,,,,,,,,
3/9/2011,0.07387,,,,,,,,
3/10/2011,0.07387,,,,,,,,
3/11/2011,0.07387,,,,,,,,
3/12/2011,0.07387,,,,,,,,
3/13/2011,0.07387,,,,,,,,
3/14/2011,0.07387,,,,,,,,
3/15/2011,0.07387,,,,,,,,
3/16/2011,0.07387,,,,,,,,
3/17/2011,0.07387,,,,,,,,
3/18/2011,0.07387,,,,,,,,
3/19/2011,0.07387,,,,,,,,
3/20/2011,0.07387,,,,,,,,
3/21/2011,0.07387,,,,,,,,
3/22/2011,0.07387,,,,,,,,
3/23/2011,0.07387,,,,,,,,
3/24/2011,0.07387,,,,,,,,
3/25/2011,0.07387,,,,,,,,
3/26/2011,0.07387,,,,,,,,
3/27/2011,0.07387,,,,,,,,
3/28/2011,0.07387,,,,,,,,
3/29/2011,0.07387,,,,,,,,
3/30/2011,0.07387,,,,,,,,
3/31/2011,0.07387,,,,,,,,
4/1/2011,0.11033,,,,,,,,
4/2/2011,0.11033,,,,,,,,
4/3/2011,0.11033,,,,,,,,
4/4/2011,0.11033,,,,,,,,
4/5/2011,0.11033,,,,,,,,
4/6/2011,0.11033,,,,,,,,
4/7/2011,0.11033,,,,,,,,
4/8/2011,0.11033,,,,,,,,
4/9/2011,0.11033,,,,,,,,
4/10/2011,0.11033,,,,,,,,
4/11/2011,0.11033,,,,,,,,
4/12/2011,0.11033,,,,,,,,
4/13/2011,0.11033,,,,,,,,
4/14/2011,0.11033,,,,,,,,
4/15/2011,0.11033,,,,,,,,
4/16/2011,0.11033,,,,,,,,
4/17/2011,0.11033,,,,,,,,
4/18/2011,0.11033,,,,,,,,
4/19/2011,0.11033,,,,,,,,
4/20/2011,0.11033,,,,,,,,
4/21/2011,0.11033,,,,,,,,
4/22/2011,0.11033,,,,,,,,
4/23/2011,0.11033,,,,,,,,
4/24/2011,0.11033,,,,,,,,
4/25/2011,0.11033,,,,,,,,
4/26/2011,0.11033,,,,,,,,
4/27/2011,0.11033,,,,,,,,
4/28/2011,0.11033,,,,,,,,
4/29/2011,0.11033,,,,,,,,
4/30/2011,0.11033,,,,,,,,
5/1/2011,0.16613,,,,,,,,
5/2/2011,0.16613,,,,,,,,
5/3/2011,0.16613,,,,,,,,
5/4/2011,0.16613,,,,,,,,
5/5/2011,0.16613,,,,,,,,
5/6/2011,0.16613,,,,,,,,
5/7/2011,0.16613,,,,,,,,
5/8/2011,0.16613,,,,,,,,
5/9/2011,0.16613,,,,,,,,
5/10/2011,0.16613,,,,,,,,
5/11/2011,0.16613,,,,,,,,
5/12/2011,0.16613,,,,,,,,
5/13/2011,0.16613,,,,,,,,
5/14/2011,0.16613,,,,,,,,
5/15/2011,0.16613,,,,,,,,
5/16/2011,0.16613,,,,,,,,
5/17/2011,0.16613,,,,,,,,
5/18/2011,0.16613,,,,,,,,
5/19/2011,0.16613,,,,,,,,
5/20/2011,0.16613,,,,,,,,
5/21/2011,0.16613,,,,,,,,
5/22/2011,0.16613,,,,,,,,
5/23/2011,0.16613,,,,,,,,
5/24/2011,0.16613,,,,,,,,
5/25/2011,0.16613,,,,,,,,
5/26/2011,0.16613,,,,,,,,
5/27/2011,0.16613,,,,,,,,
5/28/2011,0.16613,,,,,,,,
5/29/2011,0.16613,,,,,,,,
5/30/2011,0.16613,,,,,,,,
5/31/2011,0.16613,,,,,,,,
6/1/2011,0.20033,,,,,,,,
6/2/2011,0.20033,,,,,,,,
6/3/2011,0.20033,,,,,,,,
6/4/2011,0.20033,,,,,,,,
6/5/2011,0.20033,,,,,,,,
6/6/2011,0.20033,,,,,,,,
6/7/2011,0.20033,,,,,,,,
6/8/2011,0.20033,,,,,,,,
6/9/2011,0.20033,,,,,,,,
6/10/2011,0.20033,,,,,,,,
6/11/2011,0.20033,,,,,,,,
6/12/2011,0.20033,,,,,,,,
6/13/2011,0.20033,,,,,,,,
6/14/2011,0.20033,,,,,,,,
6/15/2011,0.20033,,,,,,,,
6/16/2011,0.20033,,,,,,,,
6/17/2011,0.20033,,,,,,,,
6/18/2011,0.20033,,,,,,,,
6/19/2011,0.20033,,,,,,,,
6/20/2011,0.20033,,,,,,,,
6/21/2011,0.20033,,,,,,,,
6/22/2011,0.20033,,,,,,,,
6/23/2011,0.20033,,,,,,,,
6/24/2011,0.20033,,,,,,,,
6/25/2011,0.20033,,,,,,,,
6/26/2011,0.20033,,,,,,,,
6/27/2011,0.20033,,,,,,,,
6/28/2011,0.20033,,,,,,,,
6/29/2011,0.20033,,,,,,,,
6/30/2011,0.20033,,,,,,,,
7/1/2011,0.23871,,,,,,,,
7/2/2011,0.23871,,,,,,,,
7/3/2011,0.23871,,,,,,,,
7/4/2011,0.23871,,,,,,,,
7/5/2011,0.23871,,,,,,,,
7/6/2011,0.23871,,,,,,,,
7/7/2011,0.23871,,,,,,,,
7/8/2011,0.23871,,,,,,,,
7/9/2011,0.23871,,,,,,,,
7/10/2011,0.23871,,,,,,,,
7/11/2011,0.23871,,,,,,,,
7/12/2011,0.23871,,,,,,,,
7/13/2011,0.23871,,,,,,,,
7/14/2011,0.23871,,,,,,,,
7/15/2011,0.23871,,,,,,,,
7/16/2011,0.23871,,,,,,,,
7/17/2011,0.23871,,,,,,,,
7/18/2011,0.23871,,,,,,,,
7/19/2011,0.23871,,,,,,,,
7/20/2011,0.23871,,,,,,,,
7/21/2011,0.23871,,,,,,,,
7/22/2011,0.23871,,,,,,,,
7/23/2011,0.23871,,,,,,,,
7/24/2011,0.23871,,,,,,,,
7/25/2011,0.23871,,,,,,,,
7/26/2011,0.23871,,,,,,,,
7/27/2011,0.23871,,,,,,,,
7/28/2011,0.23871,,,,,,,,
7/29/2011,0.23871,,,,,,,,
7/30/2011,0.23871,,,,,,,,
7/31/2011,0.23871,,,,,,,,
8/1/2011,0.21871,,,,,,,,
8/2/2011,0.21871,,,,,,,,
8/3/2011,0.21871,,,,,,,,
8/4/2011,0.21871,,,,,,,,
8/5/2011,0.21871,,,,,,,,
8/6/2011,0.21871,,,,,,,,
8/7/2011,0.21871,,,,,,,,
8/8/2011,0.21871,,,,,,,,
8/9/2011,0.21871,,,,,,,,
8/10/2011,0.21871,,,,,,,,
8/11/2011,0.21871,,,,,,,,
8/12/2011,0.21871,,,,,,,,
8/13/2011,0.21871,,,,,,,,
8/14/2011,0.21871,,,,,,,,
8/15/2011,0.21871,,,,,,,,
8/16/2011,0.21871,,,,,,,,
8/17/2011,0.21871,,,,,,,,
8/18/2011,0.21871,,,,,,,,
8/19/2011,0.21871,,,,,,,,
8/20/2011,0.21871,,,,,,,,
8/21/2011,0.21871,,,,,,,,
8/22/2011,0.21871,,,,,,,,
8/23/2011,0.21871,,,,,,,,
8/24/2011,0.21871,,,,,,,,
8/25/2011,0.21871,,,,,,,,
8/26/2011,0.21871,,,,,,,,
8/27/2011,0.21871,,,,,,,,
8/28/2011,0.21871,,,,,,,,
8/29/2011,0.21871,,,,,,,,
8/30/2011,0.21871,,,,,,,,
8/31/2011,0.21871,,,,,,,,
9/1/2011,0.156,,,,,,,,
9/2/2011,0.156,,,,,,,,
9/3/2011,0.156,,,,,,,,
9/4/2011,0.156,,,,,,,,
9/5/2011,0.156,,,,,,,,
9/6/2011,0.156,,,,,,,,
9/7/2011,0.156,,,,,,,,
9/8/2011,0.156,,,,,,,,
9/9/2011,0.156,,,,,,,,
9/10/2011,0.156,,,,,,,,
9/11/2011,0.156,,,,,,,,
9/12/2011,0.156,,,,,,,,
9/13/2011,0.156,,,,,,,,
9/14/2011,0.156,,,,,,,,
9/15/2011,0.156,,,,,,,,
9/16/2011,0.156,,,,,,,,
9/17/2011,0.156,,,,,,,,
9/18/2011,0.156,,,,,,,,
9/19/2011,0.156,,,,,,,,
9/20/2011,0.156,,,,,,,,
9/21/2011,0.156,,,,,,,,
9/22/2011,0.156,,,,,,,,
9/23/2011,0.156,,,,,,,,
9/24/2011,0.156,,,,,,,,
9/25/2011,0.156,,,,,,,,
9/26/2011,0.156,,,,,,,,
9/27/2011,0.156,,,,,,,,
9/28/2011,0.156,,,,,,,,
9/29/2011,0.156,,,,,,,,
9/30/2011,0.156,,,,,,,,
10/1/2011,0.0771,,,,,,,,
10/2/2011,0.0771,,,,,,,,
10/3/2011,0.0771,,,,,,,,
10/4/2011,0.0771,,,,,,,,
10/5/2011,0.0771,,,,,,,,
10/6/2011,0.0771,,,,,,,,
10/7/2011,0.0771,,,,,,,,
10/8/2011,0.0771,,,,,,,,
10/9/2011,0.0771,,,,,,,,
10/10/2011,0.0771,,,,,,,,
10/11/2011,0.0771,,,,,,,,
10/12/2011,0.0771,,,,,,,,
10/13/2011,0.0771,,,,,,,,
10/14/2011,0.0771,,,,,,,,
10/15/2011,0.0771,,,,,,,,
10/16/2011,0.0771,,,,,,,,
10/17/2011,0.0771,,,,,,,,
10/18/2011,0.0771,,,,,,,,
10/19/2011,0.0771,,,,,,,,
10/20/2011,0.0771,,,,,,,,
10/21/2011,0.0771,,,,,,,,
10/22/2011,0.0771,,,,,,,,
10/23/2011,0.0771,,,,,,,,
10/24/2011,0.0771,,,,,,,,
10/25/2011,0.0771,,,,,,,,
10/26/2011,0.0771,,,,,,,,
10/27/2011,0.0771,,,,,,,,
10/28/2011,0.0771,,,,,,,,
10/29/2011,0.0771,,,,,,,,
10/30/2011,0.0771,,,,,,,,
10/31/2011,0.0771,,,,,,,,
11/1/2011,0.035,,,,,,,,
11/2/2011,0.035,,,,,,,,
11/3/2011,0.035,,,,,,,,
11/4/2011,0.035,,,,,,,,
11/5/2011,0.035,,,,,,,,
11/6/2011,0.035,,,,,,,,
11/7/2011,0.035,,,,,,,,
11/8/2011,0.035,,,,,,,,
11/9/2011,0.035,,,,,,,,
11/10/2011,0.035,,,,,,,,
11/11/2011,0.035,,,,,,,,
11/12/2011,0.035,,,,,,,,
11/13/2011,0.035,,,,,,,,
11/14/2011,0.035,,,,,,,,
11/15/2011,0.035,,,,,,,,
11/16/2011,0.035,,,,,,,,
11/17/2011,0.035,,,,,,,,
11/18/2011,0.035,,,,,,,,
11/19/2011,0.035,,,,,,,,
11/20/2011,0.035,,,,,,,,
11/21/2011,0.035,,,,,,,,
11/22/2011,0.035,,,,,,,,
11/23/2011,0.035,,,,,,,,
11/24/2011,0.035,,,,,,,,
11/25/2011,0.035,,,,,,,,
11/26/2011,0.035,,,,,,,,
11/27/2011,0.035,,,,,,,,
11/28/2011,0.035,,,,,,,,
11/29/2011,0.035,,,,,,,,
11/30/2011,0.035,,,,,,,,
12/1/2011,0.01839,,,,,,,,
12/2/2011,0.01839,,,,,,,,
12/3/2011,0.01839,,,,,,,,
12/4/2011,0.01839,,,,,,,,
12/5/2011,0.01839,,,,,,,,
12/6/2011,0.01839,,,,,,,,
12/7/2011,0.01839,,,,,,,,
12/8/2011,0.01839,,,,,,,,
12/9/2011,0.01839,,,,,,,,
12/10/2011,0.01839,,,,,,,,
12/11/2011,0.01839,,,,,,,,
12/12/2011,0.01839,,,,,,,,
12/13/2011,0.01839,,,,,,,,
12/14/2011,0.01839,,,,,,,,
12/15/2011,0.01839,,,,,,,,
12/16/2011,0.01839,,,,,,,,
12/17/2011,0.01839,,,,,,,,
12/18/2011,0.01839,,,,,,,,
12/19/2011,0.01839,,,,,,,,
12/20/2011,0.01839,,,,,,,,
12/21/2011,0.01839,,,,,,,,
12/22/2011,0.01839,,,,,,,,
12/23/2011,0.01839,,,,,,,,
12/24/2011,0.01839,,,,,,,,
12/25/2011,0.01839,,,,,,,,
12/26/2011,0.01839,,,,,,,,
12/27/2011,0.01839,,,,,,,,
12/28/2011,0.01839,,,,,,,,
12/29/2011,0.01839,,,,,,,,
12/30/2011,0.01839,,,,,,,,
12/31/2011,0.01839,,,,,,,,
1/1/2012,0.02032,,,,,,,,
1/2/2012,0.02032,,,,,,,,
1/3/2012,0.02032,,,,,,,,
1/4/2012,0.02032,,,,,,,,
1/5/2012,0.02032,,,,,,,,
1/6/2012,0.02032,,,,,,,,
1/7/2012,0.02032,,,,,,,,
1/8/2012,0.02032,,,,,,,,
1/9/2012,0.02032,,,,,,,,
1/10/2012,0.02032,,,,,,,,
1/11/2012,0.02032,,,,,,,,
1/12/2012,0.02032,,,,,,,,
1/13/2012,0.02032,,,,,,,,
1/14/2012,0.02032,,,,,,,,
1/15/2012,0.02032,,,,,,,,
1/16/2012,0.02032,,,,,,,,
1/17/2012,0.02032,,,,,,,,
1/18/2012,0.02032,,,,,,,,
1/19/2012,0.02032,,,,,,,,
1/20/2012,0.02032,,,,,,,,
1/21/2012,0.02032,,,,,,,,
1/22/2012,0.02032,,,,,,,,
1/23/2012,0.02032,,,,,,,,
1/24/2012,0.02032,,,,,,,,
1/25/2012,0.02032,,,,,,,,
1/26/2012,0.02032,,,,,,,,
1/27/2012,0.02032,,,,,,,,
1/28/2012,0.02032,,,,,,,,
1/29/2012,0.02032,,,,,,,,
1/30/2012,0.02032,,,,,,,,
1/31/2012,0.02032,,,,,,,,
2/1/2012,0.04214,,,,,,,,
2/2/2012,0.04214,,,,,,,,
2/3/2012,0.04214,,,,,,,,
2/4/2012,0.04214,,,,,,,,
2/5/2012,0.04214,,,,,,,,
2/6/2012,0.04214,,,,,,,,
2/7/2012,0.04214,,,,,,,,
2/8/2012,0.04214,,,,,,,,
2/9/2012,0.04214,,,,,,,,
2/10/2012,0.04214,,,,,,,,
2/11/2012,0.04214,,,,,,,,
2/12/2012,0.04214,,,,,,,,
2/13/2012,0.04214,,,,,,,,
2/14/2012,0.04214,,,,,,,,
2/15/2012,0.04214,,,,,,,,
2/16/2012,0.04214,,,,,,,,
2/17/2012,0.04214,,,,,,,,
2/18/2012,0.04214,,,,,,,,
2/19/2012,0.04214,,,,,,,,
2/20/2012,0.04214,,,,,,,,
2/21/2012,0.04214,,,,,,,,
2/22/2012,0.04214,,,,,,,,
2/23/2012,0.04214,,,,,,,,
2/24/2012,0.04214,,,,,,,,
2/25/2012,0.04214,,,,,,,,
2/26/2012,0.04214,,,,,,,,
2/27/2012,0.04214,,,,,,,,
2/28/2012,0.04214,,,,,,,,
2/29/2012,0.04214,,,,,,,,
3/1/2012,0.07387,,,,,,,,
3/2/2012,0.07387,,,,,,,,
3/3/2012,0.07387,,,,,,,,
3/4/2012,0.07387,,,,,,,,
3/5/2012,0.07387,,,,,,,,
3/6/2012,0.07387,,,,,,,,
3/7/2012,0.07387,,,,,,,,
3/8/2012,0.07387,,,,,,,,
3/9/2012,0.07387,,,,,,,,
3/10/2012,0.07387,,,,,,,,
3/11/2012,0.07387,,,,,,,,
3/12/2012,0.07387,,,,,,,,
3/13/2012,0.07387,,,,,,,,
3/14/2012,0.07387,,,,,,,,
3/15/2012,0.07387,,,,,,,,
3/16/2012,0.07387,,,,,,,,
3/17/2012,0.07387,,,,,,,,
3/18/2012,0.07387,,,,,,,,
3/19/2012,0.07387,,,,,,,,
3/20/2012,0.07387,,,,,,,,
3/21/2012,0.07387,,,,,,,,
3/22/2012,0.07387,,,,,,,,
3/23/2012,0.07387,,,,,,,,
3/24/2012,0.07387,,,,,,,,
3/25/2012,0.07387,,,,,,,,
3/26/2012,0.07387,,,,,,,,
3/27/2012,0.07387,,,,,,,,
3/28/2012,0.07387,,,,,,,,
3/29/2012,0.07387,,,,,,,,
3/30/2012,0.07387,,,,,,,,
3/31/2012,0.07387,,,,,,,,
4/1/2012,0.11033,,,,,,,,
4/2/2012,0.11033,,,,,,,,
4/3/2012,0.11033,,,,,,,,
4/4/2012,0.11033,,,,,,,,
4/5/2012,0.11033,,,,,,,,
4/6/2012,0.11033,,,,,,,,
4/7/2012,0.11033,,,,,,,,
4/8/2012,0.11033,,,,,,,,
4/9/2012,0.11033,,,,,,,,
4/10/2012,0.11033,,,,,,,,
4/11/2012,0.11033,,,,,,,,
4/12/2012,0.11033,,,,,,,,
4/13/2012,0.11033,,,,,,,,
4/14/2012,0.11033,,,,,,,,
4/15/2012,0.11033,,,,,,,,
4/16/2012,0.11033,,,,,,,,
4/17/2012,0.11033,,,,,,,,
4/18/2012,0.11033,,,,,,,,
4/19/2012,0.11033,,,,,,,,
4/20/2012,0.11033,,,,,,,,
4/21/2012,0.11033,,,,,,,,
4/22/2012,0.11033,,,,,,,,
4/23/2012,0.11033,,,,,,,,
4/24/2012,0.11033,,,,,,,,
4/25/2012,0.11033,,,,,,,,
4/26/2012,0.11033,,,,,,,,
4/27/2012,0.11033,,,,,,,,
4/28/2012,0.11033,,,,,,,,
4/29/2012,0.11033,,,,,,,,
4/30/2012,0.11033,,,,,,,,
5/1/2012,0.16613,,,,,,,,
5/2/2012,0.16613,,,,,,,,
5/3/2012,0.16613,,,,,,,,
5/4/2012,0.16613,,,,,,,,
5/5/2012,0.16613,,,,,,,,
5/6/2012,0.16613,,,,,,,,
5/7/2012,0.16613,,,,,,,,
5/8/2012,0.16613,,,,,,,,
5/9/2012,0.16613,,,,,,,,
5/10/2012,0.16613,,,,,,,,
5/11/2012,0.16613,,,,,,,,
5/12/2012,0.16613,,,,,,,,
5/13/2012,0.16613,,,,,,,,
5/14/2012,0.16613,,,,,,,,
5/15/2012,0.16613,,,,,,,,
5/16/2012,0.16613,,,,,,,,
5/17/2012,0.16613,,,,,,,,
5/18/2012,0.16613,,,,,,,,
5/19/2012,0.16613,,,,,,,,
5/20/2012,0.16613,,,,,,,,
5/21/2012,0.16613,,,,,,,,
5/22/2012,0.16613,,,,,,,,
5/23/2012,0.16613,,,,,,,,
5/24/2012,0.16613,,,,,,,,
5/25/2012,0.16613,,,,,,,,
5/26/2012,0.16613,,,,,,,,
5/27/2012,0.16613,,,,,,,,
5/28/2012,0.16613,,,,,,,,
5/29/2012,0.16613,,,,,,,,
5/30/2012,0.16613,,,,,,,,
5/31/2012,0.16613,,,,,,,,
6/1/2012,0.20033,,,,,,,,
6/2/2012,0.20033,,,,,,,,
6/3/2012,0.20033,,,,,,,,
6/4/2012,0.20033,,,,,,,,
6/5/2012,0.20033,,,,,,,,
6/6/2012,0.20033,,,,,,,,
6/7/2012,0.20033,,,,,,,,
6/8/2012,0.20033,,,,,,,,
6/9/2012,0.20033,,,,,,,,
6/10/2012,0.20033,,,,,,,,
6/11/2012,0.20033,,,,,,,,
6/12/2012,0.20033,,,,,,,,
6/13/2012,0.20033,,,,,,,,
6/14/2012,0.20033,,,,,,,,
6/15/2012,0.20033,,,,,,,,
6/16/2012,0.20033,,,,,,,,
6/17/2012,0.20033,,,,,,,,
6/18/2012,0.20033,,,,,,,,
6/19/2012,0.20033,,,,,,,,
6/20/2012,0.20033,,,,,,,,
6/21/2012,0.20033,,,,,,,,
6/22/2012,0.20033,,,,,,,,
6/23/2012,0.20033,,,,,,,,
6/24/2012,0.20033,,,,,,,,
6/25/2012,0.20033,,,,,,,,
6/26/2012,0.20033,,,,,,,,
6/27/2012,0.20033,,,,,,,,
6/28/2012,0.20033,,,,,,,,
6/29/2012,0.20033,,,,,,,,
6/30/2012,0.20033,,,,,,,,
7/1/2012,0.23871,,,,,,,,
7/2/2012,0.23871,,,,,,,,
7/3/2012,0.23871,,,,,,,,
7/4/2012,0.23871,,,,,,,,
7/5/2012,0.23871,,,,,,,,
7/6/2012,0.23871,,,,,,,,
7/7/2012,0.23871,,,,,,,,
7/8/2012,0.23871,,,,,,,,
7/9/2012,0.23871,,,,,,,,
7/10/2012,0.23871,,,,,,,,
7/11/2012,0.23871,,,,,,,,
7/12/2012,0.23871,,,,,,,,
7/13/2012,0.23871,,,,,,,,
7/14/2012,0.23871,,,,,,,,
7/15/2012,0.23871,,,,,,,,
7/16/2012,0.23871,,,,,,,,
7/17/2012,0.23871,,,,,,,,
7/18/2012,0.23871,,,,,,,,
7/19/2012,0.23871,,,,,,,,
7/20/2012,0.23871,,,,,,,,
7/21/2012,0.23871,,,,,,,,
7/22/2012,0.23871,,,,,,,,
7/23/2012,0.23871,,,,,,,,
7/24/2012,0.23871,,,,,,,,
7/25/2012,0.23871,,,,,,,,
7/26/2012,0.23871,,,,,,,,
7/27/2012,0.23871,,,,,,,,
7/28/2012,0.23871,,,,,,,,
7/29/2012,0.23871,,,,,,,,
7/30/2012,0.23871,,,,,,,,
7/31/2012,0.23871,,,,,,,,
8/1/2012,0.21871,,,,,,,,
8/2/2012,0.21871,,,,,,,,
8/3/2012,0.21871,,,,,,,,
8/4/2012,0.21871,,,,,,,,
8/5/2012,0.21871,,,,,,,,
8/6/2012,0.21871,,,,,,,,
8/7/2012,0.21871,,,,,,,,
8/8/2012,0.21871,,,,,,,,
8/9/2012,0.21871,,,,,,,,
8/10/2012,0.21871,,,,,,,,
8/11/2012,0.21871,,,,,,,,
8/12/2012,0.21871,,,,,,,,
8/13/2012,0.21871,,,,,,,,
8/14/2012,0.21871,,,,,,,,
8/15/2012,0.21871,,,,,,,,
8/16/2012,0.21871,,,,,,,,
8/17/2012,0.21871,,,,,,,,
8/18/2012,0.21871,,,,,,,,
8/19/2012,0.21871,,,,,,,,
8/20/2012,0.21871,,,,,,,,
8/21/2012,0.21871,,,,,,,,
8/22/2012,0.21871,,,,,,,,
8/23/2012,0.21871,,,,,,,,
8/24/2012,0.21871,,,,,,,,
8/25/2012,0.21871,,,,,,,,
8/26/2012,0.21871,,,,,,,,
8/27/2012,0.21871,,,,,,,,
8/28/2012,0.21871,,,,,,,,
8/29/2012,0.21871,,,,,,,,
8/30/2012,0.21871,,,,,,,,
8/31/2012,0.21871,,,,,,,,
9/1/2012,0.156,,,,,,,,
9/2/2012,0.156,,,,,,,,
9/3/2012,0.156,,,,,,,,
9/4/2012,0.156,,,,,,,,
9/5/2012,0.156,,,,,,,,
9/6/2012,0.156,,,,,,,,
9/7/2012,0.156,,,,,,,,
9/8/2012,0.156,,,,,,,,
9/9/2012,0.156,,,,,,,,
9/10/2012,0.156,,,,,,,,
9/11/2012,0.156,,,,,,,,
9/12/2012,0.156,,,,,,,,
9/13/2012,0.156,,,,,,,,
9/14/2012,0.156,,,,,,,,
9/15/2012,0.156,,,,,,,,
9/16/2012,0.156,,,,,,,,
9/17/2012,0.156,,,,,,,,
9/18/2012,0.156,,,,,,,,
9/19/2012,0.156,,,,,,,,
9/20/2012,0.156,,,,,,,,
9/21/2012,0.156,,,,,,,,
9/22/2012,0.156,,,,,,,,
9/23/2012,0.156,,,,,,,,
9/24/2012,0.156,,,,,,,,
9/25/2012,0.156,,,,,,,,
9/26/2012,0.156,,,,,,,,
9/27/2012,0.156,,,,,,,,
9/28/2012,0.156,,,,,,,,
9/29/2012,0.156,,,,,,,,
9/30/2012,0.156,,,,,,,,
10/1/2012,0.0771,,,,,,,,
10/2/2012,0.0771,,,,,,,,
10/3/2012,0.0771,,,,,,,,
10/4/2012,0.0771,,,,,,,,
10/5/2012,0.0771,,,,,,,,
10/6/2012,0.0771,,,,,,,,
10/7/2012,0.0771,,,,,,,,
10/8/2012,0.0771,,,,,,,,
10/9/2012,0.0771,,,,,,,,
10/10/2012,0.0771,,,,,,,,
10/11/2012,0.0771,,,,,,,,
10/12/2012,0.0771,,,,,,,,
10/13/2012,0.0771,,,,,,,,
10/14/2012,0.0771,,,,,,,,
10/15/2012,0.0771,,,,,,,,
10/16/2012,0.0771,,,,,,,,
10/17/2012,0.0771,,,,,,,,
10/18/2012,0.0771,,,,,,,,
10/19/2012,0.0771,,,,,,,,
10/20/2012,0.0771,,,,,,,,
10/21/2012,0.0771,,,,,,,,
10/22/2012,0.0771,,,,,,,,
10/23/2012,0.0771,,,,,,,,
10/24/2012,0.0771,,,,,,,,
10/25/2012,0.0771,,,,,,,,
10/26/2012,0.0771,,,,,,,,
10/27/2012,0.0771,,,,,,,,
10/28/2012,0.0771,,,,,,,,
10/29/2012,0.0771,,,,,,,,
10/30/2012,0.0771,,,,,,,,
10/31/2012,0.0771,,,,,,,,
11/1/2012,0.035,,,,,,,,
11/2/2012,0.035,,,,,,,,
11/3/2012,0.035,,,,,,,,
11/4/2012,0.035,,,,,,,,
11/5/2012,0.035,,,,,,,,
11/6/2012,0.035,,,,,,,,
11/7/2012,0.035,,,,,,,,
11/8/2012,0.035,,,,,,,,
11/9/2012,0.035,,,,,,,,
11/10/2012,0.035,,,,,,,,
11/11/2012,0.035,,,,,,,,
11/12/2012,0.035,,,,,,,,
11/13/2012,0.035,,,,,,,,
11/14/2012,0.035,,,,,,,,
11/15/2012,0.035,,,,,,,,
11/16/2012,0.035,,,,,,,,
11/17/2012,0.035,,,,,,,,
11/18/2012,0.035,,,,,,,,
11/19/2012,0.035,,,,,,,,
11/20/2012,0.035,,,,,,,,
11/21/2012,0.035,,,,,,,,
11/22/2012,0.035,,,,,,,,
11/23/2012,0.035,,,,,,,,
11/24/2012,0.035,,,,,,,,
11/25/2012,0.035,,,,,,,,
11/26/2012,0.035,,,,,,,,
11/27/2012,0.035,,,,,,,,
11/28/2012,0.035,,,,,,,,
11/29/2012,0.035,,,,,,,,
11/30/2012,0.035,,,,,,,,
12/1/2012,0.01839,,,,,,,,
12/2/2012,0.01839,,,,,,,,
12/3/2012,0.01839,,,,,,,,
12/4/2012,0.01839,,,,,,,,
12/5/2012,0.01839,,,,,,,,
12/6/2012,0.01839,,,,,,,,
12/7/2012,0.01839,,,,,,,,
12/8/2012,0.01839,,,,,,,,
12/9/2012,0.01839,,,,,,,,
12/10/2012,0.01839,,,,,,,,
12/11/2012,0.01839,,,,,,,,
12/12/2012,0.01839,,,,,,,,
12/13/2012,0.01839,,,,,,,,
12/14/2012,0.01839,,,,,,,,
12/15/2012,0.01839,,,,,,,,
12/16/2012,0.01839,,,,,,,,
12/17/2012,0.01839,,,,,,,,
12/18/2012,0.01839,,,,,,,,
12/19/2012,0.01839,,,,,,,,
12/20/2012,0.01839,,,,,,,,
12/21/2012,0.01839,,,,,,,,
12/22/2012,0.01839,,,,,,,,
12/23/2012,0.01839,,,,,,,,
12/24/2012,0.01839,,,,,,,,
12/25/2012,0.01839,,,,,,,,
12/26/2012,0.01839,,,,,,,,
12/27/2012,0.01839,,,,,,,,
12/28/2012,0.01839,,,,,,,,
12/29/2012,0.01839,,,,,,,,
12/30/2012,0.01839,,,,,,,,
12/31/2012,0.01839,,,,,,,,
1/1/2013,0.02032,,,,,,,,
1/2/2013,0.02032,,,,,,,,
1/3/2013,0.02032,,,,,,,,
1/4/2013,0.02032,,,,,,,,
1/5/2013,0.02032,,,,,,,,
1/6/2013,0.02032,,,,,,,,
1/7/2013,0.02032,,,,,,,,
1/8/2013,0.02032,,,,,,,,
1/9/2013,0.02032,,,,,,,,
1/10/2013,0.02032,,,,,,,,
1/11/2013,0.02032,,,,,,,,
1/12/2013,0.02032,,,,,,,,
1/13/2013,0.02032,,,,,,,,
1/14/2013,0.02032,,,,,,,,
1/15/2013,0.02032,,,,,,,,
1/16/2013,0.02032,,,,,,,,
1/17/2013,0.02032,,,,,,,,
1/18/2013,0.02032,,,,,,,,
1/19/2013,0.02032,,,,,,,,
1/20/2013,0.02032,,,,,,,,
1/21/2013,0.02032,,,,,,,,
1/22/2013,0.02032,,,,,,,,
1/23/2013,0.02032,,,,,,,,
1/24/2013,0.02032,,,,,,,,
1/25/2013,0.02032,,,,,,,,
1/26/2013,0.02032,,,,,,,,
1/27/2013,0.02032,,,,,,,,
1/28/2013,0.02032,,,,,,,,
1/29/2013,0.02032,,,,,,,,
1/30/2013,0.02032,,,,,,,,
1/31/2013,0.02032,,,,,,,,
2/1/2013,0.04214,,,,,,,,
2/2/2013,0.04214,,,,,,,,
2/3/2013,0.04214,,,,,,,,
2/4/2013,0.04214,,,,,,,,
2/5/2013,0.04214,,,,,,,,
2/6/2013,0.04214,,,,,,,,
2/7/2013,0.04214,,,,,,,,
2/8/2013,0.04214,,,,,,,,
2/9/2013,0.04214,,,,,,,,
2/10/2013,0.04214,,,,,,,,
2/11/2013,0.04214,,,,,,,,
2/12/2013,0.04214,,,,,,,,
2/13/2013,0.04214,,,,,,,,
2/14/2013,0.04214,,,,,,,,
2/15/2013,0.04214,,,,,,,,
2/16/2013,0.04214,,,,,,,,
2/17/2013,0.04214,,,,,,,,
2/18/2013,0.04214,,,,,,,,
2/19/2013,0.04214,,,,,,,,
2/20/2013,0.04214,,,,,,,,
2/21/2013,0.04214,,,,,,,,
2/22/2013,0.04214,,,,,,,,
2/23/2013,0.04214,,,,,,,,
2/24/2013,0.04214,,,,,,,,
2/25/2013,0.04214,,,,,,,,
2/26/2013,0.04214,,,,,,,,
2/27/2013,0.04214,,,,,,,,
2/28/2013,0.04214,,,,,,,,
3/1/2013,0.07387,,,,,,,,
3/2/2013,0.07387,,,,,,,,
3/3/2013,0.07387,,,,,,,,
3/4/2013,0.07387,,,,,,,,
3/5/2013,0.07387,,,,,,,,
3/6/2013,0.07387,,,,,,,,
3/7/2013,0.07387,,,,,,,,
3/8/2013,0.07387,,,,,,,,
3/9/2013,0.07387,,,,,,,,
3/10/2013,0.07387,,,,,,,,
3/11/2013,0.07387,,,,,,,,
3/12/2013,0.07387,,,,,,,,
3/13/2013,0.07387,,,,,,,,
3/14/2013,0.07387,,,,,,,,
3/15/2013,0.07387,,,,,,,,
3/16/2013,0.07387,,,,,,,,
3/17/2013,0.07387,,,,,,,,
3/18/2013,0.07387,,,,,,,,
3/19/2013,0.07387,,,,,,,,
3/20/2013,0.07387,,,,,,,,
3/21/2013,0.07387,,,,,,,,
3/22/2013,0.07387,,,,,,,,
3/23/2013,0.07387,,,,,,,,
3/24/2013,0.07387,,,,,,,,
3/25/2013,0.07387,,,,,,,,
3/26/2013,0.07387,,,,,,,,
3/27/2013,0.07387,,,,,,,,
3/28/2013,0.07387,,,,,,,,
3/29/2013,0.07387,,,,,,,,
3/30/2013,0.07387,,,,,,,,
3/31/2013,0.07387,,,,,,,,
4/1/2013,0.11033,,,,,,,,
4/2/2013,0.11033,,,,,,,,
4/3/2013,0.11033,,,,,,,,
4/4/2013,0.11033,,,,,,,,
4/5/2013,0.11033,,,,,,,,
4/6/2013,0.11033,,,,,,,,
4/7/2013,0.11033,,,,,,,,
4/8/2013,0.11033,,,,,,,,
4/9/2013,0.11033,,,,,,,,
4/10/2013,0.11033,,,,,,,,
4/11/2013,0.11033,,,,,,,,
4/12/2013,0.11033,,,,,,,,
4/13/2013,0.11033,,,,,,,,
4/14/2013,0.11033,,,,,,,,
4/15/2013,0.11033,,,,,,,,
4/16/2013,0.11033,,,,,,,,
4/17/2013,0.11033,,,,,,,,
4/18/2013,0.11033,,,,,,,,
4/19/2013,0.11033,,,,,,,,
4/20/2013,0.11033,,,,,,,,
4/21/2013,0.11033,,,,,,,,
4/22/2013,0.11033,,,,,,,,
4/23/2013,0.11033,,,,,,,,
4/24/2013,0.11033,,,,,,,,
4/25/2013,0.11033,,,,,,,,
4/26/2013,0.11033,,,,,,,,
4/27/2013,0.11033,,,,,,,,
4/28/2013,0.11033,,,,,,,,
4/29/2013,0.11033,,,,,,,,
4/30/2013,0.11033,,,,,,,,
5/1/2013,0.16613,,,,,,,,
5/2/2013,0.16613,,,,,,,,
5/3/2013,0.16613,,,,,,,,
5/4/2013,0.16613,,,,,,,,
5/5/2013,0.16613,,,,,,,,
5/6/2013,0.16613,,,,,,,,
5/7/2013,0.16613,,,,,,,,
5/8/2013,0.16613,,,,,,,,
5/9/2013,0.16613,,,,,,,,
5/10/2013,0.16613,,,,,,,,
5/11/2013,0.16613,,,,,,,,
5/12/2013,0.16613,,,,,,,,
5/13/2013,0.16613,,,,,,,,
5/14/2013,0.16613,,,,,,,,
5/15/2013,0.16613,,,,,,,,
5/16/2013,0.16613,,,,,,,,
5/17/2013,0.16613,,,,,,,,
5/18/2013,0.16613,,,,,,,,
5/19/2013,0.16613,,,,,,,,
5/20/2013,0.16613,,,,,,,,
5/21/2013,0.16613,,,,,,,,
5/22/2013,0.16613,,,,,,,,
5/23/2013,0.16613,,,,,,,,
5/24/2013,0.16613,,,,,,,,
5/25/2013,0.16613,,,,,,,,
5/26/2013,0.16613,,,,,,,,
5/27/2013,0.16613,,,,,,,,
5/28/2013,0.16613,,,,,,,,
5/29/2013,0.16613,,,,,,,,
5/30/2013,0.16613,,,,,,,,
5/31/2013,0.16613,,,,,,,,
6/1/2013,0.20033,,,,,,,,
6/2/2013,0.20033,,,,,,,,
6/3/2013,0.20033,,,,,,,,
6/4/2013,0.20033,,,,,,,,
6/5/2013,0.20033,,,,,,,,
6/6/2013,0.20033,,,,,,,,
6/7/2013,0.20033,,,,,,,,
6/8/2013,0.20033,,,,,,,,
6/9/2013,0.20033,,,,,,,,
6/10/2013,0.20033,,,,,,,,
6/11/2013,0.20033,,,,,,,,
6/12/2013,0.20033,,,,,,,,
6/13/2013,0.20033,,,,,,,,
6/14/2013,0.20033,,,,,,,,
6/15/2013,0.20033,,,,,,,,
6/16/2013,0.20033,,,,,,,,
6/17/2013,0.20033,,,,,,,,
6/18/2013,0.20033,,,,,,,,
6/19/2013,0.20033,,,,,,,,
6/20/2013,0.20033,,,,,,,,
6/21/2013,0.20033,,,,,,,,
6/22/2013,0.20033,,,,,,,,
6/23/2013,0.20033,,,,,,,,
6/24/2013,0.20033,,,,,,,,
6/25/2013,0.20033,,,,,,,,
6/26/2013,0.20033,,,,,,,,
6/27/2013,0.20033,,,,,,,,
6/28/2013,0.20033,,,,,,,,
6/29/2013,0.20033,,,,,,,,
6/30/2013,0.20033,,,,,,,,
7/1/2013,0.23871,,,,,,,,
7/2/2013,0.23871,,,,,,,,
7/3/2013,0.23871,,,,,,,,
7/4/2013,0.23871,,,,,,,,
7/5/2013,0.23871,,,,,,,,
7/6/2013,0.23871,,,,,,,,
7/7/2013,0.23871,,,,,,,,
7/8/2013,0.23871,,,,,,,,
7/9/2013,0.23871,,,,,,,,
7/10/2013,0.23871,,,,,,,,
7/11/2013,0.23871,,,,,,,,
7/12/2013,0.23871,,,,,,,,
7/13/2013,0.23871,,,,,,,,
7/14/2013,0.23871,,,,,,,,
7/15/2013,0.23871,,,,,,,,
7/16/2013,0.23871,,,,,,,,
7/17/2013,0.23871,,,,,,,,
7/18/2013,0.23871,,,,,,,,
7/19/2013,0.23871,,,,,,,,
7/20/2013,0.23871,,,,,,,,
7/21/2013,0.23871,,,,,,,,
7/22/2013,0.23871,,,,,,,,
7/23/2013,0.23871,,,,,,,,
7/24/2013,0.23871,,,,,,,,
7/25/2013,0.23871,,,,,,,,
7/26/2013,0.23871,,,,,,,,
7/27/2013,0.23871,,,,,,,,
7/28/2013,0.23871,,,,,,,,
7/29/2013,0.23871,,,,,,,,
7/30/2013,0.23871,,,,,,,,
7/31/2013,0.23871,,,,,,,,
8/1/2013,0.21871,,,,,,,,
8/2/2013,0.21871,,,,,,,,
8/3/2013,0.21871,,,,,,,,
8/4/2013,0.21871,,,,,,,,
8/5/2013,0.21871,,,,,,,,
8/6/2013,0.21871,,,,,,,,
8/7/2013,0.21871,,,,,,,,
8/8/2013,0.21871,,,,,,,,
8/9/2013,0.21871,,,,,,,,
8/10/2013,0.21871,,,,,,,,
8/11/2013,0.21871,,,,,,,,
8/12/2013,0.21871,,,,,,,,
8/13/2013,0.21871,,,,,,,,
8/14/2013,0.21871,,,,,,,,
8/15/2013,0.21871,,,,,,,,
8/16/2013,0.21871,,,,,,,,
8/17/2013,0.21871,,,,,,,,
8/18/2013,0.21871,,,,,,,,
8/19/2013,0.21871,,,,,,,,
8/20/2013,0.21871,,,,,,,,
8/21/2013,0.21871,,,,,,,,
8/22/2013,0.21871,,,,,,,,
8/23/2013,0.21871,,,,,,,,
8/24/2013,0.21871,,,,,,,,
8/25/2013,0.21871,,,,,,,,
8/26/2013,0.21871,,,,,,,,
8/27/2013,0.21871,,,,,,,,
8/28/2013,0.21871,,,,,,,,
8/29/2013,0.21871,,,,,,,,
8/30/2013,0.21871,,,,,,,,
8/31/2013,0.21871,,,,,,,,
9/1/2013,0.156,,,,,,,,
9/2/2013,0.156,,,,,,,,
9/3/2013,0.156,,,,,,,,
9/4/2013,0.156,,,,,,,,
9/5/2013,0.156,,,,,,,,
9/6/2013,0.156,,,,,,,,
9/7/2013,0.156,,,,,,,,
9/8/2013,0.156,,,,,,,,
9/9/2013,0.156,,,,,,,,
9/10/2013,0.156,,,,,,,,
9/11/2013,0.156,,,,,,,,
9/12/2013,0.156,,,,,,,,
9/13/2013,0.156,,,,,,,,
9/14/2013,0.156,,,,,,,,
9/15/2013,0.156,,,,,,,,
9/16/2013,0.156,,,,,,,,
9/17/2013,0.156,,,,,,,,
9/18/2013,0.156,,,,,,,,
9/19/2013,0.156,,,,,,,,
9/20/2013,0.156,,,,,,,,
9/21/2013,0.156,,,,,,,,
9/22/2013,0.156,,,,,,,,
9/23/2013,0.156,,,,,,,,
9/24/2013,0.156,,,,,,,,
9/25/2013,0.156,,,,,,,,
9/26/2013,0.156,,,,,,,,
9/27/2013,0.156,,,,,,,,
9/28/2013,0.156,,,,,,,,
9/29/2013,0.156,,,,,,,,
9/30/2013,0.156,,,,,,,,
10/1/2013,0.0771,,,,,,,,
10/2/2013,0.0771,,,,,,,,
10/3/2013,0.0771,,,,,,,,
10/4/2013,0.0771,,,,,,,,
10/5/2013,0.0771,,,,,,,,
10/6/2013,0.0771,,,,,,,,
10/7/2013,0.0771,,,,,,,,
10/8/2013,0.0771,,,,,,,,
10/9/2013,0.0771,,,,,,,,
10/10/2013,0.0771,,,,,,,,
10/11/2013,0.0771,,,,,,,,
10/12/2013,0.0771,,,,,,,,
10/13/2013,0.0771,,,,,,,,
10/14/2013,0.0771,,,,,,,,
10/15/2013,0.0771,,,,,,,,
10/16/2013,0.0771,,,,,,,,
10/17/2013,0.0771,,,,,,,,
10/18/2013,0.0771,,,,,,,,
10/19/2013,0.0771,,,,,,,,
10/20/2013,0.0771,,,,,,,,
10/21/2013,0.0771,,,,,,,,
10/22/2013,0.0771,,,,,,,,
10/23/2013,0.0771,,,,,,,,
10/24/2013,0.0771,,,,,,,,
10/25/2013,0.0771,,,,,,,,
10/26/2013,0.0771,,,,,,,,
10/27/2013,0.0771,,,,,,,,
10/28/2013,0.0771,,,,,,,,
10/29/2013,0.0771,,,,,,,,
10/30/2013,0.0771,,,,,,,,
10/31/2013,0.0771,,,,,,,,
11/1/2013,0.035,,,,,,,,
11/2/2013,0.035,,,,,,,,
11/3/2013,0.035,,,,,,,,
11/4/2013,0.035,,,,,,,,
11/5/2013,0.035,,,,,,,,
11/6/2013,0.035,,,,,,,,
11/7/2013,0.035,,,,,,,,
11/8/2013,0.035,,,,,,,,
11/9/2013,0.035,,,,,,,,
11/10/2013,0.035,,,,,,,,
11/11/2013,0.035,,,,,,,,
11/12/2013,0.035,,,,,,,,
11/13/2013,0.035,,,,,,,,
11/14/2013,0.035,,,,,,,,
11/15/2013,0.035,,,,,,,,
11/16/2013,0.035,,,,,,,,
11/17/2013,0.035,,,,,,,,
11/18/2013,0.035,,,,,,,,
11/19/2013,0.035,,,,,,,,
11/20/2013,0.035,,,,,,,,
11/21/2013,0.035,,,,,,,,
11/22/2013,0.035,,,,,,,,
11/23/2013,0.035,,,,,,,,
11/24/2013,0.035,,,,,,,,
11/25/2013,0.035,,,,,,,,
11/26/2013,0.035,,,,,,,,
11/27/2013,0.035,,,,,,,,
11/28/2013,0.035,,,,,,,,
11/29/2013,0.035,,,,,,,,
11/30/2013,0.035,,,,,,,,
12/1/2013,0.01839,,,,,,,,
12/2/2013,0.01839,,,,,,,,
12/3/2013,0.01839,,,,,,,,
12/4/2013,0.01839,,,,,,,,
12/5/2013,0.01839,,,,,,,,
12/6/2013,0.01839,,,,,,,,
12/7/2013,0.01839,,,,,,,,
12/8/2013,0.01839,,,,,,,,
12/9/2013,0.01839,,,,,,,,
12/10/2013,0.01839,,,,,,,,
12/11/2013,0.01839,,,,,,,,
12/12/2013,0.01839,,,,,,,,
12/13/2013,0.01839,,,,,,,,
12/14/2013,0.01839,,,,,,,,
12/15/2013,0.01839,,,,,,,,
12/16/2013,0.01839,,,,,,,,
12/17/2013,0.01839,,,,,,,,
12/18/2013,0.01839,,,,,,,,
12/19/2013,0.01839,,,,,,,,
12/20/2013,0.01839,,,,,,,,
12/21/2013,0.01839,,,,,,,,
12/22/2013,0.01839,,,,,,,,
12/23/2013,0.01839,,,,,,,,
12/24/2013,0.01839,,,,,,,,
12/25/2013,0.01839,,,,,,,,
12/26/2013,0.01839,,,,,,,,
12/27/2013,0.01839,,,,,,,,
12/28/2013,0.01839,,,,,,,,
12/29/2013,0.01839,,,,,,,,
12/30/2013,0.01839,,,,,,,,
12/31/2013,0.01839,,,,,,,,
1/1/2014,0.02032,,,,,,,,
1/2/2014,0.02032,,,,,,,,
1/3/2014,0.02032,,,,,,,,
1/4/2014,0.02032,,,,,,,,
1/5/2014,0.02032,,,,,,,,
1/6/2014,0.02032,,,,,,,,
1/7/2014,0.02032,,,,,,,,
1/8/2014,0.02032,,,,,,,,
1/9/2014,0.02032,,,,,,,,
1/10/2014,0.02032,,,,,,,,
1/11/2014,0.02032,,,,,,,,
1/12/2014,0.02032,,,,,,,,
1/13/2014,0.02032,,,,,,,,
1/14/2014,0.02032,,,,,,,,
1/15/2014,0.02032,,,,,,,,
1/16/2014,0.02032,,,,,,,,
1/17/2014,0.02032,,,,,,,,
1/18/2014,0.02032,,,,,,,,
1/19/2014,0.02032,,,,,,,,
1/20/2014,0.02032,,,,,,,,
1/21/2014,0.02032,,,,,,,,
1/22/2014,0.02032,,,,,,,,
1/23/2014,0.02032,,,,,,,,
1/24/2014,0.02032,,,,,,,,
1/25/2014,0.02032,,,,,,,,
1/26/2014,0.02032,,,,,,,,
1/27/2014,0.02032,,,,,,,,
1/28/2014,0.02032,,,,,,,,
1/29/2014,0.02032,,,,,,,,
1/30/2014,0.02032,,,,,,,,
1/31/2014,0.02032,,,,,,,,
2/1/2014,0.04214,,,,,,,,
2/2/2014,0.04214,,,,,,,,
2/3/2014,0.04214,,,,,,,,
2/4/2014,0.04214,,,,,,,,
2/5/2014,0.04214,,,,,,,,
2/6/2014,0.04214,,,,,,,,
2/7/2014,0.04214,,,,,,,,
2/8/2014,0.04214,,,,,,,,
2/9/2014,0.04214,,,,,,,,
2/10/2014,0.04214,,,,,,,,
2/11/2014,0.04214,,,,,,,,
2/12/2014,0.04214,,,,,,,,
2/13/2014,0.04214,,,,,,,,
2/14/2014,0.04214,,,,,,,,
2/15/2014,0.04214,,,,,,,,
2/16/2014,0.04214,,,,,,,,
2/17/2014,0.04214,,,,,,,,
2/18/2014,0.04214,,,,,,,,
2/19/2014,0.04214,,,,,,,,
2/20/2014,0.04214,,,,,,,,
2/21/2014,0.04214,,,,,,,,
2/22/2014,0.04214,,,,,,,,
2/23/2014,0.04214,,,,,,,,
2/24/2014,0.04214,,,,,,,,
2/25/2014,0.04214,,,,,,,,
2/26/2014,0.04214,,,,,,,,
2/27/2014,0.04214,,,,,,,,
2/28/2014,0.04214,,,,,,,,
3/1/2014,0.07387,,,,,,,,
3/2/2014,0.07387,,,,,,,,
3/3/2014,0.07387,,,,,,,,
3/4/2014,0.07387,,,,,,,,
3/5/2014,0.07387,,,,,,,,
3/6/2014,0.07387,,,,,,,,
3/7/2014,0.07387,,,,,,,,
3/8/2014,0.07387,,,,,,,,
3/9/2014,0.07387,,,,,,,,
3/10/2014,0.07387,,,,,,,,
3/11/2014,0.07387,,,,,,,,
3/12/2014,0.07387,,,,,,,,
3/13/2014,0.07387,,,,,,,,
3/14/2014,0.07387,,,,,,,,
3/15/2014,0.07387,,,,,,,,
3/16/2014,0.07387,,,,,,,,
3/17/2014,0.07387,,,,,,,,
3/18/2014,0.07387,,,,,,,,
3/19/2014,0.07387,,,,,,,,
3/20/2014,0.07387,,,,,,,,
3/21/2014,0.07387,,,,,,,,
3/22/2014,0.07387,,,,,,,,
3/23/2014,0.07387,,,,,,,,
3/24/2014,0.07387,,,,,,,,
3/25/2014,0.07387,,,,,,,,
3/26/2014,0.07387,,,,,,,,
3/27/2014,0.07387,,,,,,,,
3/28/2014,0.07387,,,,,,,,
3/29/2014,0.07387,,,,,,,,
3/30/2014,0.07387,,,,,,,,
3/31/2014,0.07387,,,,,,,,
4/1/2014,0.11033,,,,,,,,
4/2/2014,0.11033,,,,,,,,
4/3/2014,0.11033,,,,,,,,
4/4/2014,0.11033,,,,,,,,
4/5/2014,0.11033,,,,,,,,
4/6/2014,0.11033,,,,,,,,
4/7/2014,0.11033,,,,,,,,
4/8/2014,0.11033,,,,,,,,
4/9/2014,0.11033,,,,,,,,
4/10/2014,0.11033,,,,,,,,
4/11/2014,0.11033,,,,,,,,
4/12/2014,0.11033,,,,,,,,
4/13/2014,0.11033,,,,,,,,
4/14/2014,0.11033,,,,,,,,
4/15/2014,0.11033,,,,,,,,
4/16/2014,0.11033,,,,,,,,
4/17/2014,0.11033,,,,,,,,
4/18/2014,0.11033,,,,,,,,
4/19/2014,0.11033,,,,,,,,
4/20/2014,0.11033,,,,,,,,
4/21/2014,0.11033,,,,,,,,
4/22/2014,0.11033,,,,,,,,
4/23/2014,0.11033,,,,,,,,
4/24/2014,0.11033,,,,,,,,
4/25/2014,0.11033,,,,,,,,
4/26/2014,0.11033,,,,,,,,
4/27/2014,0.11033,,,,,,,,
4/28/2014,0.11033,,,,,,,,
4/29/2014,0.11033,,,,,,,,
4/30/2014,0.11033,,,,,,,,
5/1/2014,0.16613,,,,,,,,
5/2/2014,0.16613,,,,,,,,
5/3/2014,0.16613,,,,,,,,
5/4/2014,0.16613,,,,,,,,
5/5/2014,0.16613,,,,,,,,
5/6/2014,0.16613,,,,,,,,
5/7/2014,0.16613,,,,,,,,
5/8/2014,0.16613,,,,,,,,
5/9/2014,0.16613,,,,,,,,
5/10/2014,0.16613,,,,,,,,
5/11/2014,0.16613,,,,,,,,
5/12/2014,0.16613,,,,,,,,
5/13/2014,0.16613,,,,,,,,
5/14/2014,0.16613,,,,,,,,
5/15/2014,0.16613,,,,,,,,
5/16/2014,0.16613,,,,,,,,
5/17/2014,0.16613,,,,,,,,
5/18/2014,0.16613,,,,,,,,
5/19/2014,0.16613,,,,,,,,
5/20/2014,0.16613,,,,,,,,
5/21/2014,0.16613,,,,,,,,
5/22/2014,0.16613,,,,,,,,
5/23/2014,0.16613,,,,,,,,
5/24/2014,0.16613,,,,,,,,
5/25/2014,0.16613,,,,,,,,
5/26/2014,0.16613,,,,,,,,
5/27/2014,0.16613,,,,,,,,
5/28/2014,0.16613,,,,,,,,
5/29/2014,0.16613,,,,,,,,
5/30/2014,0.16613,,,,,,,,
5/31/2014,0.16613,,,,,,,,
6/1/2014,0.20033,,,,,,,,
6/2/2014,0.20033,,,,,,,,
6/3/2014,0.20033,,,,,,,,
6/4/2014,0.20033,,,,,,,,
6/5/2014,0.20033,,,,,,,,
6/6/2014,0.20033,,,,,,,,
6/7/2014,0.20033,,,,,,,,
6/8/2014,0.20033,,,,,,,,
6/9/2014,0.20033,,,,,,,,
6/10/2014,0.20033,,,,,,,,
6/11/2014,0.20033,,,,,,,,
6/12/2014,0.20033,,,,,,,,
6/13/2014,0.20033,,,,,,,,
6/14/2014,0.20033,,,,,,,,
6/15/2014,0.20033,,,,,,,,
6/16/2014,0.20033,,,,,,,,
6/17/2014,0.20033,,,,,,,,
6/18/2014,0.20033,,,,,,,,
6/19/2014,0.20033,,,,,,,,
6/20/2014,0.20033,,,,,,,,
6/21/2014,0.20033,,,,,,,,
6/22/2014,0.20033,,,,,,,,
6/23/2014,0.20033,,,,,,,,
6/24/2014,0.20033,,,,,,,,
6/25/2014,0.20033,,,,,,,,
6/26/2014,0.20033,,,,,,,,
6/27/2014,0.20033,,,,,,,,
6/28/2014,0.20033,,,,,,,,
6/29/2014,0.20033,,,,,,,,
6/30/2014,0.20033,,,,,,,,
7/1/2014,0.23871,,,,,,,,
7/2/2014,0.23871,,,,,,,,
7/3/2014,0.23871,,,,,,,,
7/4/2014,0.23871,,,,,,,,
7/5/2014,0.23871,,,,,,,,
7/6/2014,0.23871,,,,,,,,
7/7/2014,0.23871,,,,,,,,
7/8/2014,0.23871,,,,,,,,
7/9/2014,0.23871,,,,,,,,
7/10/2014,0.23871,,,,,,,,
7/11/2014,0.23871,,,,,,,,
7/12/2014,0.23871,,,,,,,,
7/13/2014,0.23871,,,,,,,,
7/14/2014,0.23871,,,,,,,,
7/15/2014,0.23871,,,,,,,,
7/16/2014,0.23871,,,,,,,,
7/17/2014,0.23871,,,,,,,,
7/18/2014,0.23871,,,,,,,,
7/19/2014,0.23871,,,,,,,,
7/20/2014,0.23871,,,,,,,,
7/21/2014,0.23871,,,,,,,,
7/22/2014,0.23871,,,,,,,,
7/23/2014,0.23871,,,,,,,,
7/24/2014,0.23871,,,,,,,,
7/25/2014,0.23871,,,,,,,,
7/26/2014,0.23871,,,,,,,,
7/27/2014,0.23871,,,,,,,,
7/28/2014,0.23871,,,,,,,,
7/29/2014,0.23871,,,,,,,,
7/30/2014,0.23871,,,,,,,,
7/31/2014,0.23871,,,,,,,,
8/1/2014,0.21871,,,,,,,,
8/2/2014,0.21871,,,,,,,,
8/3/2014,0.21871,,,,,,,,
8/4/2014,0.21871,,,,,,,,
8/5/2014,0.21871,,,,,,,,
8/6/2014,0.21871,,,,,,,,
8/7/2014,0.21871,,,,,,,,
8/8/2014,0.21871,,,,,,,,
8/9/2014,0.21871,,,,,,,,
8/10/2014,0.21871,,,,,,,,
8/11/2014,0.21871,,,,,,,,
8/12/2014,0.21871,,,,,,,,
8/13/2014,0.21871,,,,,,,,
8/14/2014,0.21871,,,,,,,,
8/15/2014,0.21871,,,,,,,,
8/16/2014,0.21871,,,,,,,,
8/17/2014,0.21871,,,,,,,,
8/18/2014,0.21871,,,,,,,,
8/19/2014,0.21871,,,,,,,,
8/20/2014,0.21871,,,,,,,,
8/21/2014,0.21871,,,,,,,,
8/22/2014,0.21871,,,,,,,,
8/23/2014,0.21871,,,,,,,,
8/24/2014,0.21871,,,,,,,,
8/25/2014,0.21871,,,,,,,,
8/26/2014,0.21871,,,,,,,,
8/27/2014,0.21871,,,,,,,,
8/28/2014,0.21871,,,,,,,,
8/29/2014,0.21871,,,,,,,,
8/30/2014,0.21871,,,,,,,,
8/31/2014,0.21871,,,,,,,,
9/1/2014,0.156,,,,,,,,
9/2/2014,0.156,,,,,,,,
9/3/2014,0.156,,,,,,,,
9/4/2014,0.156,,,,,,,,
9/5/2014,0.156,,,,,,,,
9/6/2014,0.156,,,,,,,,
9/7/2014,0.156,,,,,,,,
9/8/2014,0.156,,,,,,,,
9/9/2014,0.156,,,,,,,,
9/10/2014,0.156,,,,,,,,
9/11/2014,0.156,,,,,,,,
9/12/2014,0.156,,,,,,,,
9/13/2014,0.156,,,,,,,,
9/14/2014,0.156,,,,,,,,
9/15/2014,0.156,,,,,,,,
9/16/2014,0.156,,,,,,,,
9/17/2014,0.156,,,,,,,,
9/18/2014,0.156,,,,,,,,
9/19/2014,0.156,,,,,,,,
9/20/2014,0.156,,,,,,,,
9/21/2014,0.156,,,,,,,,
9/22/2014,0.156,,,,,,,,
9/23/2014,0.156,,,,,,,,
9/24/2014,0.156,,,,,,,,
9/25/2014,0.156,,,,,,,,
9/26/2014,0.156,,,,,,,,
9/27/2014,0.156,,,,,,,,
9/28/2014,0.156,,,,,,,,
9/29/2014,0.156,,,,,,,,
9/30/2014,0.156,,,,,,,,
10/1/2014,0.0771,,,,,,,,
10/2/2014,0.0771,,,,,,,,
10/3/2014,0.0771,,,,,,,,
10/4/2014,0.0771,,,,,,,,
10/5/2014,0.0771,,,,,,,,
10/6/2014,0.0771,,,,,,,,
10/7/2014,0.0771,,,,,,,,
10/8/2014,0.0771,,,,,,,,
10/9/2014,0.0771,,,,,,,,
10/10/2014,0.0771,,,,,,,,
10/11/2014,0.0771,,,,,,,,
10/12/2014,0.0771,,,,,,,,
10/13/2014,0.0771,,,,,,,,
10/14/2014,0.0771,,,,,,,,
10/15/2014,0.0771,,,,,,,,
10/16/2014,0.0771,,,,,,,,
10/17/2014,0.0771,,,,,,,,
10/18/2014,0.0771,,,,,,,,
10/19/2014,0.0771,,,,,,,,
10/20/2014,0.0771,,,,,,,,
10/21/2014,0.0771,,,,,,,,
10/22/2014,0.0771,,,,,,,,
10/23/2014,0.0771,,,,,,,,
10/24/2014,0.0771,,,,,,,,
10/25/2014,0.0771,,,,,,,,
10/26/2014,0.0771,,,,,,,,
10/27/2014,0.0771,,,,,,,,
10/28/2014,0.0771,,,,,,,,
10/29/2014,0.0771,,,,,,,,
10/30/2014,0.0771,,,,,,,,
10/31/2014,0.0771,,,,,,,,
11/1/2014,0.035,,,,,,,,
11/2/2014,0.035,,,,,,,,
11/3/2014,0.035,,,,,,,,
11/4/2014,0.035,,,,,,,,
11/5/2014,0.035,,,,,,,,
11/6/2014,0.035,,,,,,,,
11/7/2014,0.035,,,,,,,,
11/8/2014,0.035,,,,,,,,
11/9/2014,0.035,,,,,,,,
11/10/2014,0.035,,,,,,,,
11/11/2014,0.035,,,,,,,,
11/12/2014,0.035,,,,,,,,
11/13/2014,0.035,,,,,,,,
11/14/2014,0.035,,,,,,,,
11/15/2014,0.035,,,,,,,,
11/16/2014,0.035,,,,,,,,
11/17/2014,0.035,,,,,,,,
11/18/2014,0.035,,,,,,,,
11/19/2014,0.035,,,,,,,,
11/20/2014,0.035,,,,,,,,
11/21/2014,0.035,,,,,,,,
11/22/2014,0.035,,,,,,,,
11/23/2014,0.035,,,,,,,,
11/24/2014,0.035,,,,,,,,
11/25/2014,0.035,,,,,,,,
11/26/2014,0.035,,,,,,,,
11/27/2014,0.035,,,,,,,,
11/28/2014,0.035,,,,,,,,
11/29/2014,0.035,,,,,,,,
11/30/2014,0.035,,,,,,,,
12/1/2014,0.01839,,,,,,,,
12/2/2014,0.01839,,,,,,,,
12/3/2014,0.01839,,,,,,,,
12/4/2014,0.01839,,,,,,,,
12/5/2014,0.01839,,,,,,,,
12/6/2014,0.01839,,,,,,,,
12/7/2014,0.01839,,,,,,,,
12/8/2014,0.01839,,,,,,,,
12/9/2014,0.01839,,,,,,,,
12/10/2014,0.01839,,,,,,,,
12/11/2014,0.01839,,,,,,,,
12/12/2014,0.01839,,,,,,,,
12/13/2014,0.01839,,,,,,,,
12/14/2014,0.01839,,,,,,,,
12/15/2014,0.01839,,,,,,,,
12/16/2014,0.01839,,,,,,,,
12/17/2014,0.01839,,,,,,,,
12/18/2014,0.01839,,,,,,,,
12/19/2014,0.01839,,,,,,,,
12/20/2014,0.01839,,,,,,,,
12/21/2014,0.01839,,,,,,,,
12/22/2014,0.01839,,,,,,,,
12/23/2014,0.01839,,,,,,,,
12/24/2014,0.01839,,,,,,,,
12/25/2014,0.01839,,,,,,,,
12/26/2014,0.01839,,,,,,,,
12/27/2014,0.01839,,,,,,,,
12/28/2014,0.01839,,,,,,,,
12/29/2014,0.01839,,,,,,,,
12/30/2014,0.01839,,,,,,,,
12/31/2014,0.01839,,,,,,,,
1/1/2015,0.02032,,,,,,,,
1/2/2015,0.02032,,,,,,,,
1/3/2015,0.02032,,,,,,,,
1/4/2015,0.02032,,,,,,,,
1/5/2015,0.02032,,,,,,,,
1/6/2015,0.02032,,,,,,,,
1/7/2015,0.02032,,,,,,,,
1/8/2015,0.02032,,,,,,,,
1/9/2015,0.02032,,,,,,,,
1/10/2015,0.02032,,,,,,,,
1/11/2015,0.02032,,,,,,,,
1/12/2015,0.02032,,,,,,,,
1/13/2015,0.02032,,,,,,,,
1/14/2015,0.02032,,,,,,,,
1/15/2015,0.02032,,,,,,,,
1/16/2015,0.02032,,,,,,,,
1/17/2015,0.02032,,,,,,,,
1/18/2015,0.02032,,,,,,,,
1/19/2015,0.02032,,,,,,,,
1/20/2015,0.02032,,,,,,,,
1/21/2015,0.02032,,,,,,,,
1/22/2015,0.02032,,,,,,,,
1/23/2015,0.02032,,,,,,,,
1/24/2015,0.02032,,,,,,,,
1/25/2015,0.02032,,,,,,,,
1/26/2015,0.02032,,,,,,,,
1/27/2015,0.02032,,,,,,,,
1/28/2015,0.02032,,,,,,,,
1/29/2015,0.02032,,,,,,,,
1/30/2015,0.02032,,,,,,,,
1/31/2015,0.02032,,,,,,,,
2/1/2015,0.04214,,,,,,,,
2/2/2015,0.04214,,,,,,,,
2/3/2015,0.04214,,,,,,,,
2/4/2015,0.04214,,,,,,,,
2/5/2015,0.04214,,,,,,,,
2/6/2015,0.04214,,,,,,,,
2/7/2015,0.04214,,,,,,,,
2/8/2015,0.04214,,,,,,,,
2/9/2015,0.04214,,,,,,,,
2/10/2015,0.04214,,,,,,,,
2/11/2015,0.04214,,,,,,,,
2/12/2015,0.04214,,,,,,,,
2/13/2015,0.04214,,,,,,,,
2/14/2015,0.04214,,,,,,,,
2/15/2015,0.04214,,,,,,,,
2/16/2015,0.04214,,,,,,,,
2/17/2015,0.04214,,,,,,,,
2/18/2015,0.04214,,,,,,,,
2/19/2015,0.04214,,,,,,,,
2/20/2015,0.04214,,,,,,,,
2/21/2015,0.04214,,,,,,,,
2/22/2015,0.04214,,,,,,,,
2/23/2015,0.04214,,,,,,,,
2/24/2015,0.04214,,,,,,,,
2/25/2015,0.04214,,,,,,,,
2/26/2015,0.04214,,,,,,,,
2/27/2015,0.04214,,,,,,,,
2/28/2015,0.04214,,,,,,,,
3/1/2015,0.07387,,,,,,,,
3/2/2015,0.07387,,,,,,,,
3/3/2015,0.07387,,,,,,,,
3/4/2015,0.07387,,,,,,,,
3/5/2015,0.07387,,,,,,,,
3/6/2015,0.07387,,,,,,,,
3/7/2015,0.07387,,,,,,,,
3/8/2015,0.07387,,,,,,,,
3/9/2015,0.07387,,,,,,,,
3/10/2015,0.07387,,,,,,,,
3/11/2015,0.07387,,,,,,,,
3/12/2015,0.07387,,,,,,,,
3/13/2015,0.07387,,,,,,,,
3/14/2015,0.07387,,,,,,,,
3/15/2015,0.07387,,,,,,,,
3/16/2015,0.07387,,,,,,,,
3/17/2015,0.07387,,,,,,,,
3/18/2015,0.07387,,,,,,,,
3/19/2015,0.07387,,,,,,,,
3/20/2015,0.07387,,,,,,,,
3/21/2015,0.07387,,,,,,,,
3/22/2015,0.07387,,,,,,,,
3/23/2015,0.07387,,,,,,,,
3/24/2015,0.07387,,,,,,,,
3/25/2015,0.07387,,,,,,,,
3/26/2015,0.07387,,,,,,,,
3/27/2015,0.07387,,,,,,,,
3/28/2015,0.07387,,,,,,,,
3/29/2015,0.07387,,,,,,,,
3/30/2015,0.07387,,,,,,,,
3/31/2015,0.07387,,,,,,,,
4/1/2015,0.11033,,,,,,,,
4/2/2015,0.11033,,,,,,,,
4/3/2015,0.11033,,,,,,,,
4/4/2015,0.11033,,,,,,,,
4/5/2015,0.11033,,,,,,,,
4/6/2015,0.11033,,,,,,,,
4/7/2015,0.11033,,,,,,,,
4/8/2015,0.11033,,,,,,,,
4/9/2015,0.11033,,,,,,,,
4/10/2015,0.11033,,,,,,,,
4/11/2015,0.11033,,,,,,,,
4/12/2015,0.11033,,,,,,,,
4/13/2015,0.11033,,,,,,,,
4/14/2015,0.11033,,,,,,,,
4/15/2015,0.11033,,,,,,,,
4/16/2015,0.11033,,,,,,,,
4/17/2015,0.11033,,,,,,,,
4/18/2015,0.11033,,,,,,,,
4/19/2015,0.11033,,,,,,,,
4/20/2015,0.11033,,,,,,,,
4/21/2015,0.11033,,,,,,,,
4/22/2015,0.11033,,,,,,,,
4/23/2015,0.11033,,,,,,,,
4/24/2015,0.11033,,,,,,,,
4/25/2015,0.11033,,,,,,,,
4/26/2015,0.11033,,,,,,,,
4/27/2015,0.11033,,,,,,,,
4/28/2015,0.11033,,,,,,,,
4/29/2015,0.11033,,,,,,,,
4/30/2015,0.11033,,,,,,,,
5/1/2015,0.16613,,,,,,,,
5/2/2015,0.16613,,,,,,,,
5/3/2015,0.16613,,,,,,,,
5/4/2015,0.16613,,,,,,,,
5/5/2015,0.16613,,,,,,,,
5/6/2015,0.16613,,,,,,,,
5/7/2015,0.16613,,,,,,,,
5/8/2015,0.16613,,,,,,,,
5/9/2015,0.16613,,,,,,,,
5/10/2015,0.16613,,,,,,,,
5/11/2015,0.16613,,,,,,,,
5/12/2015,0.16613,,,,,,,,
5/13/2015,0.16613,,,,,,,,
5/14/2015,0.16613,,,,,,,,
5/15/2015,0.16613,,,,,,,,
5/16/2015,0.16613,,,,,,,,
5/17/2015,0.16613,,,,,,,,
5/18/2015,0.16613,,,,,,,,
5/19/2015,0.16613,,,,,,,,
5/20/2015,0.16613,,,,,,,,
5/21/2015,0.16613,,,,,,,,
5/22/2015,0.16613,,,,,,,,
5/23/2015,0.16613,,,,,,,,
5/24/2015,0.16613,,,,,,,,
5/25/2015,0.16613,,,,,,,,
5/26/2015,0.16613,,,,,,,,
5/27/2015,0.16613,,,,,,,,
5/28/2015,0.16613,,,,,,,,
5/29/2015,0.16613,,,,,,,,
5/30/2015,0.16613,,,,,,,,
5/31/2015,0.16613,,,,,,,,
6/1/2015,0.20033,,,,,,,,
6/2/2015,0.20033,,,,,,,,
6/3/2015,0.20033,,,,,,,,
6/4/2015,0.20033,,,,,,,,
6/5/2015,0.20033,,,,,,,,
6/6/2015,0.20033,,,,,,,,
6/7/2015,0.20033,,,,,,,,
6/8/2015,0.20033,,,,,,,,
6/9/2015,0.20033,,,,,,,,
6/10/2015,0.20033,,,,,,,,
6/11/2015,0.20033,,,,,,,,
6/12/2015,0.20033,,,,,,,,
6/13/2015,0.20033,,,,,,,,
6/14/2015,0.20033,,,,,,,,
6/15/2015,0.20033,,,,,,,,
6/16/2015,0.20033,,,,,,,,
6/17/2015,0.20033,,,,,,,,
6/18/2015,0.20033,,,,,,,,
6/19/2015,0.20033,,,,,,,,
6/20/2015,0.20033,,,,,,,,
6/21/2015,0.20033,,,,,,,,
6/22/2015,0.20033,,,,,,,,
6/23/2015,0.20033,,,,,,,,
6/24/2015,0.20033,,,,,,,,
6/25/2015,0.20033,,,,,,,,
6/26/2015,0.20033,,,,,,,,
6/27/2015,0.20033,,,,,,,,
6/28/2015,0.20033,,,,,,,,
6/29/2015,0.20033,,,,,,,,
6/30/2015,0.20033,,,,,,,,
7/1/2015,0.23871,,,,,,,,
7/2/2015,0.23871,,,,,,,,
7/3/2015,0.23871,,,,,,,,
7/4/2015,0.23871,,,,,,,,
7/5/2015,0.23871,,,,,,,,
7/6/2015,0.23871,,,,,,,,
7/7/2015,0.23871,,,,,,,,
7/8/2015,0.23871,,,,,,,,
7/9/2015,0.23871,,,,,,,,
7/10/2015,0.23871,,,,,,,,
7/11/2015,0.23871,,,,,,,,
7/12/2015,0.23871,,,,,,,,
7/13/2015,0.23871,,,,,,,,
7/14/2015,0.23871,,,,,,,,
7/15/2015,0.23871,,,,,,,,
7/16/2015,0.23871,,,,,,,,
7/17/2015,0.23871,,,,,,,,
7/18/2015,0.23871,,,,,,,,
7/19/2015,0.23871,,,,,,,,
7/20/2015,0.23871,,,,,,,,
7/21/2015,0.23871,,,,,,,,
7/22/2015,0.23871,,,,,,,,
7/23/2015,0.23871,,,,,,,,
7/24/2015,0.23871,,,,,,,,
7/25/2015,0.23871,,,,,,,,
7/26/2015,0.23871,,,,,,,,
7/27/2015,0.23871,,,,,,,,
7/28/2015,0.23871,,,,,,,,
7/29/2015,0.23871,,,,,,,,
7/30/2015,0.23871,,,,,,,,
7/31/2015,0.23871,,,,,,,,
8/1/2015,0.21871,,,,,,,,
8/2/2015,0.21871,,,,,,,,
8/3/2015,0.21871,,,,,,,,
8/4/2015,0.21871,,,,,,,,
8/5/2015,0.21871,,,,,,,,
8/6/2015,0.21871,,,,,,,,
8/7/2015,0.21871,,,,,,,,
8/8/2015,0.21871,,,,,,,,
8/9/2015,0.21871,,,,,,,,
8/10/2015,0.21871,,,,,,,,
8/11/2015,0.21871,,,,,,,,
8/12/2015,0.21871,,,,,,,,
8/13/2015,0.21871,,,,,,,,
8/14/2015,0.21871,,,,,,,,
8/15/2015,0.21871,,,,,,,,
8/16/2015,0.21871,,,,,,,,
8/17/2015,0.21871,,,,,,,,
8/18/2015,0.21871,,,,,,,,
8/19/2015,0.21871,,,,,,,,
8/20/2015,0.21871,,,,,,,,
8/21/2015,0.21871,,,,,,,,
8/22/2015,0.21871,,,,,,,,
8/23/2015,0.21871,,,,,,,,
8/24/2015,0.21871,,,,,,,,
8/25/2015,0.21871,,,,,,,,
8/26/2015,0.21871,,,,,,,,
8/27/2015,0.21871,,,,,,,,
8/28/2015,0.21871,,,,,,,,
8/29/2015,0.21871,,,,,,,,
8/30/2015,0.21871,,,,,,,,
8/31/2015,0.21871,,,,,,,,
9/1/2015,0.156,,,,,,,,
9/2/2015,0.156,,,,,,,,
9/3/2015,0.156,,,,,,,,
9/4/2015,0.156,,,,,,,,
9/5/2015,0.156,,,,,,,,
9/6/2015,0.156,,,,,,,,
9/7/2015,0.156,,,,,,,,
9/8/2015,0.156,,,,,,,,
9/9/2015,0.156,,,,,,,,
9/10/2015,0.156,,,,,,,,
9/11/2015,0.156,,,,,,,,
9/12/2015,0.156,,,,,,,,
9/13/2015,0.156,,,,,,,,
9/14/2015,0.156,,,,,,,,
9/15/2015,0.156,,,,,,,,
9/16/2015,0.156,,,,,,,,
9/17/2015,0.156,,,,,,,,
9/18/2015,0.156,,,,,,,,
9/19/2015,0.156,,,,,,,,
9/20/2015,0.156,,,,,,,,
9/21/2015,0.156,,,,,,,,
9/22/2015,0.156,,,,,,,,
9/23/2015,0.156,,,,,,,,
9/24/2015,0.156,,,,,,,,
9/25/2015,0.156,,,,,,,,
9/26/2015,0.156,,,,,,,,
9/27/2015,0.156,,,,,,,,
9/28/2015,0.156,,,,,,,,
9/29/2015,0.156,,,,,,,,
9/30/2015,0.156,,,,,,,,
10/1/2015,0.0771,,,,,,,,
10/2/2015,0.0771,,,,,,,,
10/3/2015,0.0771,,,,,,,,
10/4/2015,0.0771,,,,,,,,
10/5/2015,0.0771,,,,,,,,
10/6/2015,0.0771,,,,,,,,
10/7/2015,0.0771,,,,,,,,
10/8/2015,0.0771,,,,,,,,
10/9/2015,0.0771,,,,,,,,
10/10/2015,0.0771,,,,,,,,
10/11/2015,0.0771,,,,,,,,
10/12/2015,0.0771,,,,,,,,
10/13/2015,0.0771,,,,,,,,
10/14/2015,0.0771,,,,,,,,
10/15/2015,0.0771,,,,,,,,
10/16/2015,0.0771,,,,,,,,
10/17/2015,0.0771,,,,,,,,
10/18/2015,0.0771,,,,,,,,
10/19/2015,0.0771,,,,,,,,
10/20/2015,0.0771,,,,,,,,
10/21/2015,0.0771,,,,,,,,
10/22/2015,0.0771,,,,,,,,
10/23/2015,0.0771,,,,,,,,
10/24/2015,0.0771,,,,,,,,
10/25/2015,0.0771,,,,,,,,
10/26/2015,0.0771,,,,,,,,
10/27/2015,0.0771,,,,,,,,
10/28/2015,0.0771,,,,,,,,
10/29/2015,0.0771,,,,,,,,
10/30/2015,0.0771,,,,,,,,
10/31/2015,0.0771,,,,,,,,
11/1/2015,0.035,,,,,,,,
11/2/2015,0.035,,,,,,,,
11/3/2015,0.035,,,,,,,,
11/4/2015,0.035,,,,,,,,
11/5/2015,0.035,,,,,,,,
11/6/2015,0.035,,,,,,,,
11/7/2015,0.035,,,,,,,,
11/8/2015,0.035,,,,,,,,
11/9/2015,0.035,,,,,,,,
11/10/2015,0.035,,,,,,,,
11/11/2015,0.035,,,,,,,,
11/12/2015,0.035,,,,,,,,
11/13/2015,0.035,,,,,,,,
11/14/2015,0.035,,,,,,,,
11/15/2015,0.035,,,,,,,,
11/16/2015,0.035,,,,,,,,
11/17/2015,0.035,,,,,,,,
11/18/2015,0.035,,,,,,,,
11/19/2015,0.035,,,,,,,,
11/20/2015,0.035,,,,,,,,
11/21/2015,0.035,,,,,,,,
11/22/2015,0.035,,,,,,,,
11/23/2015,0.035,,,,,,,,
11/24/2015,0.035,,,,,,,,
11/25/2015,0.035,,,,,,,,
11/26/2015,0.035,,,,,,,,
11/27/2015,0.035,,,,,,,,
11/28/2015,0.035,,,,,,,,
11/29/2015,0.035,,,,,,,,
11/30/2015,0.035,,,,,,,,
12/1/2015,0.01839,,,,,,,,
12/2/2015,0.01839,,,,,,,,
12/3/2015,0.01839,,,,,,,,
12/4/2015,0.01839,,,,,,,,
12/5/2015,0.01839,,,,,,,,
12/6/2015,0.01839,,,,,,,,
12/7/2015,0.01839,,,,,,,,
12/8/2015,0.01839,,,,,,,,
12/9/2015,0.01839,,,,,,,,
12/10/2015,0.01839,,,,,,,,
12/11/2015,0.01839,,,,,,,,
12/12/2015,0.01839,,,,,,,,
12/13/2015,0.01839,,,,,,,,
12/14/2015,0.01839,,,,,,,,
12/15/2015,0.01839,,,,,,,,
12/16/2015,0.01839,,,,,,,,
12/17/2015,0.01839,,,,,,,,
12/18/2015,0.01839,,,,,,,,
12/19/2015,0.01839,,,,,,,,
12/20/2015,0.01839,,,,,,,,
12/21/2015,0.01839,,,,,,,,
12/22/2015,0.01839,,,,,,,,
12/23/2015,0.01839,,,,,,,,
12/24/2015,0.01839,,,,,,,,
12/25/2015,0.01839,,,,,,,,
12/26/2015,0.01839,,,,,,,,
12/27/2015,0.01839,,,,,,,,
12/28/2015,0.01839,,,,,,,,
12/29/2015,0.01839,,,,,,,,
12/30/2015,0.01839,,,,,,,,
12/31/2015,0.01839,,,,,,,,
1/1/2016,0.02032,,,,,,,,
1/2/2016,0.02032,,,,,,,,
1/3/2016,0.02032,,,,,,,,
1/4/2016,0.02032,,,,,,,,
1/5/2016,0.02032,,,,,,,,
1/6/2016,0.02032,,,,,,,,
1/7/2016,0.02032,,,,,,,,
1/8/2016,0.02032,,,,,,,,
1/9/2016,0.02032,,,,,,,,
1/10/2016,0.02032,,,,,,,,
1/11/2016,0.02032,,,,,,,,
1/12/2016,0.02032,,,,,,,,
1/13/2016,0.02032,,,,,,,,
1/14/2016,0.02032,,,,,,,,
1/15/2016,0.02032,,,,,,,,
1/16/2016,0.02032,,,,,,,,
1/17/2016,0.02032,,,,,,,,
1/18/2016,0.02032,,,,,,,,
1/19/2016,0.02032,,,,,,,,
1/20/2016,0.02032,,,,,,,,
1/21/2016,0.02032,,,,,,,,
1/22/2016,0.02032,,,,,,,,
1/23/2016,0.02032,,,,,,,,
1/24/2016,0.02032,,,,,,,,
1/25/2016,0.02032,,,,,,,,
1/26/2016,0.02032,,,,,,,,
1/27/2016,0.02032,,,,,,,,
1/28/2016,0.02032,,,,,,,,
1/29/2016,0.02032,,,,,,,,
1/30/2016,0.02032,,,,,,,,
1/31/2016,0.02032,,,,,,,,
2/1/2016,0.04214,,,,,,,,
2/2/2016,0.04214,,,,,,,,
2/3/2016,0.04214,,,,,,,,
2/4/2016,0.04214,,,,,,,,
2/5/2016,0.04214,,,,,,,,
2/6/2016,0.04214,,,,,,,,
2/7/2016,0.04214,,,,,,,,
2/8/2016,0.04214,,,,,,,,
2/9/2016,0.04214,,,,,,,,
2/10/2016,0.04214,,,,,,,,
2/11/2016,0.04214,,,,,,,,
2/12/2016,0.04214,,,,,,,,
2/13/2016,0.04214,,,,,,,,
2/14/2016,0.04214,,,,,,,,
2/15/2016,0.04214,,,,,,,,
2/16/2016,0.04214,,,,,,,,
2/17/2016,0.04214,,,,,,,,
2/18/2016,0.04214,,,,,,,,
2/19/2016,0.04214,,,,,,,,
2/20/2016,0.04214,,,,,,,,
2/21/2016,0.04214,,,,,,,,
2/22/2016,0.04214,,,,,,,,
2/23/2016,0.04214,,,,,,,,
2/24/2016,0.04214,,,,,,,,
2/25/2016,0.04214,,,,,,,,
2/26/2016,0.04214,,,,,,,,
2/27/2016,0.04214,,,,,,,,
2/28/2016,0.04214,,,,,,,,
2/29/2016,0.04214,,,,,,,,
3/1/2016,0.07387,,,,,,,,
3/2/2016,0.07387,,,,,,,,
3/3/2016,0.07387,,,,,,,,
3/4/2016,0.07387,,,,,,,,
3/5/2016,0.07387,,,,,,,,
3/6/2016,0.07387,,,,,,,,
3/7/2016,0.07387,,,,,,,,
3/8/2016,0.07387,,,,,,,,
3/9/2016,0.07387,,,,,,,,
3/10/2016,0.07387,,,,,,,,
3/11/2016,0.07387,,,,,,,,
3/12/2016,0.07387,,,,,,,,
3/13/2016,0.07387,,,,,,,,
3/14/2016,0.07387,,,,,,,,
3/15/2016,0.07387,,,,,,,,
3/16/2016,0.07387,,,,,,,,
3/17/2016,0.07387,,,,,,,,
3/18/2016,0.07387,,,,,,,,
3/19/2016,0.07387,,,,,,,,
3/20/2016,0.07387,,,,,,,,
3/21/2016,0.07387,,,,,,,,
3/22/2016,0.07387,,,,,,,,
3/23/2016,0.07387,,,,,,,,
3/24/2016,0.07387,,,,,,,,
3/25/2016,0.07387,,,,,,,,
3/26/2016,0.07387,,,,,,,,
3/27/2016,0.07387,,,,,,,,
3/28/2016,0.07387,,,,,,,,
3/29/2016,0.07387,,,,,,,,
3/30/2016,0.07387,,,,,,,,
3/31/2016,0.07387,,,,,,,,
4/1/2016,0.11033,,,,,,,,
4/2/2016,0.11033,,,,,,,,
4/3/2016,0.11033,,,,,,,,
4/4/2016,0.11033,,,,,,,,
4/5/2016,0.11033,,,,,,,,
4/6/2016,0.11033,,,,,,,,
4/7/2016,0.11033,,,,,,,,
4/8/2016,0.11033,,,,,,,,
4/9/2016,0.11033,,,,,,,,
4/10/2016,0.11033,,,,,,,,
4/11/2016,0.11033,,,,,,,,
4/12/2016,0.11033,,,,,,,,
4/13/2016,0.11033,,,,,,,,
4/14/2016,0.11033,,,,,,,,
4/15/2016,0.11033,,,,,,,,
4/16/2016,0.11033,,,,,,,,
4/17/2016,0.11033,,,,,,,,
4/18/2016,0.11033,,,,,,,,
4/19/2016,0.11033,,,,,,,,
4/20/2016,0.11033,,,,,,,,
4/21/2016,0.11033,,,,,,,,
4/22/2016,0.11033,,,,,,,,
4/23/2016,0.11033,,,,,,,,
4/24/2016,0.11033,,,,,,,,
4/25/2016,0.11033,,,,,,,,
4/26/2016,0.11033,,,,,,,,
4/27/2016,0.11033,,,,,,,,
4/28/2016,0.11033,,,,,,,,
4/29/2016,0.11033,,,,,,,,
4/30/2016,0.11033,,,,,,,,
5/1/2016,0.16613,,,,,,,,
5/2/2016,0.16613,,,,,,,,
5/3/2016,0.16613,,,,,,,,
5/4/2016,0.16613,,,,,,,,
5/5/2016,0.16613,,,,,,,,
5/6/2016,0.16613,,,,,,,,
5/7/2016,0.16613,,,,,,,,
5/8/2016,0.16613,,,,,,,,
5/9/2016,0.16613,,,,,,,,
5/10/2016,0.16613,,,,,,,,
5/11/2016,0.16613,,,,,,,,
5/12/2016,0.16613,,,,,,,,
5/13/2016,0.16613,,,,,,,,
5/14/2016,0.16613,,,,,,,,
5/15/2016,0.16613,,,,,,,,
5/16/2016,0.16613,,,,,,,,
5/17/2016,0.16613,,,,,,,,
5/18/2016,0.16613,,,,,,,,
5/19/2016,0.16613,,,,,,,,
5/20/2016,0.16613,,,,,,,,
5/21/2016,0.16613,,,,,,,,
5/22/2016,0.16613,,,,,,,,
5/23/2016,0.16613,,,,,,,,
5/24/2016,0.16613,,,,,,,,
5/25/2016,0.16613,,,,,,,,
5/26/2016,0.16613,,,,,,,,
5/27/2016,0.16613,,,,,,,,
5/28/2016,0.16613,,,,,,,,
5/29/2016,0.16613,,,,,,,,
5/30/2016,0.16613,,,,,,,,
5/31/2016,0.16613,,,,,,,,
6/1/2016,0.20033,,,,,,,,
6/2/2016,0.20033,,,,,,,,
6/3/2016,0.20033,,,,,,,,
6/4/2016,0.20033,,,,,,,,
6/5/2016,0.20033,,,,,,,,
6/6/2016,0.20033,,,,,,,,
6/7/2016,0.20033,,,,,,,,
6/8/2016,0.20033,,,,,,,,
6/9/2016,0.20033,,,,,,,,
6/10/2016,0.20033,,,,,,,,
6/11/2016,0.20033,,,,,,,,
6/12/2016,0.20033,,,,,,,,
6/13/2016,0.20033,,,,,,,,
6/14/2016,0.20033,,,,,,,,
6/15/2016,0.20033,,,,,,,,
6/16/2016,0.20033,,,,,,,,
6/17/2016,0.20033,,,,,,,,
6/18/2016,0.20033,,,,,,,,
6/19/2016,0.20033,,,,,,,,
6/20/2016,0.20033,,,,,,,,
6/21/2016,0.20033,,,,,,,,
6/22/2016,0.20033,,,,,,,,
6/23/2016,0.20033,,,,,,,,
6/24/2016,0.20033,,,,,,,,
6/25/2016,0.20033,,,,,,,,
6/26/2016,0.20033,,,,,,,,
6/27/2016,0.20033,,,,,,,,
6/28/2016,0.20033,,,,,,,,
6/29/2016,0.20033,,,,,,,,
6/30/2016,0.20033,,,,,,,,
7/1/2016,0.23871,,,,,,,,
7/2/2016,0.23871,,,,,,,,
7/3/2016,0.23871,,,,,,,,
7/4/2016,0.23871,,,,,,,,
7/5/2016,0.23871,,,,,,,,
7/6/2016,0.23871,,,,,,,,
7/7/2016,0.23871,,,,,,,,
7/8/2016,0.23871,,,,,,,,
7/9/2016,0.23871,,,,,,,,
7/10/2016,0.23871,,,,,,,,
7/11/2016,0.23871,,,,,,,,
7/12/2016,0.23871,,,,,,,,
7/13/2016,0.23871,,,,,,,,
7/14/2016,0.23871,,,,,,,,
7/15/2016,0.23871,,,,,,,,
7/16/2016,0.23871,,,,,,,,
7/17/2016,0.23871,,,,,,,,
7/18/2016,0.23871,,,,,,,,
7/19/2016,0.23871,,,,,,,,
7/20/2016,0.23871,,,,,,,,
7/21/2016,0.23871,,,,,,,,
7/22/2016,0.23871,,,,,,,,
7/23/2016,0.23871,,,,,,,,
7/24/2016,0.23871,,,,,,,,
7/25/2016,0.23871,,,,,,,,
7/26/2016,0.23871,,,,,,,,
7/27/2016,0.23871,,,,,,,,
7/28/2016,0.23871,,,,,,,,
7/29/2016,0.23871,,,,,,,,
7/30/2016,0.23871,,,,,,,,
7/31/2016,0.23871,,,,,,,,
8/1/2016,0.21871,,,,,,,,
8/2/2016,0.21871,,,,,,,,
8/3/2016,0.21871,,,,,,,,
8/4/2016,0.21871,,,,,,,,
8/5/2016,0.21871,,,,,,,,
8/6/2016,0.21871,,,,,,,,
8/7/2016,0.21871,,,,,,,,
8/8/2016,0.21871,,,,,,,,
8/9/2016,0.21871,,,,,,,,
8/10/2016,0.21871,,,,,,,,
8/11/2016,0.21871,,,,,,,,
8/12/2016,0.21871,,,,,,,,
8/13/2016,0.21871,,,,,,,,
8/14/2016,0.21871,,,,,,,,
8/15/2016,0.21871,,,,,,,,
8/16/2016,0.21871,,,,,,,,
8/17/2016,0.21871,,,,,,,,
8/18/2016,0.21871,,,,,,,,
8/19/2016,0.21871,,,,,,,,
8/20/2016,0.21871,,,,,,,,
8/21/2016,0.21871,,,,,,,,
8/22/2016,0.21871,,,,,,,,
8/23/2016,0.21871,,,,,,,,
8/24/2016,0.21871,,,,,,,,
8/25/2016,0.21871,,,,,,,,
8/26/2016,0.21871,,,,,,,,
8/27/2016,0.21871,,,,,,,,
8/28/2016,0.21871,,,,,,,,
8/29/2016,0.21871,,,,,,,,
8/30/2016,0.21871,,,,,,,,
8/31/2016,0.21871,,,,,,,,
9/1/2016,0.156,,,,,,,,
9/2/2016,0.156,,,,,,,,
9/3/2016,0.156,,,,,,,,
9/4/2016,0.156,,,,,,,,
9/5/2016,0.156,,,,,,,,
9/6/2016,0.156,,,,,,,,
9/7/2016,0.156,,,,,,,,
9/8/2016,0.156,,,,,,,,
9/9/2016,0.156,,,,,,,,
9/10/2016,0.156,,,,,,,,
9/11/2016,0.156,,,,,,,,
9/12/2016,0.156,,,,,,,,
9/13/2016,0.156,,,,,,,,
9/14/2016,0.156,,,,,,,,
9/15/2016,0.156,,,,,,,,
9/16/2016,0.156,,,,,,,,
9/17/2016,0.156,,,,,,,,
9/18/2016,0.156,,,,,,,,
9/19/2016,0.156,,,,,,,,
9/20/2016,0.156,,,,,,,,
9/21/2016,0.156,,,,,,,,
9/22/2016,0.156,,,,,,,,
9/23/2016,0.156,,,,,,,,
9/24/2016,0.156,,,,,,,,
9/25/2016,0.156,,,,,,,,
9/26/2016,0.156,,,,,,,,
9/27/2016,0.156,,,,,,,,
9/28/2016,0.156,,,,,,,,
9/29/2016,0.156,,,,,,,,
9/30/2016,0.156,,,,,,,,
10/1/2016,0.0771,,,,,,,,
10/2/2016,0.0771,,,,,,,,
10/3/2016,0.0771,,,,,,,,
10/4/2016,0.0771,,,,,,,,
10/5/2016,0.0771,,,,,,,,
10/6/2016,0.0771,,,,,,,,
10/7/2016,0.0771,,,,,,,,
10/8/2016,0.0771,,,,,,,,
10/9/2016,0.0771,,,,,,,,
10/10/2016,0.0771,,,,,,,,
10/11/2016,0.0771,,,,,,,,
10/12/2016,0.0771,,,,,,,,
10/13/2016,0.0771,,,,,,,,
10/14/2016,0.0771,,,,,,,,
10/15/2016,0.0771,,,,,,,,
10/16/2016,0.0771,,,,,,,,
10/17/2016,0.0771,,,,,,,,
10/18/2016,0.0771,,,,,,,,
10/19/2016,0.0771,,,,,,,,
10/20/2016,0.0771,,,,,,,,
10/21/2016,0.0771,,,,,,,,
10/22/2016,0.0771,,,,,,,,
10/23/2016,0.0771,,,,,,,,
10/24/2016,0.0771,,,,,,,,
10/25/2016,0.0771,,,,,,,,
10/26/2016,0.0771,,,,,,,,
10/27/2016,0.0771,,,,,,,,
10/28/2016,0.0771,,,,,,,,
10/29/2016,0.0771,,,,,,,,
10/30/2016,0.0771,,,,,,,,
10/31/2016,0.0771,,,,,,,,
11/1/2016,0.035,,,,,,,,
11/2/2016,0.035,,,,,,,,
11/3/2016,0.035,,,,,,,,
11/4/2016,0.035,,,,,,,,
11/5/2016,0.035,,,,,,,,
11/6/2016,0.035,,,,,,,,
11/7/2016,0.035,,,,,,,,
11/8/2016,0.035,,,,,,,,
11/9/2016,0.035,,,,,,,,
11/10/2016,0.035,,,,,,,,
11/11/2016,0.035,,,,,,,,
11/12/2016,0.035,,,,,,,,
11/13/2016,0.035,,,,,,,,
11/14/2016,0.035,,,,,,,,
11/15/2016,0.035,,,,,,,,
11/16/2016,0.035,,,,,,,,
11/17/2016,0.035,,,,,,,,
11/18/2016,0.035,,,,,,,,
11/19/2016,0.035,,,,,,,,
11/20/2016,0.035,,,,,,,,
11/21/2016,0.035,,,,,,,,
11/22/2016,0.035,,,,,,,,
11/23/2016,0.035,,,,,,,,
11/24/2016,0.035,,,,,,,,
11/25/2016,0.035,,,,,,,,
11/26/2016,0.035,,,,,,,,
11/27/2016,0.035,,,,,,,,
11/28/2016,0.035,,,,,,,,
11/29/2016,0.035,,,,,,,,
11/30/2016,0.035,,,,,,,,
12/1/2016,0.01839,,,,,,,,
12/2/2016,0.01839,,,,,,,,
12/3/2016,0.01839,,,,,,,,
12/4/2016,0.01839,,,,,,,,
12/5/2016,0.01839,,,,,,,,
12/6/2016,0.01839,,,,,,,,
12/7/2016,0.01839,,,,,,,,
12/8/2016,0.01839,,,,,,,,
12/9/2016,0.01839,,,,,,,,
12/10/2016,0.01839,,,,,,,,
12/11/2016,0.01839,,,,,,,,
12/12/2016,0.01839,,,,,,,,
12/13/2016,0.01839,,,,,,,,
12/14/2016,0.01839,,,,,,,,
12/15/2016,0.01839,,,,,,,,
12/16/2016,0.01839,,,,,,,,
12/17/2016,0.01839,,,,,,,,
12/18/2016,0.01839,,,,,,,,
12/19/2016,0.01839,,,,,,,,
12/20/2016,0.01839,,,,,,,,
12/21/2016,0.01839,,,,,,,,
12/22/2016,0.01839,,,,,,,,
12/23/2016,0.01839,,,,,,,,
12/24/2016,0.01839,,,,,,,,
12/25/2016,0.01839,,,,,,,,
12/26/2016,0.01839,,,,,,,,
12/27/2016,0.01839,,,,,,,,
12/28/2016,0.01839,,,,,,,,
12/29/2016,0.01839,,,,,,,,
12/30/2016,0.01839,,,,,,,,
12/31/2016,0.01839,,,,,,,,
1/1/2017,0.02032,,,,,,,,
1/2/2017,0.02032,,,,,,,,
1/3/2017,0.02032,,,,,,,,
1/4/2017,0.02032,,,,,,,,
1/5/2017,0.02032,,,,,,,,
1/6/2017,0.02032,,,,,,,,
1/7/2017,0.02032,,,,,,,,
1/8/2017,0.02032,,,,,,,,
1/9/2017,0.02032,,,,,,,,
1/10/2017,0.02032,,,,,,,,
1/11/2017,0.02032,,,,,,,,
1/12/2017,0.02032,,,,,,,,
1/13/2017,0.02032,,,,,,,,
1/14/2017,0.02032,,,,,,,,
1/15/2017,0.02032,,,,,,,,
1/16/2017,0.02032,,,,,,,,
1/17/2017,0.02032,,,,,,,,
1/18/2017,0.02032,,,,,,,,
1/19/2017,0.02032,,,,,,,,
1/20/2017,0.02032,,,,,,,,
1/21/2017,0.02032,,,,,,,,
1/22/2017,0.02032,,,,,,,,
1/23/2017,0.02032,,,,,,,,
1/24/2017,0.02032,,,,,,,,
1/25/2017,0.02032,,,,,,,,
1/26/2017,0.02032,,,,,,,,
1/27/2017,0.02032,,,,,,,,
1/28/2017,0.02032,,,,,,,,
1/29/2017,0.02032,,,,,,,,
1/30/2017,0.02032,,,,,,,,
1/31/2017,0.02032,,,,,,,,
2/1/2017,0.04214,,,,,,,,
2/2/2017,0.04214,,,,,,,,
2/3/2017,0.04214,,,,,,,,
2/4/2017,0.04214,,,,,,,,
2/5/2017,0.04214,,,,,,,,
2/6/2017,0.04214,,,,,,,,
2/7/2017,0.04214,,,,,,,,
2/8/2017,0.04214,,,,,,,,
2/9/2017,0.04214,,,,,,,,
2/10/2017,0.04214,,,,,,,,
2/11/2017,0.04214,,,,,,,,
2/12/2017,0.04214,,,,,,,,
2/13/2017,0.04214,,,,,,,,
2/14/2017,0.04214,,,,,,,,
2/15/2017,0.04214,,,,,,,,
2/16/2017,0.04214,,,,,,,,
2/17/2017,0.04214,,,,,,,,
2/18/2017,0.04214,,,,,,,,
2/19/2017,0.04214,,,,,,,,
2/20/2017,0.04214,,,,,,,,
2/21/2017,0.04214,,,,,,,,
2/22/2017,0.04214,,,,,,,,
2/23/2017,0.04214,,,,,,,,
2/24/2017,0.04214,,,,,,,,
2/25/2017,0.04214,,,,,,,,
2/26/2017,0.04214,,,,,,,,
2/27/2017,0.04214,,,,,,,,
2/28/2017,0.04214,,,,,,,,
3/1/2017,0.07387,,,,,,,,
3/2/2017,0.07387,,,,,,,,
3/3/2017,0.07387,,,,,,,,
3/4/2017,0.07387,,,,,,,,
3/5/2017,0.07387,,,,,,,,
3/6/2017,0.07387,,,,,,,,
3/7/2017,0.07387,,,,,,,,
3/8/2017,0.07387,,,,,,,,
3/9/2017,0.07387,,,,,,,,
3/10/2017,0.07387,,,,,,,,
3/11/2017,0.07387,,,,,,,,
3/12/2017,0.07387,,,,,,,,
3/13/2017,0.07387,,,,,,,,
3/14/2017,0.07387,,,,,,,,
3/15/2017,0.07387,,,,,,,,
3/16/2017,0.07387,,,,,,,,
3/17/2017,0.07387,,,,,,,,
3/18/2017,0.07387,,,,,,,,
3/19/2017,0.07387,,,,,,,,
3/20/2017,0.07387,,,,,,,,
3/21/2017,0.07387,,,,,,,,
3/22/2017,0.07387,,,,,,,,
3/23/2017,0.07387,,,,,,,,
3/24/2017,0.07387,,,,,,,,
3/25/2017,0.07387,,,,,,,,
3/26/2017,0.07387,,,,,,,,
3/27/2017,0.07387,,,,,,,,
3/28/2017,0.07387,,,,,,,,
3/29/2017,0.07387,,,,,,,,
3/30/2017,0.07387,,,,,,,,
3/31/2017,0.07387,,,,,,,,
4/1/2017,0.11033,,,,,,,,
4/2/2017,0.11033,,,,,,,,
4/3/2017,0.11033,,,,,,,,
4/4/2017,0.11033,,,,,,,,
4/5/2017,0.11033,,,,,,,,
4/6/2017,0.11033,,,,,,,,
4/7/2017,0.11033,,,,,,,,
4/8/2017,0.11033,,,,,,,,
4/9/2017,0.11033,,,,,,,,
4/10/2017,0.11033,,,,,,,,
4/11/2017,0.11033,,,,,,,,
4/12/2017,0.11033,,,,,,,,
4/13/2017,0.11033,,,,,,,,
4/14/2017,0.11033,,,,,,,,
4/15/2017,0.11033,,,,,,,,
4/16/2017,0.11033,,,,,,,,
4/17/2017,0.11033,,,,,,,,
4/18/2017,0.11033,,,,,,,,
4/19/2017,0.11033,,,,,,,,
4/20/2017,0.11033,,,,,,,,
4/21/2017,0.11033,,,,,,,,
4/22/2017,0.11033,,,,,,,,
4/23/2017,0.11033,,,,,,,,
4/24/2017,0.11033,,,,,,,,
4/25/2017,0.11033,,,,,,,,
4/26/2017,0.11033,,,,,,,,
4/27/2017,0.11033,,,,,,,,
4/28/2017,0.11033,,,,,,,,
4/29/2017,0.11033,,,,,,,,
4/30/2017,0.11033,,,,,,,,
5/1/2017,0.16613,,,,,,,,
5/2/2017,0.16613,,,,,,,,
5/3/2017,0.16613,,,,,,,,
5/4/2017,0.16613,,,,,,,,
5/5/2017,0.16613,,,,,,,,
5/6/2017,0.16613,,,,,,,,
5/7/2017,0.16613,,,,,,,,
5/8/2017,0.16613,,,,,,,,
5/9/2017,0.16613,,,,,,,,
5/10/2017,0.16613,,,,,,,,
5/11/2017,0.16613,,,,,,,,
5/12/2017,0.16613,,,,,,,,
5/13/2017,0.16613,,,,,,,,
5/14/2017,0.16613,,,,,,,,
5/15/2017,0.16613,,,,,,,,
5/16/2017,0.16613,,,,,,,,
5/17/2017,0.16613,,,,,,,,
5/18/2017,0.16613,,,,,,,,
5/19/2017,0.16613,,,,,,,,
5/20/2017,0.16613,,,,,,,,
5/21/2017,0.16613,,,,,,,,
5/22/2017,0.16613,,,,,,,,
5/23/2017,0.16613,,,,,,,,
5/24/2017,0.16613,,,,,,,,
5/25/2017,0.16613,,,,,,,,
5/26/2017,0.16613,,,,,,,,
5/27/2017,0.16613,,,,,,,,
5/28/2017,0.16613,,,,,,,,
5/29/2017,0.16613,,,,,,,,
5/30/2017,0.16613,,,,,,,,
5/31/2017,0.16613,,,,,,,,
6/1/2017,0.20033,,,,,,,,
6/2/2017,0.20033,,,,,,,,
6/3/2017,0.20033,,,,,,,,
6/4/2017,0.20033,,,,,,,,
6/5/2017,0.20033,,,,,,,,
6/6/2017,0.20033,,,,,,,,
6/7/2017,0.20033,,,,,,,,
6/8/2017,0.20033,,,,,,,,
6/9/2017,0.20033,,,,,,,,
6/10/2017,0.20033,,,,,,,,
6/11/2017,0.20033,,,,,,,,
6/12/2017,0.20033,,,,,,,,
6/13/2017,0.20033,,,,,,,,
6/14/2017,0.20033,,,,,,,,
6/15/2017,0.20033,,,,,,,,
6/16/2017,0.20033,,,,,,,,
6/17/2017,0.20033,,,,,,,,
6/18/2017,0.20033,,,,,,,,
6/19/2017,0.20033,,,,,,,,
6/20/2017,0.20033,,,,,,,,
6/21/2017,0.20033,,,,,,,,
6/22/2017,0.20033,,,,,,,,
6/23/2017,0.20033,,,,,,,,
6/24/2017,0.20033,,,,,,,,
6/25/2017,0.20033,,,,,,,,
6/26/2017,0.20033,,,,,,,,
6/27/2017,0.20033,,,,,,,,
6/28/2017,0.20033,,,,,,,,
6/29/2017,0.20033,,,,,,,,
6/30/2017,0.20033,,,,,,,,
7/1/2017,0.23871,,,,,,,,
7/2/2017,0.23871,,,,,,,,
7/3/2017,0.23871,,,,,,,,
7/4/2017,0.23871,,,,,,,,
7/5/2017,0.23871,,,,,,,,
7/6/2017,0.23871,,,,,,,,
7/7/2017,0.23871,,,,,,,,
7/8/2017,0.23871,,,,,,,,
7/9/2017,0.23871,,,,,,,,
7/10/2017,0.23871,,,,,,,,
7/11/2017,0.23871,,,,,,,,
7/12/2017,0.23871,,,,,,,,
7/13/2017,0.23871,,,,,,,,
7/14/2017,0.23871,,,,,,,,
7/15/2017,0.23871,,,,,,,,
7/16/2017,0.23871,,,,,,,,
7/17/2017,0.23871,,,,,,,,
7/18/2017,0.23871,,,,,,,,
7/19/2017,0.23871,,,,,,,,
7/20/2017,0.23871,,,,,,,,
7/21/2017,0.23871,,,,,,,,
7/22/2017,0.23871,,,,,,,,
7/23/2017,0.23871,,,,,,,,
7/24/2017,0.23871,,,,,,,,
7/25/2017,0.23871,,,,,,,,
7/26/2017,0.23871,,,,,,,,
7/27/2017,0.23871,,,,,,,,
7/28/2017,0.23871,,,,,,,,
7/29/2017,0.23871,,,,,,,,
7/30/2017,0.23871,,,,,,,,
7/31/2017,0.23871,,,,,,,,
8/1/2017,0.21871,,,,,,,,
8/2/2017,0.21871,,,,,,,,
8/3/2017,0.21871,,,,,,,,
8/4/2017,0.21871,,,,,,,,
8/5/2017,0.21871,,,,,,,,
8/6/2017,0.21871,,,,,,,,
8/7/2017,0.21871,,,,,,,,
8/8/2017,0.21871,,,,,,,,
8/9/2017,0.21871,,,,,,,,
8/10/2017,0.21871,,,,,,,,
8/11/2017,0.21871,,,,,,,,
8/12/2017,0.21871,,,,,,,,
8/13/2017,0.21871,,,,,,,,
8/14/2017,0.21871,,,,,,,,
8/15/2017,0.21871,,,,,,,,
8/16/2017,0.21871,,,,,,,,
8/17/2017,0.21871,,,,,,,,
8/18/2017,0.21871,,,,,,,,
8/19/2017,0.21871,,,,,,,,
8/20/2017,0.21871,,,,,,,,
8/21/2017,0.21871,,,,,,,,
8/22/2017,0.21871,,,,,,,,
8/23/2017,0.21871,,,,,,,,
8/24/2017,0.21871,,,,,,,,
8/25/2017,0.21871,,,,,,,,
8/26/2017,0.21871,,,,,,,,
8/27/2017,0.21871,,,,,,,,
8/28/2017,0.21871,,,,,,,,
8/29/2017,0.21871,,,,,,,,
8/30/2017,0.21871,,,,,,,,
8/31/2017,0.21871,,,,,,,,
9/1/2017,0.156,,,,,,,,
9/2/2017,0.156,,,,,,,,
9/3/2017,0.156,,,,,,,,
9/4/2017,0.156,,,,,,,,
9/5/2017,0.156,,,,,,,,
9/6/2017,0.156,,,,,,,,
9/7/2017,0.156,,,,,,,,
9/8/2017,0.156,,,,,,,,
9/9/2017,0.156,,,,,,,,
9/10/2017,0.156,,,,,,,,
9/11/2017,0.156,,,,,,,,
9/12/2017,0.156,,,,,,,,
9/13/2017,0.156,,,,,,,,
9/14/2017,0.156,,,,,,,,
9/15/2017,0.156,,,,,,,,
9/16/2017,0.156,,,,,,,,
9/17/2017,0.156,,,,,,,,
9/18/2017,0.156,,,,,,,,
9/19/2017,0.156,,,,,,,,
9/20/2017,0.156,,,,,,,,
9/21/2017,0.156,,,,,,,,
9/22/2017,0.156,,,,,,,,
9/23/2017,0.156,,,,,,,,
9/24/2017,0.156,,,,,,,,
9/25/2017,0.156,,,,,,,,
9/26/2017,0.156,,,,,,,,
9/27/2017,0.156,,,,,,,,
9/28/2017,0.156,,,,,,,,
9/29/2017,0.156,,,,,,,,
9/30/2017,0.156,,,,,,,,
10/1/2017,0.0771,,,,,,,,
10/2/2017,0.0771,,,,,,,,
10/3/2017,0.0771,,,,,,,,
10/4/2017,0.0771,,,,,,,,
10/5/2017,0.0771,,,,,,,,
10/6/2017,0.0771,,,,,,,,
10/7/2017,0.0771,,,,,,,,
10/8/2017,0.0771,,,,,,,,
10/9/2017,0.0771,,,,,,,,
10/10/2017,0.0771,,,,,,,,
10/11/2017,0.0771,,,,,,,,
10/12/2017,0.0771,,,,,,,,
10/13/2017,0.0771,,,,,,,,
10/14/2017,0.0771,,,,,,,,
10/15/2017,0.0771,,,,,,,,
10/16/2017,0.0771,,,,,,,,
10/17/2017,0.0771,,,,,,,,
10/18/2017,0.0771,,,,,,,,
10/19/2017,0.0771,,,,,,,,
10/20/2017,0.0771,,,,,,,,
10/21/2017,0.0771,,,,,,,,
10/22/2017,0.0771,,,,,,,,
10/23/2017,0.0771,,,,,,,,
10/24/2017,0.0771,,,,,,,,
10/25/2017,0.0771,,,,,,,,
10/26/2017,0.0771,,,,,,,,
10/27/2017,0.0771,,,,,,,,
10/28/2017,0.0771,,,,,,,,
10/29/2017,0.0771,,,,,,,,
10/30/2017,0.0771,,,,,,,,
10/31/2017,0.0771,,,,,,,,
11/1/2017,0.035,,,,,,,,
11/2/2017,0.035,,,,,,,,
11/3/2017,0.035,,,,,,,,
11/4/2017,0.035,,,,,,,,
11/5/2017,0.035,,,,,,,,
11/6/2017,0.035,,,,,,,,
11/7/2017,0.035,,,,,,,,
11/8/2017,0.035,,,,,,,,
11/9/2017,0.035,,,,,,,,
11/10/2017,0.035,,,,,,,,
11/11/2017,0.035,,,,,,,,
11/12/2017,0.035,,,,,,,,
11/13/2017,0.035,,,,,,,,
11/14/2017,0.035,,,,,,,,
11/15/2017,0.035,,,,,,,,
11/16/2017,0.035,,,,,,,,
11/17/2017,0.035,,,,,,,,
11/18/2017,0.035,,,,,,,,
11/19/2017,0.035,,,,,,,,
11/20/2017,0.035,,,,,,,,
11/21/2017,0.035,,,,,,,,
11/22/2017,0.035,,,,,,,,
11/23/2017,0.035,,,,,,,,
11/24/2017,0.035,,,,,,,,
11/25/2017,0.035,,,,,,,,
11/26/2017,0.035,,,,,,,,
11/27/2017,0.035,,,,,,,,
11/28/2017,0.035,,,,,,,,
11/29/2017,0.035,,,,,,,,
11/30/2017,0.035,,,,,,,,
12/1/2017,0.01839,,,,,,,,
12/2/2017,0.01839,,,,,,,,
12/3/2017,0.01839,,,,,,,,
12/4/2017,0.01839,,,,,,,,
12/5/2017,0.01839,,,,,,,,
12/6/2017,0.01839,,,,,,,,
12/7/2017,0.01839,,,,,,,,
12/8/2017,0.01839,,,,,,,,
12/9/2017,0.01839,,,,,,,,
12/10/2017,0.01839,,,,,,,,
12/11/2017,0.01839,,,,,,,,
12/12/2017,0.01839,,,,,,,,
12/13/2017,0.01839,,,,,,,,
12/14/2017,0.01839,,,,,,,,
12/15/2017,0.01839,,,,,,,,
12/16/2017,0.01839,,,,,,,,
12/17/2017,0.01839,,,,,,,,
12/18/2017,0.01839,,,,,,,,
12/19/2017,0.01839,,,,,,,,
12/20/2017,0.01839,,,,,,,,
12/21/2017,0.01839,,,,,,,,
12/22/2017,0.01839,,,,,,,,
12/23/2017,0.01839,,,,,,,,
12/24/2017,0.01839,,,,,,,,
12/25/2017,0.01839,,,,,,,,
12/26/2017,0.01839,,,,,,,,
12/27/2017,0.01839,,,,,,,,
12/28/2017,0.01839,,,,,,,,
12/29/2017,0.01839,,,,,,,,
12/30/2017,0.01839,,,,,,,,
12/31/2017,0.01839,,,,,,,,
1/1/2018,0.02032,,,,,,,,
1/2/2018,0.02032,,,,,,,,
1/3/2018,0.02032,,,,,,,,
1/4/2018,0.02032,,,,,,,,
1/5/2018,0.02032,,,,,,,,
1/6/2018,0.02032,,,,,,,,
1/7/2018,0.02032,,,,,,,,
1/8/2018,0.02032,,,,,,,,
1/9/2018,0.02032,,,,,,,,
1/10/2018,0.02032,,,,,,,,
1/11/2018,0.02032,,,,,,,,
1/12/2018,0.02032,,,,,,,,
1/13/2018,0.02032,,,,,,,,
1/14/2018,0.02032,,,,,,,,
1/15/2018,0.02032,,,,,,,,
1/16/2018,0.02032,,,,,,,,
1/17/2018,0.02032,,,,,,,,
1/18/2018,0.02032,,,,,,,,
1/19/2018,0.02032,,,,,,,,
1/20/2018,0.02032,,,,,,,,
1/21/2018,0.02032,,,,,,,,
1/22/2018,0.02032,,,,,,,,
1/23/2018,0.02032,,,,,,,,
1/24/2018,0.02032,,,,,,,,
1/25/2018,0.02032,,,,,,,,
1/26/2018,0.02032,,,,,,,,
1/27/2018,0.02032,,,,,,,,
1/28/2018,0.02032,,,,,,,,
1/29/2018,0.02032,,,,,,,,
1/30/2018,0.02032,,,,,,,,
1/31/2018,0.02032,,,,,,,,
2/1/2018,0.04214,,,,,,,,
2/2/2018,0.04214,,,,,,,,
2/3/2018,0.04214,,,,,,,,
2/4/2018,0.04214,,,,,,,,
2/5/2018,0.04214,,,,,,,,
2/6/2018,0.04214,,,,,,,,
2/7/2018,0.04214,,,,,,,,
2/8/2018,0.04214,,,,,,,,
2/9/2018,0.04214,,,,,,,,
2/10/2018,0.04214,,,,,,,,
2/11/2018,0.04214,,,,,,,,
2/12/2018,0.04214,,,,,,,,
2/13/2018,0.04214,,,,,,,,
2/14/2018,0.04214,,,,,,,,
2/15/2018,0.04214,,,,,,,,
2/16/2018,0.04214,,,,,,,,
2/17/2018,0.04214,,,,,,,,
2/18/2018,0.04214,,,,,,,,
2/19/2018,0.04214,,,,,,,,
2/20/2018,0.04214,,,,,,,,
2/21/2018,0.04214,,,,,,,,
2/22/2018,0.04214,,,,,,,,
2/23/2018,0.04214,,,,,,,,
2/24/2018,0.04214,,,,,,,,
2/25/2018,0.04214,,,,,,,,
2/26/2018,0.04214,,,,,,,,
2/27/2018,0.04214,,,,,,,,
2/28/2018,0.04214,,,,,,,,
3/1/2018,0.07387,,,,,,,,
3/2/2018,0.07387,,,,,,,,
3/3/2018,0.07387,,,,,,,,
3/4/2018,0.07387,,,,,,,,
3/5/2018,0.07387,,,,,,,,
3/6/2018,0.07387,,,,,,,,
3/7/2018,0.07387,,,,,,,,
3/8/2018,0.07387,,,,,,,,
3/9/2018,0.07387,,,,,,,,
3/10/2018,0.07387,,,,,,,,
3/11/2018,0.07387,,,,,,,,
3/12/2018,0.07387,,,,,,,,
3/13/2018,0.07387,,,,,,,,
3/14/2018,0.07387,,,,,,,,
3/15/2018,0.07387,,,,,,,,
3/16/2018,0.07387,,,,,,,,
3/17/2018,0.07387,,,,,,,,
3/18/2018,0.07387,,,,,,,,
3/19/2018,0.07387,,,,,,,,
3/20/2018,0.07387,,,,,,,,
3/21/2018,0.07387,,,,,,,,
3/22/2018,0.07387,,,,,,,,
3/23/2018,0.07387,,,,,,,,
3/24/2018,0.07387,,,,,,,,
3/25/2018,0.07387,,,,,,,,
3/26/2018,0.07387,,,,,,,,
3/27/2018,0.07387,,,,,,,,
3/28/2018,0.07387,,,,,,,,
3/29/2018,0.07387,,,,,,,,
3/30/2018,0.07387,,,,,,,,
3/31/2018,0.07387,,,,,,,,
4/1/2018,0.11033,,,,,,,,
4/2/2018,0.11033,,,,,,,,
4/3/2018,0.11033,,,,,,,,
4/4/2018,0.11033,,,,,,,,
4/5/2018,0.11033,,,,,,,,
4/6/2018,0.11033,,,,,,,,
4/7/2018,0.11033,,,,,,,,
4/8/2018,0.11033,,,,,,,,
4/9/2018,0.11033,,,,,,,,
4/10/2018,0.11033,,,,,,,,
4/11/2018,0.11033,,,,,,,,
4/12/2018,0.11033,,,,,,,,
4/13/2018,0.11033,,,,,,,,
4/14/2018,0.11033,,,,,,,,
4/15/2018,0.11033,,,,,,,,
4/16/2018,0.11033,,,,,,,,
4/17/2018,0.11033,,,,,,,,
4/18/2018,0.11033,,,,,,,,
4/19/2018,0.11033,,,,,,,,
4/20/2018,0.11033,,,,,,,,
4/21/2018,0.11033,,,,,,,,
4/22/2018,0.11033,,,,,,,,
4/23/2018,0.11033,,,,,,,,
4/24/2018,0.11033,,,,,,,,
4/25/2018,0.11033,,,,,,,,
4/26/2018,0.11033,,,,,,,,
4/27/2018,0.11033,,,,,,,,
4/28/2018,0.11033,,,,,,,,
4/29/2018,0.11033,,,,,,,,
4/30/2018,0.11033,,,,,,,,
5/1/2018,0.16613,,,,,,,,
5/2/2018,0.16613,,,,,,,,
5/3/2018,0.16613,,,,,,,,
5/4/2018,0.16613,,,,,,,,
5/5/2018,0.16613,,,,,,,,
5/6/2018,0.16613,,,,,,,,
5/7/2018,0.16613,,,,,,,,
5/8/2018,0.16613,,,,,,,,
5/9/2018,0.16613,,,,,,,,
5/10/2018,0.16613,,,,,,,,
5/11/2018,0.16613,,,,,,,,
5/12/2018,0.16613,,,,,,,,
5/13/2018,0.16613,,,,,,,,
5/14/2018,0.16613,,,,,,,,
5/15/2018,0.16613,,,,,,,,
5/16/2018,0.16613,,,,,,,,
5/17/2018,0.16613,,,,,,,,
5/18/2018,0.16613,,,,,,,,
5/19/2018,0.16613,,,,,,,,
5/20/2018,0.16613,,,,,,,,
5/21/2018,0.16613,,,,,,,,
5/22/2018,0.16613,,,,,,,,
5/23/2018,0.16613,,,,,,,,
5/24/2018,0.16613,,,,,,,,
5/25/2018,0.16613,,,,,,,,
5/26/2018,0.16613,,,,,,,,
5/27/2018,0.16613,,,,,,,,
5/28/2018,0.16613,,,,,,,,
5/29/2018,0.16613,,,,,,,,
5/30/2018,0.16613,,,,,,,,
5/31/2018,0.16613,,,,,,,,
6/1/2018,0.20033,,,,,,,,
6/2/2018,0.20033,,,,,,,,
6/3/2018,0.20033,,,,,,,,
6/4/2018,0.20033,,,,,,,,
6/5/2018,0.20033,,,,,,,,
6/6/2018,0.20033,,,,,,,,
6/7/2018,0.20033,,,,,,,,
6/8/2018,0.20033,,,,,,,,
6/9/2018,0.20033,,,,,,,,
6/10/2018,0.20033,,,,,,,,
6/11/2018,0.20033,,,,,,,,
6/12/2018,0.20033,,,,,,,,
6/13/2018,0.20033,,,,,,,,
6/14/2018,0.20033,,,,,,,,
6/15/2018,0.20033,,,,,,,,
6/16/2018,0.20033,,,,,,,,
6/17/2018,0.20033,,,,,,,,
6/18/2018,0.20033,,,,,,,,
6/19/2018,0.20033,,,,,,,,
6/20/2018,0.20033,,,,,,,,
6/21/2018,0.20033,,,,,,,,
6/22/2018,0.20033,,,,,,,,
6/23/2018,0.20033,,,,,,,,
6/24/2018,0.20033,,,,,,,,
6/25/2018,0.20033,,,,,,,,
6/26/2018,0.20033,,,,,,,,
6/27/2018,0.20033,,,,,,,,
6/28/2018,0.20033,,,,,,,,
6/29/2018,0.20033,,,,,,,,
6/30/2018,0.20033,,,,,,,,
7/1/2018,0.23871,,,,,,,,
7/2/2018,0.23871,,,,,,,,
7/3/2018,0.23871,,,,,,,,
7/4/2018,0.23871,,,,,,,,
7/5/2018,0.23871,,,,,,,,
7/6/2018,0.23871,,,,,,,,
7/7/2018,0.23871,,,,,,,,
7/8/2018,0.23871,,,,,,,,
7/9/2018,0.23871,,,,,,,,
7/10/2018,0.23871,,,,,,,,
7/11/2018,0.23871,,,,,,,,
7/12/2018,0.23871,,,,,,,,
7/13/2018,0.23871,,,,,,,,
7/14/2018,0.23871,,,,,,,,
7/15/2018,0.23871,,,,,,,,
7/16/2018,0.23871,,,,,,,,
7/17/2018,0.23871,,,,,,,,
7/18/2018,0.23871,,,,,,,,
7/19/2018,0.23871,,,,,,,,
7/20/2018,0.23871,,,,,,,,
7/21/2018,0.23871,,,,,,,,
7/22/2018,0.23871,,,,,,,,
7/23/2018,0.23871,,,,,,,,
7/24/2018,0.23871,,,,,,,,
7/25/2018,0.23871,,,,,,,,
7/26/2018,0.23871,,,,,,,,
7/27/2018,0.23871,,,,,,,,
7/28/2018,0.23871,,,,,,,,
7/29/2018,0.23871,,,,,,,,
7/30/2018,0.23871,,,,,,,,
7/31/2018,0.23871,,,,,,,,
8/1/2018,0.21871,,,,,,,,
8/2/2018,0.21871,,,,,,,,
8/3/2018,0.21871,,,,,,,,
8/4/2018,0.21871,,,,,,,,
8/5/2018,0.21871,,,,,,,,
8/6/2018,0.21871,,,,,,,,
8/7/2018,0.21871,,,,,,,,
8/8/2018,0.21871,,,,,,,,
8/9/2018,0.21871,,,,,,,,
8/10/2018,0.21871,,,,,,,,
8/11/2018,0.21871,,,,,,,,
8/12/2018,0.21871,,,,,,,,
8/13/2018,0.21871,,,,,,,,
8/14/2018,0.21871,,,,,,,,
8/15/2018,0.21871,,,,,,,,
8/16/2018,0.21871,,,,,,,,
8/17/2018,0.21871,,,,,,,,
8/18/2018,0.21871,,,,,,,,
8/19/2018,0.21871,,,,,,,,
8/20/2018,0.21871,,,,,,,,
8/21/2018,0.21871,,,,,,,,
8/22/2018,0.21871,,,,,,,,
8/23/2018,0.21871,,,,,,,,
8/24/2018,0.21871,,,,,,,,
8/25/2018,0.21871,,,,,,,,
8/26/2018,0.21871,,,,,,,,
8/27/2018,0.21871,,,,,,,,
8/28/2018,0.21871,,,,,,,,
8/29/2018,0.21871,,,,,,,,
8/30/2018,0.21871,,,,,,,,
8/31/2018,0.21871,,,,,,,,
9/1/2018,0.156,,,,,,,,
9/2/2018,0.156,,,,,,,,
9/3/2018,0.156,,,,,,,,
9/4/2018,0.156,,,,,,,,
9/5/2018,0.156,,,,,,,,
9/6/2018,0.156,,,,,,,,
9/7/2018,0.156,,,,,,,,
9/8/2018,0.156,,,,,,,,
9/9/2018,0.156,,,,,,,,
9/10/2018,0.156,,,,,,,,
9/11/2018,0.156,,,,,,,,
9/12/2018,0.156,,,,,,,,
9/13/2018,0.156,,,,,,,,
9/14/2018,0.156,,,,,,,,
9/15/2018,0.156,,,,,,,,
9/16/2018,0.156,,,,,,,,
9/17/2018,0.156,,,,,,,,
9/18/2018,0.156,,,,,,,,
9/19/2018,0.156,,,,,,,,
9/20/2018,0.156,,,,,,,,
9/21/2018,0.156,,,,,,,,
9/22/2018,0.156,,,,,,,,
9/23/2018,0.156,,,,,,,,
9/24/2018,0.156,,,,,,,,
9/25/2018,0.156,,,,,,,,
9/26/2018,0.156,,,,,,,,
9/27/2018,0.156,,,,,,,,
9/28/2018,0.156,,,,,,,,
9/29/2018,0.156,,,,,,,,
9/30/2018,0.156,,,,,,,,
10/1/2018,0.0771,,,,,,,,
10/2/2018,0.0771,,,,,,,,
10/3/2018,0.0771,,,,,,,,
10/4/2018,0.0771,,,,,,,,
10/5/2018,0.0771,,,,,,,,
10/6/2018,0.0771,,,,,,,,
10/7/2018,0.0771,,,,,,,,
10/8/2018,0.0771,,,,,,,,
10/9/2018,0.0771,,,,,,,,
10/10/2018,0.0771,,,,,,,,
10/11/2018,0.0771,,,,,,,,
10/12/2018,0.0771,,,,,,,,
10/13/2018,0.0771,,,,,,,,
10/14/2018,0.0771,,,,,,,,
10/15/2018,0.0771,,,,,,,,
10/16/2018,0.0771,,,,,,,,
10/17/2018,0.0771,,,,,,,,
10/18/2018,0.0771,,,,,,,,
10/19/2018,0.0771,,,,,,,,
10/20/2018,0.0771,,,,,,,,
10/21/2018,0.0771,,,,,,,,
10/22/2018,0.0771,,,,,,,,
10/23/2018,0.0771,,,,,,,,
10/24/2018,0.0771,,,,,,,,
10/25/2018,0.0771,,,,,,,,
10/26/2018,0.0771,,,,,,,,
10/27/2018,0.0771,,,,,,,,
10/28/2018,0.0771,,,,,,,,
10/29/2018,0.0771,,,,,,,,
10/30/2018,0.0771,,,,,,,,
10/31/2018,0.0771,,,,,,,,
11/1/2018,0.035,,,,,,,,
11/2/2018,0.035,,,,,,,,
11/3/2018,0.035,,,,,,,,
11/4/2018,0.035,,,,,,,,
11/5/2018,0.035,,,,,,,,
11/6/2018,0.035,,,,,,,,
11/7/2018,0.035,,,,,,,,
11/8/2018,0.035,,,,,,,,
11/9/2018,0.035,,,,,,,,
11/10/2018,0.035,,,,,,,,
11/11/2018,0.035,,,,,,,,
11/12/2018,0.035,,,,,,,,
11/13/2018,0.035,,,,,,,,
11/14/2018,0.035,,,,,,,,
11/15/2018,0.035,,,,,,,,
11/16/2018,0.035,,,,,,,,
11/17/2018,0.035,,,,,,,,
11/18/2018,0.035,,,,,,,,
11/19/2018,0.035,,,,,,,,
11/20/2018,0.035,,,,,,,,
11/21/2018,0.035,,,,,,,,
11/22/2018,0.035,,,,,,,,
11/23/2018,0.035,,,,,,,,
11/24/2018,0.035,,,,,,,,
11/25/2018,0.035,,,,,,,,
11/26/2018,0.035,,,,,,,,
11/27/2018,0.035,,,,,,,,
11/28/2018,0.035,,,,,,,,
11/29/2018,0.035,,,,,,,,
11/30/2018,0.035,,,,,,,,
12/1/2018,0.01839,,,,,,,,
12/2/2018,0.01839,,,,,,,,
12/3/2018,0.01839,,,,,,,,
12/4/2018,0.01839,,,,,,,,
12/5/2018,0.01839,,,,,,,,
12/6/2018,0.01839,,,,,,,,
12/7/2018,0.01839,,,,,,,,
12/8/2018,0.01839,,,,,,,,
12/9/2018,0.01839,,,,,,,,
12/10/2018,0.01839,,,,,,,,
12/11/2018,0.01839,,,,,,,,
12/12/2018,0.01839,,,,,,,,
12/13/2018,0.01839,,,,,,,,
12/14/2018,0.01839,,,,,,,,
12/15/2018,0.01839,,,,,,,,
12/16/2018,0.01839,,,,,,,,
12/17/2018,0.01839,,,,,,,,
12/18/2018,0.01839,,,,,,,,
12/19/2018,0.01839,,,,,,,,
12/20/2018,0.01839,,,,,,,,
12/21/2018,0.01839,,,,,,,,
12/22/2018,0.01839,,,,,,,,
12/23/2018,0.01839,,,,,,,,
12/24/2018,0.01839,,,,,,,,
12/25/2018,0.01839,,,,,,,,
12/26/2018,0.01839,,,,,,,,
12/27/2018,0.01839,,,,,,,,
12/28/2018,0.01839,,,,,,,,
12/29/2018,0.01839,,,,,,,,
12/30/2018,0.01839,,,,,,,,
12/31/2018,0.01839,,,,,,,,
1/1/2019,0.02032,,,,,,,,
1/2/2019,0.02032,,,,,,,,
1/3/2019,0.02032,,,,,,,,
1/4/2019,0.02032,,,,,,,,
1/5/2019,0.02032,,,,,,,,
1/6/2019,0.02032,,,,,,,,
1/7/2019,0.02032,,,,,,,,
1/8/2019,0.02032,,,,,,,,
1/9/2019,0.02032,,,,,,,,
1/10/2019,0.02032,,,,,,,,
1/11/2019,0.02032,,,,,,,,
1/12/2019,0.02032,,,,,,,,
1/13/2019,0.02032,,,,,,,,
1/14/2019,0.02032,,,,,,,,
1/15/2019,0.02032,,,,,,,,
1/16/2019,0.02032,,,,,,,,
1/17/2019,0.02032,,,,,,,,
1/18/2019,0.02032,,,,,,,,
1/19/2019,0.02032,,,,,,,,
1/20/2019,0.02032,,,,,,,,
1/21/2019,0.02032,,,,,,,,
1/22/2019,0.02032,,,,,,,,
1/23/2019,0.02032,,,,,,,,
1/24/2019,0.02032,,,,,,,,
1/25/2019,0.02032,,,,,,,,
1/26/2019,0.02032,,,,,,,,
1/27/2019,0.02032,,,,,,,,
1/28/2019,0.02032,,,,,,,,
1/29/2019,0.02032,,,,,,,,
1/30/2019,0.02032,,,,,,,,
1/31/2019,0.02032,,,,,,,,
2/1/2019,0.04214,,,,,,,,
2/2/2019,0.04214,,,,,,,,
2/3/2019,0.04214,,,,,,,,
2/4/2019,0.04214,,,,,,,,
2/5/2019,0.04214,,,,,,,,
2/6/2019,0.04214,,,,,,,,
2/7/2019,0.04214,,,,,,,,
2/8/2019,0.04214,,,,,,,,
2/9/2019,0.04214,,,,,,,,
2/10/2019,0.04214,,,,,,,,
2/11/2019,0.04214,,,,,,,,
2/12/2019,0.04214,,,,,,,,
2/13/2019,0.04214,,,,,,,,
2/14/2019,0.04214,,,,,,,,
2/15/2019,0.04214,,,,,,,,
2/16/2019,0.04214,,,,,,,,
2/17/2019,0.04214,,,,,,,,
2/18/2019,0.04214,,,,,,,,
2/19/2019,0.04214,,,,,,,,
2/20/2019,0.04214,,,,,,,,
2/21/2019,0.04214,,,,,,,,
2/22/2019,0.04214,,,,,,,,
2/23/2019,0.04214,,,,,,,,
2/24/2019,0.04214,,,,,,,,
2/25/2019,0.04214,,,,,,,,
2/26/2019,0.04214,,,,,,,,
2/27/2019,0.04214,,,,,,,,
2/28/2019,0.04214,,,,,,,,
3/1/2019,0.07387,,,,,,,,
3/2/2019,0.07387,,,,,,,,
3/3/2019,0.07387,,,,,,,,
3/4/2019,0.07387,,,,,,,,
3/5/2019,0.07387,,,,,,,,
3/6/2019,0.07387,,,,,,,,
3/7/2019,0.07387,,,,,,,,
3/8/2019,0.07387,,,,,,,,
3/9/2019,0.07387,,,,,,,,
3/10/2019,0.07387,,,,,,,,
3/11/2019,0.07387,,,,,,,,
3/12/2019,0.07387,,,,,,,,
3/13/2019,0.07387,,,,,,,,
3/14/2019,0.07387,,,,,,,,
3/15/2019,0.07387,,,,,,,,
3/16/2019,0.07387,,,,,,,,
3/17/2019,0.07387,,,,,,,,
3/18/2019,0.07387,,,,,,,,
3/19/2019,0.07387,,,,,,,,
3/20/2019,0.07387,,,,,,,,
3/21/2019,0.07387,,,,,,,,
3/22/2019,0.07387,,,,,,,,
3/23/2019,0.07387,,,,,,,,
3/24/2019,0.07387,,,,,,,,
3/25/2019,0.07387,,,,,,,,
3/26/2019,0.07387,,,,,,,,
3/27/2019,0.07387,,,,,,,,
3/28/2019,0.07387,,,,,,,,
3/29/2019,0.07387,,,,,,,,
3/30/2019,0.07387,,,,,,,,
3/31/2019,0.07387,,,,,,,,
4/1/2019,0.11033,,,,,,,,
4/2/2019,0.11033,,,,,,,,
4/3/2019,0.11033,,,,,,,,
4/4/2019,0.11033,,,,,,,,
4/5/2019,0.11033,,,,,,,,
4/6/2019,0.11033,,,,,,,,
4/7/2019,0.11033,,,,,,,,
4/8/2019,0.11033,,,,,,,,
4/9/2019,0.11033,,,,,,,,
4/10/2019,0.11033,,,,,,,,
4/11/2019,0.11033,,,,,,,,
4/12/2019,0.11033,,,,,,,,
4/13/2019,0.11033,,,,,,,,
4/14/2019,0.11033,,,,,,,,
4/15/2019,0.11033,,,,,,,,
4/16/2019,0.11033,,,,,,,,
4/17/2019,0.11033,,,,,,,,
4/18/2019,0.11033,,,,,,,,
4/19/2019,0.11033,,,,,,,,
4/20/2019,0.11033,,,,,,,,
4/21/2019,0.11033,,,,,,,,
4/22/2019,0.11033,,,,,,,,
4/23/2019,0.11033,,,,,,,,
4/24/2019,0.11033,,,,,,,,
4/25/2019,0.11033,,,,,,,,
4/26/2019,0.11033,,,,,,,,
4/27/2019,0.11033,,,,,,,,
4/28/2019,0.11033,,,,,,,,
4/29/2019,0.11033,,,,,,,,
4/30/2019,0.11033,,,,,,,,
5/1/2019,0.16613,,,,,,,,
5/2/2019,0.16613,,,,,,,,
5/3/2019,0.16613,,,,,,,,
5/4/2019,0.16613,,,,,,,,
5/5/2019,0.16613,,,,,,,,
5/6/2019,0.16613,,,,,,,,
5/7/2019,0.16613,,,,,,,,
5/8/2019,0.16613,,,,,,,,
5/9/2019,0.16613,,,,,,,,
5/10/2019,0.16613,,,,,,,,
5/11/2019,0.16613,,,,,,,,
5/12/2019,0.16613,,,,,,,,
5/13/2019,0.16613,,,,,,,,
5/14/2019,0.16613,,,,,,,,
5/15/2019,0.16613,,,,,,,,
5/16/2019,0.16613,,,,,,,,
5/17/2019,0.16613,,,,,,,,
5/18/2019,0.16613,,,,,,,,
5/19/2019,0.16613,,,,,,,,
5/20/2019,0.16613,,,,,,,,
5/21/2019,0.16613,,,,,,,,
5/22/2019,0.16613,,,,,,,,
5/23/2019,0.16613,,,,,,,,
5/24/2019,0.16613,,,,,,,,
5/25/2019,0.16613,,,,,,,,
5/26/2019,0.16613,,,,,,,,
5/27/2019,0.16613,,,,,,,,
5/28/2019,0.16613,,,,,,,,
5/29/2019,0.16613,,,,,,,,
5/30/2019,0.16613,,,,,,,,
5/31/2019,0.16613,,,,,,,,
6/1/2019,0.20033,,,,,,,,
6/2/2019,0.20033,,,,,,,,
6/3/2019,0.20033,,,,,,,,
6/4/2019,0.20033,,,,,,,,
6/5/2019,0.20033,,,,,,,,
6/6/2019,0.20033,,,,,,,,
6/7/2019,0.20033,,,,,,,,
6/8/2019,0.20033,,,,,,,,
6/9/2019,0.20033,,,,,,,,
6/10/2019,0.20033,,,,,,,,
6/11/2019,0.20033,,,,,,,,
6/12/2019,0.20033,,,,,,,,
6/13/2019,0.20033,,,,,,,,
6/14/2019,0.20033,,,,,,,,
6/15/2019,0.20033,,,,,,,,
6/16/2019,0.20033,,,,,,,,
6/17/2019,0.20033,,,,,,,,
6/18/2019,0.20033,,,,,,,,
6/19/2019,0.20033,,,,,,,,
6/20/2019,0.20033,,,,,,,,
6/21/2019,0.20033,,,,,,,,
6/22/2019,0.20033,,,,,,,,
6/23/2019,0.20033,,,,,,,,
6/24/2019,0.20033,,,,,,,,
6/25/2019,0.20033,,,,,,,,
6/26/2019,0.20033,,,,,,,,
6/27/2019,0.20033,,,,,,,,
6/28/2019,0.20033,,,,,,,,
6/29/2019,0.20033,,,,,,,,
6/30/2019,0.20033,,,,,,,,
7/1/2019,0.23871,,,,,,,,
7/2/2019,0.23871,,,,,,,,
7/3/2019,0.23871,,,,,,,,
7/4/2019,0.23871,,,,,,,,
7/5/2019,0.23871,,,,,,,,
7/6/2019,0.23871,,,,,,,,
7/7/2019,0.23871,,,,,,,,
7/8/2019,0.23871,,,,,,,,
7/9/2019,0.23871,,,,,,,,
7/10/2019,0.23871,,,,,,,,
7/11/2019,0.23871,,,,,,,,
7/12/2019,0.23871,,,,,,,,
7/13/2019,0.23871,,,,,,,,
7/14/2019,0.23871,,,,,,,,
7/15/2019,0.23871,,,,,,,,
7/16/2019,0.23871,,,,,,,,
7/17/2019,0.23871,,,,,,,,
7/18/2019,0.23871,,,,,,,,
7/19/2019,0.23871,,,,,,,,
7/20/2019,0.23871,,,,,,,,
7/21/2019,0.23871,,,,,,,,
7/22/2019,0.23871,,,,,,,,
7/23/2019,0.23871,,,,,,,,
7/24/2019,0.23871,,,,,,,,
7/25/2019,0.23871,,,,,,,,
7/26/2019,0.23871,,,,,,,,
7/27/2019,0.23871,,,,,,,,
7/28/2019,0.23871,,,,,,,,
7/29/2019,0.23871,,,,,,,,
7/30/2019,0.23871,,,,,,,,
7/31/2019,0.23871,,,,,,,,
8/1/2019,0.21871,,,,,,,,
8/2/2019,0.21871,,,,,,,,
8/3/2019,0.21871,,,,,,,,
8/4/2019,0.21871,,,,,,,,
8/5/2019,0.21871,,,,,,,,
8/6/2019,0.21871,,,,,,,,
8/7/2019,0.21871,,,,,,,,
8/8/2019,0.21871,,,,,,,,
8/9/2019,0.21871,,,,,,,,
8/10/2019,0.21871,,,,,,,,
8/11/2019,0.21871,,,,,,,,
8/12/2019,0.21871,,,,,,,,
8/13/2019,0.21871,,,,,,,,
8/14/2019,0.21871,,,,,,,,
8/15/2019,0.21871,,,,,,,,
8/16/2019,0.21871,,,,,,,,
8/17/2019,0.21871,,,,,,,,
8/18/2019,0.21871,,,,,,,,
8/19/2019,0.21871,,,,,,,,
8/20/2019,0.21871,,,,,,,,
8/21/2019,0.21871,,,,,,,,
8/22/2019,0.21871,,,,,,,,
8/23/2019,0.21871,,,,,,,,
8/24/2019,0.21871,,,,,,,,
8/25/2019,0.21871,,,,,,,,
8/26/2019,0.21871,,,,,,,,
8/27/2019,0.21871,,,,,,,,
8/28/2019,0.21871,,,,,,,,
8/29/2019,0.21871,,,,,,,,
8/30/2019,0.21871,,,,,,,,
8/31/2019,0.21871,,,,,,,,
9/1/2019,0.156,,,,,,,,
9/2/2019,0.156,,,,,,,,
9/3/2019,0.156,,,,,,,,
9/4/2019,0.156,,,,,,,,
9/5/2019,0.156,,,,,,,,
9/6/2019,0.156,,,,,,,,
9/7/2019,0.156,,,,,,,,
9/8/2019,0.156,,,,,,,,
9/9/2019,0.156,,,,,,,,
9/10/2019,0.156,,,,,,,,
9/11/2019,0.156,,,,,,,,
9/12/2019,0.156,,,,,,,,
9/13/2019,0.156,,,,,,,,
9/14/2019,0.156,,,,,,,,
9/15/2019,0.156,,,,,,,,
9/16/2019,0.156,,,,,,,,
9/17/2019,0.156,,,,,,,,
9/18/2019,0.156,,,,,,,,
9/19/2019,0.156,,,,,,,,
9/20/2019,0.156,,,,,,,,
9/21/2019,0.156,,,,,,,,
9/22/2019,0.156,,,,,,,,
9/23/2019,0.156,,,,,,,,
9/24/2019,0.156,,,,,,,,
9/25/2019,0.156,,,,,,,,
9/26/2019,0.156,,,,,,,,
9/27/2019,0.156,,,,,,,,
9/28/2019,0.156,,,,,,,,
9/29/2019,0.156,,,,,,,,
9/30/2019,0.156,,,,,,,,
10/1/2019,0.0771,,,,,,,,
10/2/2019,0.0771,,,,,,,,
10/3/2019,0.0771,,,,,,,,
10/4/2019,0.0771,,,,,,,,
10/5/2019,0.0771,,,,,,,,
10/6/2019,0.0771,,,,,,,,
10/7/2019,0.0771,,,,,,,,
10/8/2019,0.0771,,,,,,,,
10/9/2019,0.0771,,,,,,,,
10/10/2019,0.0771,,,,,,,,
10/11/2019,0.0771,,,,,,,,
10/12/2019,0.0771,,,,,,,,
10/13/2019,0.0771,,,,,,,,
10/14/2019,0.0771,,,,,,,,
10/15/2019,0.0771,,,,,,,,
10/16/2019,0.0771,,,,,,,,
10/17/2019,0.0771,,,,,,,,
10/18/2019,0.0771,,,,,,,,
10/19/2019,0.0771,,,,,,,,
10/20/2019,0.0771,,,,,,,,
10/21/2019,0.0771,,,,,,,,
10/22/2019,0.0771,,,,,,,,
10/23/2019,0.0771,,,,,,,,
10/24/2019,0.0771,,,,,,,,
10/25/2019,0.0771,,,,,,,,
10/26/2019,0.0771,,,,,,,,
10/27/2019,0.0771,,,,,,,,
10/28/2019,0.0771,,,,,,,,
10/29/2019,0.0771,,,,,,,,
10/30/2019,0.0771,,,,,,,,
10/31/2019,0.0771,,,,,,,,
11/1/2019,0.035,,,,,,,,
11/2/2019,0.035,,,,,,,,
11/3/2019,0.035,,,,,,,,
11/4/2019,0.035,,,,,,,,
11/5/2019,0.035,,,,,,,,
11/6/2019,0.035,,,,,,,,
11/7/2019,0.035,,,,,,,,
11/8/2019,0.035,,,,,,,,
11/9/2019,0.035,,,,,,,,
11/10/2019,0.035,,,,,,,,
11/11/2019,0.035,,,,,,,,
11/12/2019,0.035,,,,,,,,
11/13/2019,0.035,,,,,,,,
11/14/2019,0.035,,,,,,,,
11/15/2019,0.035,,,,,,,,
11/16/2019,0.035,,,,,,,,
11/17/2019,0.035,,,,,,,,
11/18/2019,0.035,,,,,,,,
11/19/2019,0.035,,,,,,,,
11/20/2019,0.035,,,,,,,,
11/21/2019,0.035,,,,,,,,
11/22/2019,0.035,,,,,,,,
11/23/2019,0.035,,,,,,,,
11/24/2019,0.035,,,,,,,,
11/25/2019,0.035,,,,,,,,
11/26/2019,0.035,,,,,,,,
11/27/2019,0.035,,,,,,,,
11/28/2019,0.035,,,,,,,,
11/29/2019,0.035,,,,,,,,
11/30/2019,0.035,,,,,,,,
12/1/2019,0.01839,,,,,,,,
12/2/2019,0.01839,,,,,,,,
12/3/2019,0.01839,,,,,,,,
12/4/2019,0.01839,,,,,,,,
12/5/2019,0.01839,,,,,,,,
12/6/2019,0.01839,,,,,,,,
12/7/2019,0.01839,,,,,,,,
12/8/2019,0.01839,,,,,,,,
12/9/2019,0.01839,,,,,,,,
12/10/2019,0.01839,,,,,,,,
12/11/2019,0.01839,,,,,,,,
12/12/2019,0.01839,,,,,,,,
12/13/2019,0.01839,,,,,,,,
12/14/2019,0.01839,,,,,,,,
12/15/2019,0.01839,,,,,,,,
12/16/2019,0.01839,,,,,,,,
12/17/2019,0.01839,,,,,,,,
12/18/2019,0.01839,,,,,,,,
12/19/2019,0.01839,,,,,,,,
12/20/2019,0.01839,,,,,,,,
12/21/2019,0.01839,,,,,,,,
12/22/2019,0.01839,,,,,,,,
12/23/2019,0.01839,,,,,,,,
12/24/2019,0.01839,,,,,,,,
12/25/2019,0.01839,,,,,,,,
12/26/2019,0.01839,,,,,,,,
12/27/2019,0.01839,,,,,,,,
12/28/2019,0.01839,,,,,,,,
12/29/2019,0.01839,,,,,,,,
12/30/2019,0.01839,,,,,,,,
12/31/2019,0.01839,,,,,,,,
1/1/2020,0.02032,,,,,,,,
1/2/2020,0.02032,,,,,,,,
1/3/2020,0.02032,,,,,,,,
1/4/2020,0.02032,,,,,,,,
1/5/2020,0.02032,,,,,,,,
1/6/2020,0.02032,,,,,,,,
1/7/2020,0.02032,,,,,,,,
1/8/2020,0.02032,,,,,,,,
1/9/2020,0.02032,,,,,,,,
1/10/2020,0.02032,,,,,,,,
1/11/2020,0.02032,,,,,,,,
1/12/2020,0.02032,,,,,,,,
1/13/2020,0.02032,,,,,,,,
1/14/2020,0.02032,,,,,,,,
1/15/2020,0.02032,,,,,,,,
1/16/2020,0.02032,,,,,,,,
1/17/2020,0.02032,,,,,,,,
1/18/2020,0.02032,,,,,,,,
1/19/2020,0.02032,,,,,,,,
1/20/2020,0.02032,,,,,,,,
1/21/2020,0.02032,,,,,,,,
1/22/2020,0.02032,,,,,,,,
1/23/2020,0.02032,,,,,,,,
1/24/2020,0.02032,,,,,,,,
1/25/2020,0.02032,,,,,,,,
1/26/2020,0.02032,,,,,,,,
1/27/2020,0.02032,,,,,,,,
1/28/2020,0.02032,,,,,,,,
1/29/2020,0.02032,,,,,,,,
1/30/2020,0.02032,,,,,,,,
1/31/2020,0.02032,,,,,,,,
2/1/2020,0.04214,,,,,,,,
2/2/2020,0.04214,,,,,,,,
2/3/2020,0.04214,,,,,,,,
2/4/2020,0.04214,,,,,,,,
2/5/2020,0.04214,,,,,,,,
2/6/2020,0.04214,,,,,,,,
2/7/2020,0.04214,,,,,,,,
2/8/2020,0.04214,,,,,,,,
2/9/2020,0.04214,,,,,,,,
2/10/2020,0.04214,,,,,,,,
2/11/2020,0.04214,,,,,,,,
2/12/2020,0.04214,,,,,,,,
2/13/2020,0.04214,,,,,,,,
2/14/2020,0.04214,,,,,,,,
2/15/2020,0.04214,,,,,,,,
2/16/2020,0.04214,,,,,,,,
2/17/2020,0.04214,,,,,,,,
2/18/2020,0.04214,,,,,,,,
2/19/2020,0.04214,,,,,,,,
2/20/2020,0.04214,,,,,,,,
2/21/2020,0.04214,,,,,,,,
2/22/2020,0.04214,,,,,,,,
2/23/2020,0.04214,,,,,,,,
2/24/2020,0.04214,,,,,,,,
2/25/2020,0.04214,,,,,,,,
2/26/2020,0.04214,,,,,,,,
2/27/2020,0.04214,,,,,,,,
2/28/2020,0.04214,,,,,,,,
2/29/2020,0.04214,,,,,,,,
3/1/2020,0.07387,,,,,,,,
3/2/2020,0.07387,,,,,,,,
3/3/2020,0.07387,,,,,,,,
3/4/2020,0.07387,,,,,,,,
3/5/2020,0.07387,,,,,,,,
3/6/2020,0.07387,,,,,,,,
3/7/2020,0.07387,,,,,,,,
3/8/2020,0.07387,,,,,,,,
3/9/2020,0.07387,,,,,,,,
3/10/2020,0.07387,,,,,,,,
3/11/2020,0.07387,,,,,,,,
3/12/2020,0.07387,,,,,,,,
3/13/2020,0.07387,,,,,,,,
3/14/2020,0.07387,,,,,,,,
3/15/2020,0.07387,,,,,,,,
3/16/2020,0.07387,,,,,,,,
3/17/2020,0.07387,,,,,,,,
3/18/2020,0.07387,,,,,,,,
3/19/2020,0.07387,,,,,,,,
3/20/2020,0.07387,,,,,,,,
3/21/2020,0.07387,,,,,,,,
3/22/2020,0.07387,,,,,,,,
3/23/2020,0.07387,,,,,,,,
3/24/2020,0.07387,,,,,,,,
3/25/2020,0.07387,,,,,,,,
3/26/2020,0.07387,,,,,,,,
3/27/2020,0.07387,,,,,,,,
3/28/2020,0.07387,,,,,,,,
3/29/2020,0.07387,,,,,,,,
3/30/2020,0.07387,,,,,,,,
3/31/2020,0.07387,,,,,,,,
4/1/2020,0.11033,,,,,,,,
4/2/2020,0.11033,,,,,,,,
4/3/2020,0.11033,,,,,,,,
4/4/2020,0.11033,,,,,,,,
4/5/2020,0.11033,,,,,,,,
4/6/2020,0.11033,,,,,,,,
4/7/2020,0.11033,,,,,,,,
4/8/2020,0.11033,,,,,,,,
4/9/2020,0.11033,,,,,,,,
4/10/2020,0.11033,,,,,,,,
4/11/2020,0.11033,,,,,,,,
4/12/2020,0.11033,,,,,,,,
4/13/2020,0.11033,,,,,,,,
4/14/2020,0.11033,,,,,,,,
4/15/2020,0.11033,,,,,,,,
4/16/2020,0.11033,,,,,,,,
4/17/2020,0.11033,,,,,,,,
4/18/2020,0.11033,,,,,,,,
4/19/2020,0.11033,,,,,,,,
4/20/2020,0.11033,,,,,,,,
4/21/2020,0.11033,,,,,,,,
4/22/2020,0.11033,,,,,,,,
4/23/2020,0.11033,,,,,,,,
4/24/2020,0.11033,,,,,,,,
4/25/2020,0.11033,,,,,,,,
4/26/2020,0.11033,,,,,,,,
4/27/2020,0.11033,,,,,,,,
4/28/2020,0.11033,,,,,,,,
4/29/2020,0.11033,,,,,,,,
4/30/2020,0.11033,,,,,,,,
5/1/2020,0.16613,,,,,,,,
5/2/2020,0.16613,,,,,,,,
5/3/2020,0.16613,,,,,,,,
5/4/2020,0.16613,,,,,,,,
5/5/2020,0.16613,,,,,,,,
5/6/2020,0.16613,,,,,,,,
5/7/2020,0.16613,,,,,,,,
5/8/2020,0.16613,,,,,,,,
5/9/2020,0.16613,,,,,,,,
5/10/2020,0.16613,,,,,,,,
5/11/2020,0.16613,,,,,,,,
5/12/2020,0.16613,,,,,,,,
5/13/2020,0.16613,,,,,,,,
5/14/2020,0.16613,,,,,,,,
5/15/2020,0.16613,,,,,,,,
5/16/2020,0.16613,,,,,,,,
5/17/2020,0.16613,,,,,,,,
5/18/2020,0.16613,,,,,,,,
5/19/2020,0.16613,,,,,,,,
5/20/2020,0.16613,,,,,,,,
5/21/2020,0.16613,,,,,,,,
5/22/2020,0.16613,,,,,,,,
5/23/2020,0.16613,,,,,,,,
5/24/2020,0.16613,,,,,,,,
5/25/2020,0.16613,,,,,,,,
5/26/2020,0.16613,,,,,,,,
5/27/2020,0.16613,,,,,,,,
5/28/2020,0.16613,,,,,,,,
5/29/2020,0.16613,,,,,,,,
5/30/2020,0.16613,,,,,,,,
5/31/2020,0.16613,,,,,,,,
6/1/2020,0.20033,,,,,,,,
6/2/2020,0.20033,,,,,,,,
6/3/2020,0.20033,,,,,,,,
6/4/2020,0.20033,,,,,,,,
6/5/2020,0.20033,,,,,,,,
6/6/2020,0.20033,,,,,,,,
6/7/2020,0.20033,,,,,,,,
6/8/2020,0.20033,,,,,,,,
6/9/2020,0.20033,,,,,,,,
6/10/2020,0.20033,,,,,,,,
6/11/2020,0.20033,,,,,,,,
6/12/2020,0.20033,,,,,,,,
6/13/2020,0.20033,,,,,,,,
6/14/2020,0.20033,,,,,,,,
6/15/2020,0.20033,,,,,,,,
6/16/2020,0.20033,,,,,,,,
6/17/2020,0.20033,,,,,,,,
6/18/2020,0.20033,,,,,,,,
6/19/2020,0.20033,,,,,,,,
6/20/2020,0.20033,,,,,,,,
6/21/2020,0.20033,,,,,,,,
6/22/2020,0.20033,,,,,,,,
6/23/2020,0.20033,,,,,,,,
6/24/2020,0.20033,,,,,,,,
6/25/2020,0.20033,,,,,,,,
6/26/2020,0.20033,,,,,,,,
6/27/2020,0.20033,,,,,,,,
6/28/2020,0.20033,,,,,,,,
6/29/2020,0.20033,,,,,,,,
6/30/2020,0.20033,,,,,,,,
7/1/2020,0.23871,,,,,,,,
7/2/2020,0.23871,,,,,,,,
7/3/2020,0.23871,,,,,,,,
7/4/2020,0.23871,,,,,,,,
7/5/2020,0.23871,,,,,,,,
7/6/2020,0.23871,,,,,,,,
7/7/2020,0.23871,,,,,,,,
7/8/2020,0.23871,,,,,,,,
7/9/2020,0.23871,,,,,,,,
7/10/2020,0.23871,,,,,,,,
7/11/2020,0.23871,,,,,,,,
7/12/2020,0.23871,,,,,,,,
7/13/2020,0.23871,,,,,,,,
7/14/2020,0.23871,,,,,,,,
7/15/2020,0.23871,,,,,,,,
7/16/2020,0.23871,,,,,,,,
7/17/2020,0.23871,,,,,,,,
7/18/2020,0.23871,,,,,,,,
7/19/2020,0.23871,,,,,,,,
7/20/2020,0.23871,,,,,,,,
7/21/2020,0.23871,,,,,,,,
7/22/2020,0.23871,,,,,,,,
7/23/2020,0.23871,,,,,,,,
7/24/2020,0.23871,,,,,,,,
7/25/2020,0.23871,,,,,,,,
7/26/2020,0.23871,,,,,,,,
7/27/2020,0.23871,,,,,,,,
7/28/2020,0.23871,,,,,,,,
7/29/2020,0.23871,,,,,,,,
7/30/2020,0.23871,,,,,,,,
7/31/2020,0.23871,,,,,,,,
8/1/2020,0.21871,,,,,,,,
8/2/2020,0.21871,,,,,,,,
8/3/2020,0.21871,,,,,,,,
8/4/2020,0.21871,,,,,,,,
8/5/2020,0.21871,,,,,,,,
8/6/2020,0.21871,,,,,,,,
8/7/2020,0.21871,,,,,,,,
8/8/2020,0.21871,,,,,,,,
8/9/2020,0.21871,,,,,,,,
8/10/2020,0.21871,,,,,,,,
8/11/2020,0.21871,,,,,,,,
8/12/2020,0.21871,,,,,,,,
8/13/2020,0.21871,,,,,,,,
8/14/2020,0.21871,,,,,,,,
8/15/2020,0.21871,,,,,,,,
8/16/2020,0.21871,,,,,,,,
8/17/2020,0.21871,,,,,,,,
8/18/2020,0.21871,,,,,,,,
8/19/2020,0.21871,,,,,,,,
8/20/2020,0.21871,,,,,,,,
8/21/2020,0.21871,,,,,,,,
8/22/2020,0.21871,,,,,,,,
8/23/2020,0.21871,,,,,,,,
8/24/2020,0.21871,,,,,,,,
8/25/2020,0.21871,,,,,,,,
8/26/2020,0.21871,,,,,,,,
8/27/2020,0.21871,,,,,,,,
8/28/2020,0.21871,,,,,,,,
8/29/2020,0.21871,,,,,,,,
8/30/2020,0.21871,,,,,,,,
8/31/2020,0.21871,,,,,,,,
9/1/2020,0.156,,,,,,,,
9/2/2020,0.156,,,,,,,,
9/3/2020,0.156,,,,,,,,
9/4/2020,0.156,,,,,,,,
9/5/2020,0.156,,,,,,,,
9/6/2020,0.156,,,,,,,,
9/7/2020,0.156,,,,,,,,
9/8/2020,0.156,,,,,,,,
9/9/2020,0.156,,,,,,,,
9/10/2020,0.156,,,,,,,,
9/11/2020,0.156,,,,,,,,
9/12/2020,0.156,,,,,,,,
9/13/2020,0.156,,,,,,,,
9/14/2020,0.156,,,,,,,,
9/15/2020,0.156,,,,,,,,
9/16/2020,0.156,,,,,,,,
9/17/2020,0.156,,,,,,,,
9/18/2020,0.156,,,,,,,,
9/19/2020,0.156,,,,,,,,
9/20/2020,0.156,,,,,,,,
9/21/2020,0.156,,,,,,,,
9/22/2020,0.156,,,,,,,,
9/23/2020,0.156,,,,,,,,
9/24/2020,0.156,,,,,,,,
9/25/2020,0.156,,,,,,,,
9/26/2020,0.156,,,,,,,,
9/27/2020,0.156,,,,,,,,
9/28/2020,0.156,,,,,,,,
9/29/2020,0.156,,,,,,,,
9/30/2020,0.156,,,,,,,,
10/1/2020,0.0771,,,,,,,,
10/2/2020,0.0771,,,,,,,,
10/3/2020,0.0771,,,,,,,,
10/4/2020,0.0771,,,,,,,,
10/5/2020,0.0771,,,,,,,,
10/6/2020,0.0771,,,,,,,,
10/7/2020,0.0771,,,,,,,,
10/8/2020,0.0771,,,,,,,,
10/9/2020,0.0771,,,,,,,,
10/10/2020,0.0771,,,,,,,,
10/11/2020,0.0771,,,,,,,,
10/12/2020,0.0771,,,,,,,,
10/13/2020,0.0771,,,,,,,,
10/14/2020,0.0771,,,,,,,,
10/15/2020,0.0771,,,,,,,,
10/16/2020,0.0771,,,,,,,,
10/17/2020,0.0771,,,,,,,,
10/18/2020,0.0771,,,,,,,,
10/19/2020,0.0771,,,,,,,,
10/20/2020,0.0771,,,,,,,,
10/21/2020,0.0771,,,,,,,,
10/22/2020,0.0771,,,,,,,,
10/23/2020,0.0771,,,,,,,,
10/24/2020,0.0771,,,,,,,,
10/25/2020,0.0771,,,,,,,,
10/26/2020,0.0771,,,,,,,,
10/27/2020,0.0771,,,,,,,,
10/28/2020,0.0771,,,,,,,,
10/29/2020,0.0771,,,,,,,,
10/30/2020,0.0771,,,,,,,,
10/31/2020,0.0771,,,,,,,,
11/1/2020,0.035,,,,,,,,
11/2/2020,0.035,,,,,,,,
11/3/2020,0.035,,,,,,,,
11/4/2020,0.035,,,,,,,,
11/5/2020,0.035,,,,,,,,
11/6/2020,0.035,,,,,,,,
11/7/2020,0.035,,,,,,,,
11/8/2020,0.035,,,,,,,,
11/9/2020,0.035,,,,,,,,
11/10/2020,0.035,,,,,,,,
11/11/2020,0.035,,,,,,,,
11/12/2020,0.035,,,,,,,,
11/13/2020,0.035,,,,,,,,
11/14/2020,0.035,,,,,,,,
11/15/2020,0.035,,,,,,,,
11/16/2020,0.035,,,,,,,,
11/17/2020,0.035,,,,,,,,
11/18/2020,0.035,,,,,,,,
11/19/2020,0.035,,,,,,,,
11/20/2020,0.035,,,,,,,,
11/21/2020,0.035,,,,,,,,
11/22/2020,0.035,,,,,,,,
11/23/2020,0.035,,,,,,,,
11/24/2020,0.035,,,,,,,,
11/25/2020,0.035,,,,,,,,
11/26/2020,0.035,,,,,,,,
11/27/2020,0.035,,,,,,,,
11/28/2020,0.035,,,,,,,,
11/29/2020,0.035,,,,,,,,
11/30/2020,0.035,,,,,,,,
12/1/2020,0.01839,,,,,,,,
12/2/2020,0.01839,,,,,,,,
12/3/2020,0.01839,,,,,,,,
12/4/2020,0.01839,,,,,,,,
12/5/2020,0.01839,,,,,,,,
12/6/2020,0.01839,,,,,,,,
12/7/2020,0.01839,,,,,,,,
12/8/2020,0.01839,,,,,,,,
12/9/2020,0.01839,,,,,,,,
12/10/2020,0.01839,,,,,,,,
12/11/2020,0.01839,,,,,,,,
12/12/2020,0.01839,,,,,,,,
12/13/2020,0.01839,,,,,,,,
12/14/2020,0.01839,,,,,,,,
12/15/2020,0.01839,,,,,,,,
12/16/2020,0.01839,,,,,,,,
12/17/2020,0.01839,,,,,,,,
12/18/2020,0.01839,,,,,,,,
12/19/2020,0.01839,,,,,,,,
12/20/2020,0.01839,,,,,,,,
12/21/2020,0.01839,,,,,,,,
12/22/2020,0.01839,,,,,,,,
12/23/2020,0.01839,,,,,,,,
12/24/2020,0.01839,,,,,,,,
12/25/2020,0.01839,,,,,,,,
12/26/2020,0.01839,,,,,,,,
12/27/2020,0.01839,,,,,,,,
12/28/2020,0.01839,,,,,,,,
12/29/2020,0.01839,,,,,,,,
12/30/2020,0.01839,,,,,,,,
12/31/2020,0.01839,,,,,,,,
1/1/2021,0.02032,,,,,,,,
1/2/2021,0.02032,,,,,,,,
1/3/2021,0.02032,,,,,,,,
1/4/2021,0.02032,,,,,,,,
1/5/2021,0.02032,,,,,,,,
1/6/2021,0.02032,,,,,,,,
1/7/2021,0.02032,,,,,,,,
1/8/2021,0.02032,,,,,,,,
1/9/2021,0.02032,,,,,,,,
1/10/2021,0.02032,,,,,,,,
1/11/2021,0.02032,,,,,,,,
1/12/2021,0.02032,,,,,,,,
1/13/2021,0.02032,,,,,,,,
1/14/2021,0.02032,,,,,,,,
1/15/2021,0.02032,,,,,,,,
1/16/2021,0.02032,,,,,,,,
1/17/2021,0.02032,,,,,,,,
1/18/2021,0.02032,,,,,,,,
1/19/2021,0.02032,,,,,,,,
1/20/2021,0.02032,,,,,,,,
1/21/2021,0.02032,,,,,,,,
1/22/2021,0.02032,,,,,,,,
1/23/2021,0.02032,,,,,,,,
1/24/2021,0.02032,,,,,,,,
1/25/2021,0.02032,,,,,,,,
1/26/2021,0.02032,,,,,,,,
1/27/2021,0.02032,,,,,,,,
1/28/2021,0.02032,,,,,,,,
1/29/2021,0.02032,,,,,,,,
1/30/2021,0.02032,,,,,,,,
1/31/2021,0.02032,,,,,,,,
2/1/2021,0.04214,,,,,,,,
2/2/2021,0.04214,,,,,,,,
2/3/2021,0.04214,,,,,,,,
2/4/2021,0.04214,,,,,,,,
2/5/2021,0.04214,,,,,,,,
2/6/2021,0.04214,,,,,,,,
2/7/2021,0.04214,,,,,,,,
2/8/2021,0.04214,,,,,,,,
2/9/2021,0.04214,,,,,,,,
2/10/2021,0.04214,,,,,,,,
2/11/2021,0.04214,,,,,,,,
2/12/2021,0.04214,,,,,,,,
2/13/2021,0.04214,,,,,,,,
2/14/2021,0.04214,,,,,,,,
2/15/2021,0.04214,,,,,,,,
2/16/2021,0.04214,,,,,,,,
2/17/2021,0.04214,,,,,,,,
2/18/2021,0.04214,,,,,,,,
2/19/2021,0.04214,,,,,,,,
2/20/2021,0.04214,,,,,,,,
2/21/2021,0.04214,,,,,,,,
2/22/2021,0.04214,,,,,,,,
2/23/2021,0.04214,,,,,,,,
2/24/2021,0.04214,,,,,,,,
2/25/2021,0.04214,,,,,,,,
2/26/2021,0.04214,,,,,,,,
2/27/2021,0.04214,,,,,,,,
2/28/2021,0.04214,,,,,,,,
3/1/2021,0.07387,,,,,,,,
3/2/2021,0.07387,,,,,,,,
3/3/2021,0.07387,,,,,,,,
3/4/2021,0.07387,,,,,,,,
3/5/2021,0.07387,,,,,,,,
3/6/2021,0.07387,,,,,,,,
3/7/2021,0.07387,,,,,,,,
3/8/2021,0.07387,,,,,,,,
3/9/2021,0.07387,,,,,,,,
3/10/2021,0.07387,,,,,,,,
3/11/2021,0.07387,,,,,,,,
3/12/2021,0.07387,,,,,,,,
3/13/2021,0.07387,,,,,,,,
3/14/2021,0.07387,,,,,,,,
3/15/2021,0.07387,,,,,,,,
3/16/2021,0.07387,,,,,,,,
3/17/2021,0.07387,,,,,,,,
3/18/2021,0.07387,,,,,,,,
3/19/2021,0.07387,,,,,,,,
3/20/2021,0.07387,,,,,,,,
3/21/2021,0.07387,,,,,,,,
3/22/2021,0.07387,,,,,,,,
3/23/2021,0.07387,,,,,,,,
3/24/2021,0.07387,,,,,,,,
3/25/2021,0.07387,,,,,,,,
3/26/2021,0.07387,,,,,,,,
3/27/2021,0.07387,,,,,,,,
3/28/2021,0.07387,,,,,,,,
3/29/2021,0.07387,,,,,,,,
3/30/2021,0.07387,,,,,,,,
3/31/2021,0.07387,,,,,,,,
4/1/2021,0.11033,,,,,,,,
4/2/2021,0.11033,,,,,,,,
4/3/2021,0.11033,,,,,,,,
4/4/2021,0.11033,,,,,,,,
4/5/2021,0.11033,,,,,,,,
4/6/2021,0.11033,,,,,,,,
4/7/2021,0.11033,,,,,,,,
4/8/2021,0.11033,,,,,,,,
4/9/2021,0.11033,,,,,,,,
4/10/2021,0.11033,,,,,,,,
4/11/2021,0.11033,,,,,,,,
4/12/2021,0.11033,,,,,,,,
4/13/2021,0.11033,,,,,,,,
4/14/2021,0.11033,,,,,,,,
4/15/2021,0.11033,,,,,,,,
4/16/2021,0.11033,,,,,,,,
4/17/2021,0.11033,,,,,,,,
4/18/2021,0.11033,,,,,,,,
4/19/2021,0.11033,,,,,,,,
4/20/2021,0.11033,,,,,,,,
4/21/2021,0.11033,,,,,,,,
4/22/2021,0.11033,,,,,,,,
4/23/2021,0.11033,,,,,,,,
4/24/2021,0.11033,,,,,,,,
4/25/2021,0.11033,,,,,,,,
4/26/2021,0.11033,,,,,,,,
4/27/2021,0.11033,,,,,,,,
4/28/2021,0.11033,,,,,,,,
4/29/2021,0.11033,,,,,,,,
4/30/2021,0.11033,,,,,,,,
5/1/2021,0.16613,,,,,,,,
5/2/2021,0.16613,,,,,,,,
5/3/2021,0.16613,,,,,,,,
5/4/2021,0.16613,,,,,,,,
5/5/2021,0.16613,,,,,,,,
5/6/2021,0.16613,,,,,,,,
5/7/2021,0.16613,,,,,,,,
5/8/2021,0.16613,,,,,,,,
5/9/2021,0.16613,,,,,,,,
5/10/2021,0.16613,,,,,,,,
5/11/2021,0.16613,,,,,,,,
5/12/2021,0.16613,,,,,,,,
5/13/2021,0.16613,,,,,,,,
5/14/2021,0.16613,,,,,,,,
5/15/2021,0.16613,,,,,,,,
5/16/2021,0.16613,,,,,,,,
5/17/2021,0.16613,,,,,,,,
5/18/2021,0.16613,,,,,,,,
5/19/2021,0.16613,,,,,,,,
5/20/2021,0.16613,,,,,,,,
5/21/2021,0.16613,,,,,,,,
5/22/2021,0.16613,,,,,,,,
5/23/2021,0.16613,,,,,,,,
5/24/2021,0.16613,,,,,,,,
5/25/2021,0.16613,,,,,,,,
5/26/2021,0.16613,,,,,,,,
5/27/2021,0.16613,,,,,,,,
5/28/2021,0.16613,,,,,,,,
5/29/2021,0.16613,,,,,,,,
5/30/2021,0.16613,,,,,,,,
5/31/2021,0.16613,,,,,,,,
6/1/2021,0.20033,,,,,,,,
6/2/2021,0.20033,,,,,,,,
6/3/2021,0.20033,,,,,,,,
6/4/2021,0.20033,,,,,,,,
6/5/2021,0.20033,,,,,,,,
6/6/2021,0.20033,,,,,,,,
6/7/2021,0.20033,,,,,,,,
6/8/2021,0.20033,,,,,,,,
6/9/2021,0.20033,,,,,,,,
6/10/2021,0.20033,,,,,,,,
6/11/2021,0.20033,,,,,,,,
6/12/2021,0.20033,,,,,,,,
6/13/2021,0.20033,,,,,,,,
6/14/2021,0.20033,,,,,,,,
6/15/2021,0.20033,,,,,,,,
6/16/2021,0.20033,,,,,,,,
6/17/2021,0.20033,,,,,,,,
6/18/2021,0.20033,,,,,,,,
6/19/2021,0.20033,,,,,,,,
6/20/2021,0.20033,,,,,,,,
6/21/2021,0.20033,,,,,,,,
6/22/2021,0.20033,,,,,,,,
6/23/2021,0.20033,,,,,,,,
6/24/2021,0.20033,,,,,,,,
6/25/2021,0.20033,,,,,,,,
6/26/2021,0.20033,,,,,,,,
6/27/2021,0.20033,,,,,,,,
6/28/2021,0.20033,,,,,,,,
6/29/2021,0.20033,,,,,,,,
6/30/2021,0.20033,,,,,,,,
7/1/2021,0.23871,,,,,,,,
7/2/2021,0.23871,,,,,,,,
7/3/2021,0.23871,,,,,,,,
7/4/2021,0.23871,,,,,,,,
7/5/2021,0.23871,,,,,,,,
7/6/2021,0.23871,,,,,,,,
7/7/2021,0.23871,,,,,,,,
7/8/2021,0.23871,,,,,,,,
7/9/2021,0.23871,,,,,,,,
7/10/2021,0.23871,,,,,,,,
7/11/2021,0.23871,,,,,,,,
7/12/2021,0.23871,,,,,,,,
7/13/2021,0.23871,,,,,,,,
7/14/2021,0.23871,,,,,,,,
7/15/2021,0.23871,,,,,,,,
7/16/2021,0.23871,,,,,,,,
7/17/2021,0.23871,,,,,,,,
7/18/2021,0.23871,,,,,,,,
7/19/2021,0.23871,,,,,,,,
7/20/2021,0.23871,,,,,,,,
7/21/2021,0.23871,,,,,,,,
7/22/2021,0.23871,,,,,,,,
7/23/2021,0.23871,,,,,,,,
7/24/2021,0.23871,,,,,,,,
7/25/2021,0.23871,,,,,,,,
7/26/2021,0.23871,,,,,,,,
7/27/2021,0.23871,,,,,,,,
7/28/2021,0.23871,,,,,,,,
7/29/2021,0.23871,,,,,,,,
7/30/2021,0.23871,,,,,,,,
7/31/2021,0.23871,,,,,,,,
8/1/2021,0.21871,,,,,,,,
8/2/2021,0.21871,,,,,,,,
8/3/2021,0.21871,,,,,,,,
8/4/2021,0.21871,,,,,,,,
8/5/2021,0.21871,,,,,,,,
8/6/2021,0.21871,,,,,,,,
8/7/2021,0.21871,,,,,,,,
8/8/2021,0.21871,,,,,,,,
8/9/2021,0.21871,,,,,,,,
8/10/2021,0.21871,,,,,,,,
8/11/2021,0.21871,,,,,,,,
8/12/2021,0.21871,,,,,,,,
8/13/2021,0.21871,,,,,,,,
8/14/2021,0.21871,,,,,,,,
8/15/2021,0.21871,,,,,,,,
8/16/2021,0.21871,,,,,,,,
8/17/2021,0.21871,,,,,,,,
8/18/2021,0.21871,,,,,,,,
8/19/2021,0.21871,,,,,,,,
8/20/2021,0.21871,,,,,,,,
8/21/2021,0.21871,,,,,,,,
8/22/2021,0.21871,,,,,,,,
8/23/2021,0.21871,,,,,,,,
8/24/2021,0.21871,,,,,,,,
8/25/2021,0.21871,,,,,,,,
8/26/2021,0.21871,,,,,,,,
8/27/2021,0.21871,,,,,,,,
8/28/2021,0.21871,,,,,,,,
8/29/2021,0.21871,,,,,,,,
8/30/2021,0.21871,,,,,,,,
8/31/2021,0.21871,,,,,,,,
9/1/2021,0.156,,,,,,,,
9/2/2021,0.156,,,,,,,,
9/3/2021,0.156,,,,,,,,
9/4/2021,0.156,,,,,,,,
9/5/2021,0.156,,,,,,,,
9/6/2021,0.156,,,,,,,,
9/7/2021,0.156,,,,,,,,
9/8/2021,0.156,,,,,,,,
9/9/2021,0.156,,,,,,,,
9/10/2021,0.156,,,,,,,,
9/11/2021,0.156,,,,,,,,
9/12/2021,0.156,,,,,,,,
9/13/2021,0.156,,,,,,,,
9/14/2021,0.156,,,,,,,,
9/15/2021,0.156,,,,,,,,
9/16/2021,0.156,,,,,,,,
9/17/2021,0.156,,,,,,,,
9/18/2021,0.156,,,,,,,,
9/19/2021,0.156,,,,,,,,
9/20/2021,0.156,,,,,,,,
9/21/2021,0.156,,,,,,,,
9/22/2021,0.156,,,,,,,,
9/23/2021,0.156,,,,,,,,
9/24/2021,0.156,,,,,,,,
9/25/2021,0.156,,,,,,,,
9/26/2021,0.156,,,,,,,,
9/27/2021,0.156,,,,,,,,
9/28/2021,0.156,,,,,,,,
9/29/2021,0.156,,,,,,,,
9/30/2021,0.156,,,,,,,,
10/1/2021,0.0771,,,,,,,,
10/2/2021,0.0771,,,,,,,,
10/3/2021,0.0771,,,,,,,,
10/4/2021,0.0771,,,,,,,,
10/5/2021,0.0771,,,,,,,,
10/6/2021,0.0771,,,,,,,,
10/7/2021,0.0771,,,,,,,,
10/8/2021,0.0771,,,,,,,,
10/9/2021,0.0771,,,,,,,,
10/10/2021,0.0771,,,,,,,,
10/11/2021,0.0771,,,,,,,,
10/12/2021,0.0771,,,,,,,,
10/13/2021,0.0771,,,,,,,,
10/14/2021,0.0771,,,,,,,,
10/15/2021,0.0771,,,,,,,,
10/16/2021,0.0771,,,,,,,,
10/17/2021,0.0771,,,,,,,,
10/18/2021,0.0771,,,,,,,,
10/19/2021,0.0771,,,,,,,,
10/20/2021,0.0771,,,,,,,,
10/21/2021,0.0771,,,,,,,,
10/22/2021,0.0771,,,,,,,,
10/23/2021,0.0771,,,,,,,,
10/24/2021,0.0771,,,,,,,,
10/25/2021,0.0771,,,,,,,,
10/26/2021,0.0771,,,,,,,,
10/27/2021,0.0771,,,,,,,,
10/28/2021,0.0771,,,,,,,,
10/29/2021,0.0771,,,,,,,,
10/30/2021,0.0771,,,,,,,,
10/31/2021,0.0771,,,,,,,,
11/1/2021,0.035,,,,,,,,
11/2/2021,0.035,,,,,,,,
11/3/2021,0.035,,,,,,,,
11/4/2021,0.035,,,,,,,,
11/5/2021,0.035,,,,,,,,
11/6/2021,0.035,,,,,,,,
11/7/2021,0.035,,,,,,,,
11/8/2021,0.035,,,,,,,,
11/9/2021,0.035,,,,,,,,
11/10/2021,0.035,,,,,,,,
11/11/2021,0.035,,,,,,,,
11/12/2021,0.035,,,,,,,,
11/13/2021,0.035,,,,,,,,
11/14/2021,0.035,,,,,,,,
11/15/2021,0.035,,,,,,,,
11/16/2021,0.035,,,,,,,,
11/17/2021,0.035,,,,,,,,
11/18/2021,0.035,,,,,,,,
11/19/2021,0.035,,,,,,,,
11/20/2021,0.035,,,,,,,,
11/21/2021,0.035,,,,,,,,
11/22/2021,0.035,,,,,,,,
11/23/2021,0.035,,,,,,,,
11/24/2021,0.035,,,,,,,,
11/25/2021,0.035,,,,,,,,
11/26/2021,0.035,,,,,,,,
11/27/2021,0.035,,,,,,,,
11/28/2021,0.035,,,,,,,,
11/29/2021,0.035,,,,,,,,
11/30/2021,0.035,,,,,,,,
12/1/2021,0.01839,,,,,,,,
12/2/2021,0.01839,,,,,,,,
12/3/2021,0.01839,,,,,,,,
12/4/2021,0.01839,,,,,,,,
12/5/2021,0.01839,,,,,,,,
12/6/2021,0.01839,,,,,,,,
12/7/2021,0.01839,,,,,,,,
12/8/2021,0.01839,,,,,,,,
12/9/2021,0.01839,,,,,,,,
12/10/2021,0.01839,,,,,,,,
12/11/2021,0.01839,,,,,,,,
12/12/2021,0.01839,,,,,,,,
12/13/2021,0.01839,,,,,,,,
12/14/2021,0.01839,,,,,,,,
12/15/2021,0.01839,,,,,,,,
12/16/2021,0.01839,,,,,,,,
12/17/2021,0.01839,,,,,,,,
12/18/2021,0.01839,,,,,,,,
12/19/2021,0.01839,,,,,,,,
12/20/2021,0.01839,,,,,,,,
12/21/2021,0.01839,,,,,,,,
12/22/2021,0.01839,,,,,,,,
12/23/2021,0.01839,,,,,,,,
12/24/2021,0.01839,,,,,,,,
12/25/2021,0.01839,,,,,,,,
12/26/2021,0.01839,,,,,,,,
12/27/2021,0.01839,,,,,,,,
12/28/2021,0.01839,,,,,,,,
12/29/2021,0.01839,,,,,,,,
12/30/2021,0.01839,,,,,,,,
12/31/2021,0.01839,,,,,,,,
1/1/2022,0.02032,,,,,,,,
1/2/2022,0.02032,,,,,,,,
1/3/2022,0.02032,,,,,,,,
1/4/2022,0.02032,,,,,,,,
1/5/2022,0.02032,,,,,,,,
1/6/2022,0.02032,,,,,,,,
1/7/2022,0.02032,,,,,,,,
1/8/2022,0.02032,,,,,,,,
1/9/2022,0.02032,,,,,,,,
1/10/2022,0.02032,,,,,,,,
1/11/2022,0.02032,,,,,,,,
1/12/2022,0.02032,,,,,,,,
1/13/2022,0.02032,,,,,,,,
1/14/2022,0.02032,,,,,,,,
1/15/2022,0.02032,,,,,,,,
1/16/2022,0.02032,,,,,,,,
1/17/2022,0.02032,,,,,,,,
1/18/2022,0.02032,,,,,,,,
1/19/2022,0.02032,,,,,,,,
1/20/2022,0.02032,,,,,,,,
1/21/2022,0.02032,,,,,,,,
1/22/2022,0.02032,,,,,,,,
1/23/2022,0.02032,,,,,,,,
1/24/2022,0.02032,,,,,,,,
1/25/2022,0.02032,,,,,,,,
1/26/2022,0.02032,,,,,,,,
1/27/2022,0.02032,,,,,,,,
1/28/2022,0.02032,,,,,,,,
1/29/2022,0.02032,,,,,,,,
1/30/2022,0.02032,,,,,,,,
1/31/2022,0.02032,,,,,,,,
2/1/2022,0.04214,,,,,,,,
2/2/2022,0.04214,,,,,,,,
2/3/2022,0.04214,,,,,,,,
2/4/2022,0.04214,,,,,,,,
2/5/2022,0.04214,,,,,,,,
2/6/2022,0.04214,,,,,,,,
2/7/2022,0.04214,,,,,,,,
2/8/2022,0.04214,,,,,,,,
2/9/2022,0.04214,,,,,,,,
2/10/2022,0.04214,,,,,,,,
2/11/2022,0.04214,,,,,,,,
2/12/2022,0.04214,,,,,,,,
2/13/2022,0.04214,,,,,,,,
2/14/2022,0.04214,,,,,,,,
2/15/2022,0.04214,,,,,,,,
2/16/2022,0.04214,,,,,,,,
2/17/2022,0.04214,,,,,,,,
2/18/2022,0.04214,,,,,,,,
2/19/2022,0.04214,,,,,,,,
2/20/2022,0.04214,,,,,,,,
2/21/2022,0.04214,,,,,,,,
2/22/2022,0.04214,,,,,,,,
2/23/2022,0.04214,,,,,,,,
2/24/2022,0.04214,,,,,,,,
2/25/2022,0.04214,,,,,,,,
2/26/2022,0.04214,,,,,,,,
2/27/2022,0.04214,,,,,,,,
2/28/2022,0.04214,,,,,,,,
3/1/2022,0.07387,,,,,,,,
3/2/2022,0.07387,,,,,,,,
3/3/2022,0.07387,,,,,,,,
3/4/2022,0.07387,,,,,,,,
3/5/2022,0.07387,,,,,,,,
3/6/2022,0.07387,,,,,,,,
3/7/2022,0.07387,,,,,,,,
3/8/2022,0.07387,,,,,,,,
3/9/2022,0.07387,,,,,,,,
3/10/2022,0.07387,,,,,,,,
3/11/2022,0.07387,,,,,,,,
3/12/2022,0.07387,,,,,,,,
3/13/2022,0.07387,,,,,,,,
3/14/2022,0.07387,,,,,,,,
3/15/2022,0.07387,,,,,,,,
3/16/2022,0.07387,,,,,,,,
3/17/2022,0.07387,,,,,,,,
3/18/2022,0.07387,,,,,,,,
3/19/2022,0.07387,,,,,,,,
3/20/2022,0.07387,,,,,,,,
3/21/2022,0.07387,,,,,,,,
3/22/2022,0.07387,,,,,,,,
3/23/2022,0.07387,,,,,,,,
3/24/2022,0.07387,,,,,,,,
3/25/2022,0.07387,,,,,,,,
3/26/2022,0.07387,,,,,,,,
3/27/2022,0.07387,,,,,,,,
3/28/2022,0.07387,,,,,,,,
3/29/2022,0.07387,,,,,,,,
3/30/2022,0.07387,,,,,,,,
3/31/2022,0.07387,,,,,,,,
4/1/2022,0.11033,,,,,,,,
4/2/2022,0.11033,,,,,,,,
4/3/2022,0.11033,,,,,,,,
4/4/2022,0.11033,,,,,,,,
4/5/2022,0.11033,,,,,,,,
4/6/2022,0.11033,,,,,,,,
4/7/2022,0.11033,,,,,,,,
4/8/2022,0.11033,,,,,,,,
4/9/2022,0.11033,,,,,,,,
4/10/2022,0.11033,,,,,,,,
4/11/2022,0.11033,,,,,,,,
4/12/2022,0.11033,,,,,,,,
4/13/2022,0.11033,,,,,,,,
4/14/2022,0.11033,,,,,,,,
4/15/2022,0.11033,,,,,,,,
4/16/2022,0.11033,,,,,,,,
4/17/2022,0.11033,,,,,,,,
4/18/2022,0.11033,,,,,,,,
4/19/2022,0.11033,,,,,,,,
4/20/2022,0.11033,,,,,,,,
4/21/2022,0.11033,,,,,,,,
4/22/2022,0.11033,,,,,,,,
4/23/2022,0.11033,,,,,,,,
4/24/2022,0.11033,,,,,,,,
4/25/2022,0.11033,,,,,,,,
4/26/2022,0.11033,,,,,,,,
4/27/2022,0.11033,,,,,,,,
4/28/2022,0.11033,,,,,,,,
4/29/2022,0.11033,,,,,,,,
4/30/2022,0.11033,,,,,,,,
5/1/2022,0.16613,,,,,,,,
5/2/2022,0.16613,,,,,,,,
5/3/2022,0.16613,,,,,,,,
5/4/2022,0.16613,,,,,,,,
5/5/2022,0.16613,,,,,,,,
5/6/2022,0.16613,,,,,,,,
5/7/2022,0.16613,,,,,,,,
5/8/2022,0.16613,,,,,,,,
5/9/2022,0.16613,,,,,,,,
5/10/2022,0.16613,,,,,,,,
5/11/2022,0.16613,,,,,,,,
5/12/2022,0.16613,,,,,,,,
5/13/2022,0.16613,,,,,,,,
5/14/2022,0.16613,,,,,,,,
5/15/2022,0.16613,,,,,,,,
5/16/2022,0.16613,,,,,,,,
5/17/2022,0.16613,,,,,,,,
5/18/2022,0.16613,,,,,,,,
5/19/2022,0.16613,,,,,,,,
5/20/2022,0.16613,,,,,,,,
5/21/2022,0.16613,,,,,,,,
5/22/2022,0.16613,,,,,,,,
5/23/2022,0.16613,,,,,,,,
5/24/2022,0.16613,,,,,,,,
5/25/2022,0.16613,,,,,,,,
5/26/2022,0.16613,,,,,,,,
5/27/2022,0.16613,,,,,,,,
5/28/2022,0.16613,,,,,,,,
5/29/2022,0.16613,,,,,,,,
5/30/2022,0.16613,,,,,,,,
5/31/2022,0.16613,,,,,,,,
6/1/2022,0.20033,,,,,,,,
6/2/2022,0.20033,,,,,,,,
6/3/2022,0.20033,,,,,,,,
6/4/2022,0.20033,,,,,,,,
6/5/2022,0.20033,,,,,,,,
6/6/2022,0.20033,,,,,,,,
6/7/2022,0.20033,,,,,,,,
6/8/2022,0.20033,,,,,,,,
6/9/2022,0.20033,,,,,,,,
6/10/2022,0.20033,,,,,,,,
6/11/2022,0.20033,,,,,,,,
6/12/2022,0.20033,,,,,,,,
6/13/2022,0.20033,,,,,,,,
6/14/2022,0.20033,,,,,,,,
6/15/2022,0.20033,,,,,,,,
6/16/2022,0.20033,,,,,,,,
6/17/2022,0.20033,,,,,,,,
6/18/2022,0.20033,,,,,,,,
6/19/2022,0.20033,,,,,,,,
6/20/2022,0.20033,,,,,,,,
6/21/2022,0.20033,,,,,,,,
6/22/2022,0.20033,,,,,,,,
6/23/2022,0.20033,,,,,,,,
6/24/2022,0.20033,,,,,,,,
6/25/2022,0.20033,,,,,,,,
6/26/2022,0.20033,,,,,,,,
6/27/2022,0.20033,,,,,,,,
6/28/2022,0.20033,,,,,,,,
6/29/2022,0.20033,,,,,,,,
6/30/2022,0.20033,,,,,,,,
7/1/2022,0.23871,,,,,,,,
7/2/2022,0.23871,,,,,,,,
7/3/2022,0.23871,,,,,,,,
7/4/2022,0.23871,,,,,,,,
7/5/2022,0.23871,,,,,,,,
7/6/2022,0.23871,,,,,,,,
7/7/2022,0.23871,,,,,,,,
7/8/2022,0.23871,,,,,,,,
7/9/2022,0.23871,,,,,,,,
7/10/2022,0.23871,,,,,,,,
7/11/2022,0.23871,,,,,,,,
7/12/2022,0.23871,,,,,,,,
7/13/2022,0.23871,,,,,,,,
7/14/2022,0.23871,,,,,,,,
7/15/2022,0.23871,,,,,,,,
7/16/2022,0.23871,,,,,,,,
7/17/2022,0.23871,,,,,,,,
7/18/2022,0.23871,,,,,,,,
7/19/2022,0.23871,,,,,,,,
7/20/2022,0.23871,,,,,,,,
7/21/2022,0.23871,,,,,,,,
7/22/2022,0.23871,,,,,,,,
7/23/2022,0.23871,,,,,,,,
7/24/2022,0.23871,,,,,,,,
7/25/2022,0.23871,,,,,,,,
7/26/2022,0.23871,,,,,,,,
7/27/2022,0.23871,,,,,,,,
7/28/2022,0.23871,,,,,,,,
7/29/2022,0.23871,,,,,,,,
7/30/2022,0.23871,,,,,,,,
7/31/2022,0.23871,,,,,,,,
8/1/2022,0.21871,,,,,,,,
8/2/2022,0.21871,,,,,,,,
8/3/2022,0.21871,,,,,,,,
8/4/2022,0.21871,,,,,,,,
8/5/2022,0.21871,,,,,,,,
8/6/2022,0.21871,,,,,,,,
8/7/2022,0.21871,,,,,,,,
8/8/2022,0.21871,,,,,,,,
8/9/2022,0.21871,,,,,,,,
8/10/2022,0.21871,,,,,,,,
8/11/2022,0.21871,,,,,,,,
8/12/2022,0.21871,,,,,,,,
8/13/2022,0.21871,,,,,,,,
8/14/2022,0.21871,,,,,,,,
8/15/2022,0.21871,,,,,,,,
8/16/2022,0.21871,,,,,,,,
8/17/2022,0.21871,,,,,,,,
8/18/2022,0.21871,,,,,,,,
8/19/2022,0.21871,,,,,,,,
8/20/2022,0.21871,,,,,,,,
8/21/2022,0.21871,,,,,,,,
8/22/2022,0.21871,,,,,,,,
8/23/2022,0.21871,,,,,,,,
8/24/2022,0.21871,,,,,,,,
8/25/2022,0.21871,,,,,,,,
8/26/2022,0.21871,,,,,,,,
8/27/2022,0.21871,,,,,,,,
8/28/2022,0.21871,,,,,,,,
8/29/2022,0.21871,,,,,,,,
8/30/2022,0.21871,,,,,,,,
8/31/2022,0.21871,,,,,,,,
9/1/2022,0.156,,,,,,,,
9/2/2022,0.156,,,,,,,,
9/3/2022,0.156,,,,,,,,
9/4/2022,0.156,,,,,,,,
9/5/2022,0.156,,,,,,,,
9/6/2022,0.156,,,,,,,,
9/7/2022,0.156,,,,,,,,
9/8/2022,0.156,,,,,,,,
9/9/2022,0.156,,,,,,,,
9/10/2022,0.156,,,,,,,,
9/11/2022,0.156,,,,,,,,
9/12/2022,0.156,,,,,,,,
9/13/2022,0.156,,,,,,,,
9/14/2022,0.156,,,,,,,,
9/15/2022,0.156,,,,,,,,
9/16/2022,0.156,,,,,,,,
9/17/2022,0.156,,,,,,,,
9/18/2022,0.156,,,,,,,,
9/19/2022,0.156,,,,,,,,
9/20/2022,0.156,,,,,,,,
9/21/2022,0.156,,,,,,,,
9/22/2022,0.156,,,,,,,,
9/23/2022,0.156,,,,,,,,
9/24/2022,0.156,,,,,,,,
9/25/2022,0.156,,,,,,,,
9/26/2022,0.156,,,,,,,,
9/27/2022,0.156,,,,,,,,
9/28/2022,0.156,,,,,,,,
9/29/2022,0.156,,,,,,,,
9/30/2022,0.156,,,,,,,,
10/1/2022,0.0771,,,,,,,,
10/2/2022,0.0771,,,,,,,,
10/3/2022,0.0771,,,,,,,,
10/4/2022,0.0771,,,,,,,,
10/5/2022,0.0771,,,,,,,,
10/6/2022,0.0771,,,,,,,,
10/7/2022,0.0771,,,,,,,,
10/8/2022,0.0771,,,,,,,,
10/9/2022,0.0771,,,,,,,,
10/10/2022,0.0771,,,,,,,,
10/11/2022,0.0771,,,,,,,,
10/12/2022,0.0771,,,,,,,,
10/13/2022,0.0771,,,,,,,,
10/14/2022,0.0771,,,,,,,,
10/15/2022,0.0771,,,,,,,,
10/16/2022,0.0771,,,,,,,,
10/17/2022,0.0771,,,,,,,,
10/18/2022,0.0771,,,,,,,,
10/19/2022,0.0771,,,,,,,,
10/20/2022,0.0771,,,,,,,,
10/21/2022,0.0771,,,,,,,,
10/22/2022,0.0771,,,,,,,,
10/23/2022,0.0771,,,,,,,,
10/24/2022,0.0771,,,,,,,,
10/25/2022,0.0771,,,,,,,,
10/26/2022,0.0771,,,,,,,,
10/27/2022,0.0771,,,,,,,,
10/28/2022,0.0771,,,,,,,,
10/29/2022,0.0771,,,,,,,,
10/30/2022,0.0771,,,,,,,,
10/31/2022,0.0771,,,,,,,,
11/1/2022,0.035,,,,,,,,
11/2/2022,0.035,,,,,,,,
11/3/2022,0.035,,,,,,,,
11/4/2022,0.035,,,,,,,,
11/5/2022,0.035,,,,,,,,
11/6/2022,0.035,,,,,,,,
11/7/2022,0.035,,,,,,,,
11/8/2022,0.035,,,,,,,,
11/9/2022,0.035,,,,,,,,
11/10/2022,0.035,,,,,,,,
11/11/2022,0.035,,,,,,,,
11/12/2022,0.035,,,,,,,,
11/13/2022,0.035,,,,,,,,
11/14/2022,0.035,,,,,,,,
11/15/2022,0.035,,,,,,,,
11/16/2022,0.035,,,,,,,,
11/17/2022,0.035,,,,,,,,
11/18/2022,0.035,,,,,,,,
11/19/2022,0.035,,,,,,,,
11/20/2022,0.035,,,,,,,,
11/21/2022,0.035,,,,,,,,
11/22/2022,0.035,,,,,,,,
11/23/2022,0.035,,,,,,,,
11/24/2022,0.035,,,,,,,,
11/25/2022,0.035,,,,,,,,
11/26/2022,0.035,,,,,,,,
11/27/2022,0.035,,,,,,,,
11/28/2022,0.035,,,,,,,,
11/29/2022,0.035,,,,,,,,
11/30/2022,0.035,,,,,,,,
12/1/2022,0.01839,,,,,,,,
12/2/2022,0.01839,,,,,,,,
12/3/2022,0.01839,,,,,,,,
12/4/2022,0.01839,,,,,,,,
12/5/2022,0.01839,,,,,,,,
12/6/2022,0.01839,,,,,,,,
12/7/2022,0.01839,,,,,,,,
12/8/2022,0.01839,,,,,,,,
12/9/2022,0.01839,,,,,,,,
12/10/2022,0.01839,,,,,,,,
12/11/2022,0.01839,,,,,,,,
12/12/2022,0.01839,,,,,,,,
12/13/2022,0.01839,,,,,,,,
12/14/2022,0.01839,,,,,,,,
12/15/2022,0.01839,,,,,,,,
12/16/2022,0.01839,,,,,,,,
12/17/2022,0.01839,,,,,,,,
12/18/2022,0.01839,,,,,,,,
12/19/2022,0.01839,,,,,,,,
12/20/2022,0.01839,,,,,,,,
12/21/2022,0.01839,,,,,,,,
12/22/2022,0.01839,,,,,,,,
12/23/2022,0.01839,,,,,,,,
12/24/2022,0.01839,,,,,,,,
12/25/2022,0.01839,,,,,,,,
12/26/2022,0.01839,,,,,,,,
12/27/2022,0.01839,,,,,,,,
12/28/2022,0.01839,,,,,,,,
12/29/2022,0.01839,,,,,,,,
12/30/2022,0.01839,,,,,,,,
12/31/2022,0.01839,,,,,,,,
1/1/2023,0.02032,,,,,,,,
1/2/2023,0.02032,,,,,,,,
1/3/2023,0.02032,,,,,,,,
1/4/2023,0.02032,,,,,,,,
1/5/2023,0.02032,,,,,,,,
1/6/2023,0.02032,,,,,,,,
1/7/2023,0.02032,,,,,,,,
1/8/2023,0.02032,,,,,,,,
1/9/2023,0.02032,,,,,,,,
1/10/2023,0.02032,,,,,,,,
1/11/2023,0.02032,,,,,,,,
1/12/2023,0.02032,,,,,,,,
1/13/2023,0.02032,,,,,,,,
1/14/2023,0.02032,,,,,,,,
1/15/2023,0.02032,,,,,,,,
1/16/2023,0.02032,,,,,,,,
1/17/2023,0.02032,,,,,,,,
1/18/2023,0.02032,,,,,,,,
1/19/2023,0.02032,,,,,,,,
1/20/2023,0.02032,,,,,,,,
1/21/2023,0.02032,,,,,,,,
1/22/2023,0.02032,,,,,,,,
1/23/2023,0.02032,,,,,,,,
1/24/2023,0.02032,,,,,,,,
1/25/2023,0.02032,,,,,,,,
1/26/2023,0.02032,,,,,,,,
1/27/2023,0.02032,,,,,,,,
1/28/2023,0.02032,,,,,,,,
1/29/2023,0.02032,,,,,,,,
1/30/2023,0.02032,,,,,,,,
1/31/2023,0.02032,,,,,,,,
2/1/2023,0.04214,,,,,,,,
2/2/2023,0.04214,,,,,,,,
2/3/2023,0.04214,,,,,,,,
2/4/2023,0.04214,,,,,,,,
2/5/2023,0.04214,,,,,,,,
2/6/2023,0.04214,,,,,,,,
2/7/2023,0.04214,,,,,,,,
2/8/2023,0.04214,,,,,,,,
2/9/2023,0.04214,,,,,,,,
2/10/2023,0.04214,,,,,,,,
2/11/2023,0.04214,,,,,,,,
2/12/2023,0.04214,,,,,,,,
2/13/2023,0.04214,,,,,,,,
2/14/2023,0.04214,,,,,,,,
2/15/2023,0.04214,,,,,,,,
2/16/2023,0.04214,,,,,,,,
2/17/2023,0.04214,,,,,,,,
2/18/2023,0.04214,,,,,,,,
2/19/2023,0.04214,,,,,,,,
2/20/2023,0.04214,,,,,,,,
2/21/2023,0.04214,,,,,,,,
2/22/2023,0.04214,,,,,,,,
2/23/2023,0.04214,,,,,,,,
2/24/2023,0.04214,,,,,,,,
2/25/2023,0.04214,,,,,,,,
2/26/2023,0.04214,,,,,,,,
2/27/2023,0.04214,,,,,,,,
2/28/2023,0.04214,,,,,,,,
3/1/2023,0.07387,,,,,,,,
3/2/2023,0.07387,,,,,,,,
3/3/2023,0.07387,,,,,,,,
3/4/2023,0.07387,,,,,,,,
3/5/2023,0.07387,,,,,,,,
3/6/2023,0.07387,,,,,,,,
3/7/2023,0.07387,,,,,,,,
3/8/2023,0.07387,,,,,,,,
3/9/2023,0.07387,,,,,,,,
3/10/2023,0.07387,,,,,,,,
3/11/2023,0.07387,,,,,,,,
3/12/2023,0.07387,,,,,,,,
3/13/2023,0.07387,,,,,,,,
3/14/2023,0.07387,,,,,,,,
3/15/2023,0.07387,,,,,,,,
3/16/2023,0.07387,,,,,,,,
3/17/2023,0.07387,,,,,,,,
3/18/2023,0.07387,,,,,,,,
3/19/2023,0.07387,,,,,,,,
3/20/2023,0.07387,,,,,,,,
3/21/2023,0.07387,,,,,,,,
3/22/2023,0.07387,,,,,,,,
3/23/2023,0.07387,,,,,,,,
3/24/2023,0.07387,,,,,,,,
3/25/2023,0.07387,,,,,,,,
3/26/2023,0.07387,,,,,,,,
3/27/2023,0.07387,,,,,,,,
3/28/2023,0.07387,,,,,,,,
3/29/2023,0.07387,,,,,,,,
3/30/2023,0.07387,,,,,,,,
3/31/2023,0.07387,,,,,,,,
4/1/2023,0.11033,,,,,,,,
4/2/2023,0.11033,,,,,,,,
4/3/2023,0.11033,,,,,,,,
4/4/2023,0.11033,,,,,,,,
4/5/2023,0.11033,,,,,,,,
4/6/2023,0.11033,,,,,,,,
4/7/2023,0.11033,,,,,,,,
4/8/2023,0.11033,,,,,,,,
4/9/2023,0.11033,,,,,,,,
4/10/2023,0.11033,,,,,,,,
4/11/2023,0.11033,,,,,,,,
4/12/2023,0.11033,,,,,,,,
4/13/2023,0.11033,,,,,,,,
4/14/2023,0.11033,,,,,,,,
4/15/2023,0.11033,,,,,,,,
4/16/2023,0.11033,,,,,,,,
4/17/2023,0.11033,,,,,,,,
4/18/2023,0.11033,,,,,,,,
4/19/2023,0.11033,,,,,,,,
4/20/2023,0.11033,,,,,,,,
4/21/2023,0.11033,,,,,,,,
4/22/2023,0.11033,,,,,,,,
4/23/2023,0.11033,,,,,,,,
4/24/2023,0.11033,,,,,,,,
4/25/2023,0.11033,,,,,,,,
4/26/2023,0.11033,,,,,,,,
4/27/2023,0.11033,,,,,,,,
4/28/2023,0.11033,,,,,,,,
4/29/2023,0.11033,,,,,,,,
4/30/2023,0.11033,,,,,,,,
5/1/2023,0.16613,,,,,,,,
5/2/2023,0.16613,,,,,,,,
5/3/2023,0.16613,,,,,,,,
5/4/2023,0.16613,,,,,,,,
5/5/2023,0.16613,,,,,,,,
5/6/2023,0.16613,,,,,,,,
5/7/2023,0.16613,,,,,,,,
5/8/2023,0.16613,,,,,,,,
5/9/2023,0.16613,,,,,,,,
5/10/2023,0.16613,,,,,,,,
5/11/2023,0.16613,,,,,,,,
5/12/2023,0.16613,,,,,,,,
5/13/2023,0.16613,,,,,,,,
5/14/2023,0.16613,,,,,,,,
5/15/2023,0.16613,,,,,,,,
5/16/2023,0.16613,,,,,,,,
5/17/2023,0.16613,,,,,,,,
5/18/2023,0.16613,,,,,,,,
5/19/2023,0.16613,,,,,,,,
5/20/2023,0.16613,,,,,,,,
5/21/2023,0.16613,,,,,,,,
5/22/2023,0.16613,,,,,,,,
5/23/2023,0.16613,,,,,,,,
5/24/2023,0.16613,,,,,,,,
5/25/2023,0.16613,,,,,,,,
5/26/2023,0.16613,,,,,,,,
5/27/2023,0.16613,,,,,,,,
5/28/2023,0.16613,,,,,,,,
5/29/2023,0.16613,,,,,,,,
5/30/2023,0.16613,,,,,,,,
5/31/2023,0.16613,,,,,,,,
6/1/2023,0.20033,,,,,,,,
6/2/2023,0.20033,,,,,,,,
6/3/2023,0.20033,,,,,,,,
6/4/2023,0.20033,,,,,,,,
6/5/2023,0.20033,,,,,,,,
6/6/2023,0.20033,,,,,,,,
6/7/2023,0.20033,,,,,,,,
6/8/2023,0.20033,,,,,,,,
6/9/2023,0.20033,,,,,,,,
6/10/2023,0.20033,,,,,,,,
6/11/2023,0.20033,,,,,,,,
6/12/2023,0.20033,,,,,,,,
6/13/2023,0.20033,,,,,,,,
6/14/2023,0.20033,,,,,,,,
6/15/2023,0.20033,,,,,,,,
6/16/2023,0.20033,,,,,,,,
6/17/2023,0.20033,,,,,,,,
6/18/2023,0.20033,,,,,,,,
6/19/2023,0.20033,,,,,,,,
6/20/2023,0.20033,,,,,,,,
6/21/2023,0.20033,,,,,,,,
6/22/2023,0.20033,,,,,,,,
6/23/2023,0.20033,,,,,,,,
6/24/2023,0.20033,,,,,,,,
6/25/2023,0.20033,,,,,,,,
6/26/2023,0.20033,,,,,,,,
6/27/2023,0.20033,,,,,,,,
6/28/2023,0.20033,,,,,,,,
6/29/2023,0.20033,,,,,,,,
6/30/2023,0.20033,,,,,,,,
7/1/2023,0.23871,,,,,,,,
7/2/2023,0.23871,,,,,,,,
7/3/2023,0.23871,,,,,,,,
7/4/2023,0.23871,,,,,,,,
7/5/2023,0.23871,,,,,,,,
7/6/2023,0.23871,,,,,,,,
7/7/2023,0.23871,,,,,,,,
7/8/2023,0.23871,,,,,,,,
7/9/2023,0.23871,,,,,,,,
7/10/2023,0.23871,,,,,,,,
7/11/2023,0.23871,,,,,,,,
7/12/2023,0.23871,,,,,,,,
7/13/2023,0.23871,,,,,,,,
7/14/2023,0.23871,,,,,,,,
7/15/2023,0.23871,,,,,,,,
7/16/2023,0.23871,,,,,,,,
7/17/2023,0.23871,,,,,,,,
7/18/2023,0.23871,,,,,,,,
7/19/2023,0.23871,,,,,,,,
7/20/2023,0.23871,,,,,,,,
7/21/2023,0.23871,,,,,,,,
7/22/2023,0.23871,,,,,,,,
7/23/2023,0.23871,,,,,,,,
7/24/2023,0.23871,,,,,,,,
7/25/2023,0.23871,,,,,,,,
7/26/2023,0.23871,,,,,,,,
7/27/2023,0.23871,,,,,,,,
7/28/2023,0.23871,,,,,,,,
7/29/2023,0.23871,,,,,,,,
7/30/2023,0.23871,,,,,,,,
7/31/2023,0.23871,,,,,,,,
8/1/2023,0.21871,,,,,,,,
8/2/2023,0.21871,,,,,,,,
8/3/2023,0.21871,,,,,,,,
8/4/2023,0.21871,,,,,,,,
8/5/2023,0.21871,,,,,,,,
8/6/2023,0.21871,,,,,,,,
8/7/2023,0.21871,,,,,,,,
8/8/2023,0.21871,,,,,,,,
8/9/2023,0.21871,,,,,,,,
8/10/2023,0.21871,,,,,,,,
8/11/2023,0.21871,,,,,,,,
8/12/2023,0.21871,,,,,,,,
8/13/2023,0.21871,,,,,,,,
8/14/2023,0.21871,,,,,,,,
8/15/2023,0.21871,,,,,,,,
8/16/2023,0.21871,,,,,,,,
8/17/2023,0.21871,,,,,,,,
8/18/2023,0.21871,,,,,,,,
8/19/2023,0.21871,,,,,,,,
8/20/2023,0.21871,,,,,,,,
8/21/2023,0.21871,,,,,,,,
8/22/2023,0.21871,,,,,,,,
8/23/2023,0.21871,,,,,,,,
8/24/2023,0.21871,,,,,,,,
8/25/2023,0.21871,,,,,,,,
8/26/2023,0.21871,,,,,,,,
8/27/2023,0.21871,,,,,,,,
8/28/2023,0.21871,,,,,,,,
8/29/2023,0.21871,,,,,,,,
8/30/2023,0.21871,,,,,,,,
8/31/2023,0.21871,,,,,,,,
9/1/2023,0.156,,,,,,,,
9/2/2023,0.156,,,,,,,,
9/3/2023,0.156,,,,,,,,
9/4/2023,0.156,,,,,,,,
9/5/2023,0.156,,,,,,,,
9/6/2023,0.156,,,,,,,,
9/7/2023,0.156,,,,,,,,
9/8/2023,0.156,,,,,,,,
9/9/2023,0.156,,,,,,,,
9/10/2023,0.156,,,,,,,,
9/11/2023,0.156,,,,,,,,
9/12/2023,0.156,,,,,,,,
9/13/2023,0.156,,,,,,,,
9/14/2023,0.156,,,,,,,,
9/15/2023,0.156,,,,,,,,
9/16/2023,0.156,,,,,,,,
9/17/2023,0.156,,,,,,,,
9/18/2023,0.156,,,,,,,,
9/19/2023,0.156,,,,,,,,
9/20/2023,0.156,,,,,,,,
9/21/2023,0.156,,,,,,,,
9/22/2023,0.156,,,,,,,,
9/23/2023,0.156,,,,,,,,
9/24/2023,0.156,,,,,,,,
9/25/2023,0.156,,,,,,,,
9/26/2023,0.156,,,,,,,,
9/27/2023,0.156,,,,,,,,
9/28/2023,0.156,,,,,,,,
9/29/2023,0.156,,,,,,,,
9/30/2023,0.156,,,,,,,,
10/1/2023,0.0771,,,,,,,,
10/2/2023,0.0771,,,,,,,,
10/3/2023,0.0771,,,,,,,,
10/4/2023,0.0771,,,,,,,,
10/5/2023,0.0771,,,,,,,,
10/6/2023,0.0771,,,,,,,,
10/7/2023,0.0771,,,,,,,,
10/8/2023,0.0771,,,,,,,,
10/9/2023,0.0771,,,,,,,,
10/10/2023,0.0771,,,,,,,,
10/11/2023,0.0771,,,,,,,,
10/12/2023,0.0771,,,,,,,,
10/13/2023,0.0771,,,,,,,,
10/14/2023,0.0771,,,,,,,,
10/15/2023,0.0771,,,,,,,,
10/16/2023,0.0771,,,,,,,,
10/17/2023,0.0771,,,,,,,,
10/18/2023,0.0771,,,,,,,,
10/19/2023,0.0771,,,,,,,,
10/20/2023,0.0771,,,,,,,,
10/21/2023,0.0771,,,,,,,,
10/22/2023,0.0771,,,,,,,,
10/23/2023,0.0771,,,,,,,,
10/24/2023,0.0771,,,,,,,,
10/25/2023,0.0771,,,,,,,,
10/26/2023,0.0771,,,,,,,,
10/27/2023,0.0771,,,,,,,,
10/28/2023,0.0771,,,,,,,,
10/29/2023,0.0771,,,,,,,,
10/30/2023,0.0771,,,,,,,,
10/31/2023,0.0771,,,,,,,,
11/1/2023,0.035,,,,,,,,
11/2/2023,0.035,,,,,,,,
11/3/2023,0.035,,,,,,,,
11/4/2023,0.035,,,,,,,,
11/5/2023,0.035,,,,,,,,
11/6/2023,0.035,,,,,,,,
11/7/2023,0.035,,,,,,,,
11/8/2023,0.035,,,,,,,,
11/9/2023,0.035,,,,,,,,
11/10/2023,0.035,,,,,,,,
11/11/2023,0.035,,,,,,,,
11/12/2023,0.035,,,,,,,,
11/13/2023,0.035,,,,,,,,
11/14/2023,0.035,,,,,,,,
11/15/2023,0.035,,,,,,,,
11/16/2023,0.035,,,,,,,,
11/17/2023,0.035,,,,,,,,
11/18/2023,0.035,,,,,,,,
11/19/2023,0.035,,,,,,,,
11/20/2023,0.035,,,,,,,,
11/21/2023,0.035,,,,,,,,
11/22/2023,0.035,,,,,,,,
11/23/2023,0.035,,,,,,,,
11/24/2023,0.035,,,,,,,,
11/25/2023,0.035,,,,,,,,
11/26/2023,0.035,,,,,,,,
11/27/2023,0.035,,,,,,,,
11/28/2023,0.035,,,,,,,,
11/29/2023,0.035,,,,,,,,
11/30/2023,0.035,,,,,,,,
12/1/2023,0.01839,,,,,,,,
12/2/2023,0.01839,,,,,,,,
12/3/2023,0.01839,,,,,,,,
12/4/2023,0.01839,,,,,,,,
12/5/2023,0.01839,,,,,,,,
12/6/2023,0.01839,,,,,,,,
12/7/2023,0.01839,,,,,,,,
12/8/2023,0.01839,,,,,,,,
12/9/2023,0.01839,,,,,,,,
12/10/2023,0.01839,,,,,,,,
12/11/2023,0.01839,,,,,,,,
12/12/2023,0.01839,,,,,,,,
12/13/2023,0.01839,,,,,,,,
12/14/2023,0.01839,,,,,,,,
12/15/2023,0.01839,,,,,,,,
12/16/2023,0.01839,,,,,,,,
12/17/2023,0.01839,,,,,,,,
12/18/2023,0.01839,,,,,,,,
12/19/2023,0.01839,,,,,,,,
12/20/2023,0.01839,,,,,,,,
12/21/2023,0.01839,,,,,,,,
12/22/2023,0.01839,,,,,,,,
12/23/2023,0.01839,,,,,,,,
12/24/2023,0.01839,,,,,,,,
12/25/2023,0.01839,,,,,,,,
12/26/2023,0.01839,,,,,,,,
12/27/2023,0.01839,,,,,,,,
12/28/2023,0.01839,,,,,,,,
12/29/2023,0.01839,,,,,,,,
12/30/2023,0.01839,,,,,,,,
12/31/2023,0.01839,,,,,,,,
1/1/2024,0.02032,,,,,,,,
1/2/2024,0.02032,,,,,,,,
1/3/2024,0.02032,,,,,,,,
1/4/2024,0.02032,,,,,,,,
1/5/2024,0.02032,,,,,,,,
1/6/2024,0.02032,,,,,,,,
1/7/2024,0.02032,,,,,,,,
1/8/2024,0.02032,,,,,,,,
1/9/2024,0.02032,,,,,,,,
1/10/2024,0.02032,,,,,,,,
1/11/2024,0.02032,,,,,,,,
1/12/2024,0.02032,,,,,,,,
1/13/2024,0.02032,,,,,,,,
1/14/2024,0.02032,,,,,,,,
1/15/2024,0.02032,,,,,,,,
1/16/2024,0.02032,,,,,,,,
1/17/2024,0.02032,,,,,,,,
1/18/2024,0.02032,,,,,,,,
1/19/2024,0.02032,,,,,,,,
1/20/2024,0.02032,,,,,,,,
1/21/2024,0.02032,,,,,,,,
1/22/2024,0.02032,,,,,,,,
1/23/2024,0.02032,,,,,,,,
1/24/2024,0.02032,,,,,,,,
1/25/2024,0.02032,,,,,,,,
1/26/2024,0.02032,,,,,,,,
1/27/2024,0.02032,,,,,,,,
1/28/2024,0.02032,,,,,,,,
1/29/2024,0.02032,,,,,,,,
1/30/2024,0.02032,,,,,,,,
1/31/2024,0.02032,,,,,,,,
2/1/2024,0.04214,,,,,,,,
2/2/2024,0.04214,,,,,,,,
2/3/2024,0.04214,,,,,,,,
2/4/2024,0.04214,,,,,,,,
2/5/2024,0.04214,,,,,,,,
2/6/2024,0.04214,,,,,,,,
2/7/2024,0.04214,,,,,,,,
2/8/2024,0.04214,,,,,,,,
2/9/2024,0.04214,,,,,,,,
2/10/2024,0.04214,,,,,,,,
2/11/2024,0.04214,,,,,,,,
2/12/2024,0.04214,,,,,,,,
2/13/2024,0.04214,,,,,,,,
2/14/2024,0.04214,,,,,,,,
2/15/2024,0.04214,,,,,,,,
2/16/2024,0.04214,,,,,,,,
2/17/2024,0.04214,,,,,,,,
2/18/2024,0.04214,,,,,,,,
2/19/2024,0.04214,,,,,,,,
2/20/2024,0.04214,,,,,,,,
2/21/2024,0.04214,,,,,,,,
2/22/2024,0.04214,,,,,,,,
2/23/2024,0.04214,,,,,,,,
2/24/2024,0.04214,,,,,,,,
2/25/2024,0.04214,,,,,,,,
2/26/2024,0.04214,,,,,,,,
2/27/2024,0.04214,,,,,,,,
2/28/2024,0.04214,,,,,,,,
2/29/2024,0.04214,,,,,,,,
3/1/2024,0.07387,,,,,,,,
3/2/2024,0.07387,,,,,,,,
3/3/2024,0.07387,,,,,,,,
3/4/2024,0.07387,,,,,,,,
3/5/2024,0.07387,,,,,,,,
3/6/2024,0.07387,,,,,,,,
3/7/2024,0.07387,,,,,,,,
3/8/2024,0.07387,,,,,,,,
3/9/2024,0.07387,,,,,,,,
3/10/2024,0.07387,,,,,,,,
3/11/2024,0.07387,,,,,,,,
3/12/2024,0.07387,,,,,,,,
3/13/2024,0.07387,,,,,,,,
3/14/2024,0.07387,,,,,,,,
3/15/2024,0.07387,,,,,,,,
3/16/2024,0.07387,,,,,,,,
3/17/2024,0.07387,,,,,,,,
3/18/2024,0.07387,,,,,,,,
3/19/2024,0.07387,,,,,,,,
3/20/2024,0.07387,,,,,,,,
3/21/2024,0.07387,,,,,,,,
3/22/2024,0.07387,,,,,,,,
3/23/2024,0.07387,,,,,,,,
3/24/2024,0.07387,,,,,,,,
3/25/2024,0.07387,,,,,,,,
3/26/2024,0.07387,,,,,,,,
3/27/2024,0.07387,,,,,,,,
3/28/2024,0.07387,,,,,,,,
3/29/2024,0.07387,,,,,,,,
3/30/2024,0.07387,,,,,,,,
3/31/2024,0.07387,,,,,,,,
4/1/2024,0.11033,,,,,,,,
4/2/2024,0.11033,,,,,,,,
4/3/2024,0.11033,,,,,,,,
4/4/2024,0.11033,,,,,,,,
4/5/2024,0.11033,,,,,,,,
4/6/2024,0.11033,,,,,,,,
4/7/2024,0.11033,,,,,,,,
4/8/2024,0.11033,,,,,,,,
4/9/2024,0.11033,,,,,,,,
4/10/2024,0.11033,,,,,,,,
4/11/2024,0.11033,,,,,,,,
4/12/2024,0.11033,,,,,,,,
4/13/2024,0.11033,,,,,,,,
4/14/2024,0.11033,,,,,,,,
4/15/2024,0.11033,,,,,,,,
4/16/2024,0.11033,,,,,,,,
4/17/2024,0.11033,,,,,,,,
4/18/2024,0.11033,,,,,,,,
4/19/2024,0.11033,,,,,,,,
4/20/2024,0.11033,,,,,,,,
4/21/2024,0.11033,,,,,,,,
4/22/2024,0.11033,,,,,,,,
4/23/2024,0.11033,,,,,,,,
4/24/2024,0.11033,,,,,,,,
4/25/2024,0.11033,,,,,,,,
4/26/2024,0.11033,,,,,,,,
4/27/2024,0.11033,,,,,,,,
4/28/2024,0.11033,,,,,,,,
4/29/2024,0.11033,,,,,,,,
4/30/2024,0.11033,,,,,,,,
5/1/2024,0.16613,,,,,,,,
5/2/2024,0.16613,,,,,,,,
5/3/2024,0.16613,,,,,,,,
5/4/2024,0.16613,,,,,,,,
5/5/2024,0.16613,,,,,,,,
5/6/2024,0.16613,,,,,,,,
5/7/2024,0.16613,,,,,,,,
5/8/2024,0.16613,,,,,,,,
5/9/2024,0.16613,,,,,,,,
5/10/2024,0.16613,,,,,,,,
5/11/2024,0.16613,,,,,,,,
5/12/2024,0.16613,,,,,,,,
5/13/2024,0.16613,,,,,,,,
5/14/2024,0.16613,,,,,,,,
5/15/2024,0.16613,,,,,,,,
5/16/2024,0.16613,,,,,,,,
5/17/2024,0.16613,,,,,,,,
5/18/2024,0.16613,,,,,,,,
5/19/2024,0.16613,,,,,,,,
5/20/2024,0.16613,,,,,,,,
5/21/2024,0.16613,,,,,,,,
5/22/2024,0.16613,,,,,,,,
5/23/2024,0.16613,,,,,,,,
5/24/2024,0.16613,,,,,,,,
5/25/2024,0.16613,,,,,,,,
5/26/2024,0.16613,,,,,,,,
5/27/2024,0.16613,,,,,,,,
5/28/2024,0.16613,,,,,,,,
5/29/2024,0.16613,,,,,,,,
5/30/2024,0.16613,,,,,,,,
5/31/2024,0.16613,,,,,,,,
6/1/2024,0.20033,,,,,,,,
6/2/2024,0.20033,,,,,,,,
6/3/2024,0.20033,,,,,,,,
6/4/2024,0.20033,,,,,,,,
6/5/2024,0.20033,,,,,,,,
6/6/2024,0.20033,,,,,,,,
6/7/2024,0.20033,,,,,,,,
6/8/2024,0.20033,,,,,,,,
6/9/2024,0.20033,,,,,,,,
6/10/2024,0.20033,,,,,,,,
6/11/2024,0.20033,,,,,,,,
6/12/2024,0.20033,,,,,,,,
6/13/2024,0.20033,,,,,,,,
6/14/2024,0.20033,,,,,,,,
6/15/2024,0.20033,,,,,,,,
6/16/2024,0.20033,,,,,,,,
6/17/2024,0.20033,,,,,,,,
6/18/2024,0.20033,,,,,,,,
6/19/2024,0.20033,,,,,,,,
6/20/2024,0.20033,,,,,,,,
6/21/2024,0.20033,,,,,,,,
6/22/2024,0.20033,,,,,,,,
6/23/2024,0.20033,,,,,,,,
6/24/2024,0.20033,,,,,,,,
6/25/2024,0.20033,,,,,,,,
6/26/2024,0.20033,,,,,,,,
6/27/2024,0.20033,,,,,,,,
6/28/2024,0.20033,,,,,,,,
6/29/2024,0.20033,,,,,,,,
6/30/2024,0.20033,,,,,,,,
7/1/2024,0.23871,,,,,,,,
7/2/2024,0.23871,,,,,,,,
7/3/2024,0.23871,,,,,,,,
7/4/2024,0.23871,,,,,,,,
7/5/2024,0.23871,,,,,,,,
7/6/2024,0.23871,,,,,,,,
7/7/2024,0.23871,,,,,,,,
7/8/2024,0.23871,,,,,,,,
7/9/2024,0.23871,,,,,,,,
7/10/2024,0.23871,,,,,,,,
7/11/2024,0.23871,,,,,,,,
7/12/2024,0.23871,,,,,,,,
7/13/2024,0.23871,,,,,,,,
7/14/2024,0.23871,,,,,,,,
7/15/2024,0.23871,,,,,,,,
7/16/2024,0.23871,,,,,,,,
7/17/2024,0.23871,,,,,,,,
7/18/2024,0.23871,,,,,,,,
7/19/2024,0.23871,,,,,,,,
7/20/2024,0.23871,,,,,,,,
7/21/2024,0.23871,,,,,,,,
7/22/2024,0.23871,,,,,,,,
7/23/2024,0.23871,,,,,,,,
7/24/2024,0.23871,,,,,,,,
7/25/2024,0.23871,,,,,,,,
7/26/2024,0.23871,,,,,,,,
7/27/2024,0.23871,,,,,,,,
7/28/2024,0.23871,,,,,,,,
7/29/2024,0.23871,,,,,,,,
7/30/2024,0.23871,,,,,,,,
7/31/2024,0.23871,,,,,,,,
8/1/2024,0.21871,,,,,,,,
8/2/2024,0.21871,,,,,,,,
8/3/2024,0.21871,,,,,,,,
8/4/2024,0.21871,,,,,,,,
8/5/2024,0.21871,,,,,,,,
8/6/2024,0.21871,,,,,,,,
8/7/2024,0.21871,,,,,,,,
8/8/2024,0.21871,,,,,,,,
8/9/2024,0.21871,,,,,,,,
8/10/2024,0.21871,,,,,,,,
8/11/2024,0.21871,,,,,,,,
8/12/2024,0.21871,,,,,,,,
8/13/2024,0.21871,,,,,,,,
8/14/2024,0.21871,,,,,,,,
8/15/2024,0.21871,,,,,,,,
8/16/2024,0.21871,,,,,,,,
8/17/2024,0.21871,,,,,,,,
8/18/2024,0.21871,,,,,,,,
8/19/2024,0.21871,,,,,,,,
8/20/2024,0.21871,,,,,,,,
8/21/2024,0.21871,,,,,,,,
8/22/2024,0.21871,,,,,,,,
8/23/2024,0.21871,,,,,,,,
8/24/2024,0.21871,,,,,,,,
8/25/2024,0.21871,,,,,,,,
8/26/2024,0.21871,,,,,,,,
8/27/2024,0.21871,,,,,,,,
8/28/2024,0.21871,,,,,,,,
8/29/2024,0.21871,,,,,,,,
8/30/2024,0.21871,,,,,,,,
8/31/2024,0.21871,,,,,,,,
9/1/2024,0.156,,,,,,,,
9/2/2024,0.156,,,,,,,,
9/3/2024,0.156,,,,,,,,
9/4/2024,0.156,,,,,,,,
9/5/2024,0.156,,,,,,,,
9/6/2024,0.156,,,,,,,,
9/7/2024,0.156,,,,,,,,
9/8/2024,0.156,,,,,,,,
9/9/2024,0.156,,,,,,,,
9/10/2024,0.156,,,,,,,,
9/11/2024,0.156,,,,,,,,
9/12/2024,0.156,,,,,,,,
9/13/2024,0.156,,,,,,,,
9/14/2024,0.156,,,,,,,,
9/15/2024,0.156,,,,,,,,
9/16/2024,0.156,,,,,,,,
9/17/2024,0.156,,,,,,,,
9/18/2024,0.156,,,,,,,,
9/19/2024,0.156,,,,,,,,
9/20/2024,0.156,,,,,,,,
9/21/2024,0.156,,,,,,,,
9/22/2024,0.156,,,,,,,,
9/23/2024,0.156,,,,,,,,
9/24/2024,0.156,,,,,,,,
9/25/2024,0.156,,,,,,,,
9/26/2024,0.156,,,,,,,,
9/27/2024,0.156,,,,,,,,
9/28/2024,0.156,,,,,,,,
9/29/2024,0.156,,,,,,,,
9/30/2024,0.156,,,,,,,,
10/1/2024,0.0771,,,,,,,,
10/2/2024,0.0771,,,,,,,,
10/3/2024,0.0771,,,,,,,,
10/4/2024,0.0771,,,,,,,,
10/5/2024,0.0771,,,,,,,,
10/6/2024,0.0771,,,,,,,,
10/7/2024,0.0771,,,,,,,,
10/8/2024,0.0771,,,,,,,,
10/9/2024,0.0771,,,,,,,,
10/10/2024,0.0771,,,,,,,,
10/11/2024,0.0771,,,,,,,,
10/12/2024,0.0771,,,,,,,,
10/13/2024,0.0771,,,,,,,,
10/14/2024,0.0771,,,,,,,,
10/15/2024,0.0771,,,,,,,,
10/16/2024,0.0771,,,,,,,,
10/17/2024,0.0771,,,,,,,,
10/18/2024,0.0771,,,,,,,,
10/19/2024,0.0771,,,,,,,,
10/20/2024,0.0771,,,,,,,,
10/21/2024,0.0771,,,,,,,,
10/22/2024,0.0771,,,,,,,,
10/23/2024,0.0771,,,,,,,,
10/24/2024,0.0771,,,,,,,,
10/25/2024,0.0771,,,,,,,,
10/26/2024,0.0771,,,,,,,,
10/27/2024,0.0771,,,,,,,,
10/28/2024,0.0771,,,,,,,,
10/29/2024,0.0771,,,,,,,,
10/30/2024,0.0771,,,,,,,,
10/31/2024,0.0771,,,,,,,,
11/1/2024,0.035,,,,,,,,
11/2/2024,0.035,,,,,,,,
11/3/2024,0.035,,,,,,,,
11/4/2024,0.035,,,,,,,,
11/5/2024,0.035,,,,,,,,
11/6/2024,0.035,,,,,,,,
11/7/2024,0.035,,,,,,,,
11/8/2024,0.035,,,,,,,,
11/9/2024,0.035,,,,,,,,
11/10/2024,0.035,,,,,,,,
11/11/2024,0.035,,,,,,,,
11/12/2024,0.035,,,,,,,,
11/13/2024,0.035,,,,,,,,
11/14/2024,0.035,,,,,,,,
11/15/2024,0.035,,,,,,,,
11/16/2024,0.035,,,,,,,,
11/17/2024,0.035,,,,,,,,
11/18/2024,0.035,,,,,,,,
11/19/2024,0.035,,,,,,,,
11/20/2024,0.035,,,,,,,,
11/21/2024,0.035,,,,,,,,
11/22/2024,0.035,,,,,,,,
11/23/2024,0.035,,,,,,,,
11/24/2024,0.035,,,,,,,,
11/25/2024,0.035,,,,,,,,
11/26/2024,0.035,,,,,,,,
11/27/2024,0.035,,,,,,,,
11/28/2024,0.035,,,,,,,,
11/29/2024,0.035,,,,,,,,
11/30/2024,0.035,,,,,,,,
12/1/2024,0.01839,,,,,,,,
12/2/2024,0.01839,,,,,,,,
12/3/2024,0.01839,,,,,,,,
12/4/2024,0.01839,,,,,,,,
12/5/2024,0.01839,,,,,,,,
12/6/2024,0.01839,,,,,,,,
12/7/2024,0.01839,,,,,,,,
12/8/2024,0.01839,,,,,,,,
12/9/2024,0.01839,,,,,,,,
12/10/2024,0.01839,,,,,,,,
12/11/2024,0.01839,,,,,,,,
12/12/2024,0.01839,,,,,,,,
12/13/2024,0.01839,,,,,,,,
12/14/2024,0.01839,,,,,,,,
12/15/2024,0.01839,,,,,,,,
12/16/2024,0.01839,,,,,,,,
12/17/2024,0.01839,,,,,,,,
12/18/2024,0.01839,,,,,,,,
12/19/2024,0.01839,,,,,,,,
12/20/2024,0.01839,,,,,,,,
12/21/2024,0.01839,,,,,,,,
12/22/2024,0.01839,,,,,,,,
12/23/2024,0.01839,,,,,,,,
12/24/2024,0.01839,,,,,,,,
12/25/2024,0.01839,,,,,,,,
12/26/2024,0.01839,,,,,,,,
12/27/2024,0.01839,,,,,,,,
12/28/2024,0.01839,,,,,,,,
12/29/2024,0.01839,,,,,,,,
12/30/2024,0.01839,,,,,,,,
12/31/2024,0.01839,,,,,,,,
1/1/2025,0.02032,,,,,,,,
1/2/2025,0.02032,,,,,,,,
1/3/2025,0.02032,,,,,,,,
1/4/2025,0.02032,,,,,,,,
1/5/2025,0.02032,,,,,,,,
1/6/2025,0.02032,,,,,,,,
1/7/2025,0.02032,,,,,,,,
1/8/2025,0.02032,,,,,,,,
1/9/2025,0.02032,,,,,,,,
1/10/2025,0.02032,,,,,,,,
1/11/2025,0.02032,,,,,,,,
1/12/2025,0.02032,,,,,,,,
1/13/2025,0.02032,,,,,,,,
1/14/2025,0.02032,,,,,,,,
1/15/2025,0.02032,,,,,,,,
1/16/2025,0.02032,,,,,,,,
1/17/2025,0.02032,,,,,,,,
1/18/2025,0.02032,,,,,,,,
1/19/2025,0.02032,,,,,,,,
1/20/2025,0.02032,,,,,,,,
1/21/2025,0.02032,,,,,,,,
1/22/2025,0.02032,,,,,,,,
1/23/2025,0.02032,,,,,,,,
1/24/2025,0.02032,,,,,,,,
1/25/2025,0.02032,,,,,,,,
1/26/2025,0.02032,,,,,,,,
1/27/2025,0.02032,,,,,,,,
1/28/2025,0.02032,,,,,,,,
1/29/2025,0.02032,,,,,,,,
1/30/2025,0.02032,,,,,,,,
1/31/2025,0.02032,,,,,,,,
2/1/2025,0.04214,,,,,,,,
2/2/2025,0.04214,,,,,,,,
2/3/2025,0.04214,,,,,,,,
2/4/2025,0.04214,,,,,,,,
2/5/2025,0.04214,,,,,,,,
2/6/2025,0.04214,,,,,,,,
2/7/2025,0.04214,,,,,,,,
2/8/2025,0.04214,,,,,,,,
2/9/2025,0.04214,,,,,,,,
2/10/2025,0.04214,,,,,,,,
2/11/2025,0.04214,,,,,,,,
2/12/2025,0.04214,,,,,,,,
2/13/2025,0.04214,,,,,,,,
2/14/2025,0.04214,,,,,,,,
2/15/2025,0.04214,,,,,,,,
2/16/2025,0.04214,,,,,,,,
2/17/2025,0.04214,,,,,,,,
2/18/2025,0.04214,,,,,,,,
2/19/2025,0.04214,,,,,,,,
2/20/2025,0.04214,,,,,,,,
2/21/2025,0.04214,,,,,,,,
2/22/2025,0.04214,,,,,,,,
2/23/2025,0.04214,,,,,,,,
2/24/2025,0.04214,,,,,,,,
2/25/2025,0.04214,,,,,,,,
2/26/2025,0.04214,,,,,,,,
2/27/2025,0.04214,,,,,,,,
2/28/2025,0.04214,,,,,,,,
3/1/2025,0.07387,,,,,,,,
3/2/2025,0.07387,,,,,,,,
3/3/2025,0.07387,,,,,,,,
3/4/2025,0.07387,,,,,,,,
3/5/2025,0.07387,,,,,,,,
3/6/2025,0.07387,,,,,,,,
3/7/2025,0.07387,,,,,,,,
3/8/2025,0.07387,,,,,,,,
3/9/2025,0.07387,,,,,,,,
3/10/2025,0.07387,,,,,,,,
3/11/2025,0.07387,,,,,,,,
3/12/2025,0.07387,,,,,,,,
3/13/2025,0.07387,,,,,,,,
3/14/2025,0.07387,,,,,,,,
3/15/2025,0.07387,,,,,,,,
3/16/2025,0.07387,,,,,,,,
3/17/2025,0.07387,,,,,,,,
3/18/2025,0.07387,,,,,,,,
3/19/2025,0.07387,,,,,,,,
3/20/2025,0.07387,,,,,,,,
3/21/2025,0.07387,,,,,,,,
3/22/2025,0.07387,,,,,,,,
3/23/2025,0.07387,,,,,,,,
3/24/2025,0.07387,,,,,,,,
3/25/2025,0.07387,,,,,,,,
3/26/2025,0.07387,,,,,,,,
3/27/2025,0.07387,,,,,,,,
3/28/2025,0.07387,,,,,,,,
3/29/2025,0.07387,,,,,,,,
3/30/2025,0.07387,,,,,,,,
3/31/2025,0.07387,,,,,,,,
4/1/2025,0.11033,,,,,,,,
4/2/2025,0.11033,,,,,,,,
4/3/2025,0.11033,,,,,,,,
4/4/2025,0.11033,,,,,,,,
4/5/2025,0.11033,,,,,,,,
4/6/2025,0.11033,,,,,,,,
4/7/2025,0.11033,,,,,,,,
4/8/2025,0.11033,,,,,,,,
4/9/2025,0.11033,,,,,,,,
4/10/2025,0.11033,,,,,,,,
4/11/2025,0.11033,,,,,,,,
4/12/2025,0.11033,,,,,,,,
4/13/2025,0.11033,,,,,,,,
4/14/2025,0.11033,,,,,,,,
4/15/2025,0.11033,,,,,,,,
4/16/2025,0.11033,,,,,,,,
4/17/2025,0.11033,,,,,,,,
4/18/2025,0.11033,,,,,,,,
4/19/2025,0.11033,,,,,,,,
4/20/2025,0.11033,,,,,,,,
4/21/2025,0.11033,,,,,,,,
4/22/2025,0.11033,,,,,,,,
4/23/2025,0.11033,,,,,,,,
4/24/2025,0.11033,,,,,,,,
4/25/2025,0.11033,,,,,,,,
4/26/2025,0.11033,,,,,,,,
4/27/2025,0.11033,,,,,,,,
4/28/2025,0.11033,,,,,,,,
4/29/2025,0.11033,,,,,,,,
4/30/2025,0.11033,,,,,,,,
5/1/2025,0.16613,,,,,,,,
5/2/2025,0.16613,,,,,,,,
5/3/2025,0.16613,,,,,,,,
5/4/2025,0.16613,,,,,,,,
5/5/2025,0.16613,,,,,,,,
5/6/2025,0.16613,,,,,,,,
5/7/2025,0.16613,,,,,,,,
5/8/2025,0.16613,,,,,,,,
5/9/2025,0.16613,,,,,,,,
5/10/2025,0.16613,,,,,,,,
5/11/2025,0.16613,,,,,,,,
5/12/2025,0.16613,,,,,,,,
5/13/2025,0.16613,,,,,,,,
5/14/2025,0.16613,,,,,,,,
5/15/2025,0.16613,,,,,,,,
5/16/2025,0.16613,,,,,,,,
5/17/2025,0.16613,,,,,,,,
5/18/2025,0.16613,,,,,,,,
5/19/2025,0.16613,,,,,,,,
5/20/2025,0.16613,,,,,,,,
5/21/2025,0.16613,,,,,,,,
5/22/2025,0.16613,,,,,,,,
5/23/2025,0.16613,,,,,,,,
5/24/2025,0.16613,,,,,,,,
5/25/2025,0.16613,,,,,,,,
5/26/2025,0.16613,,,,,,,,
5/27/2025,0.16613,,,,,,,,
5/28/2025,0.16613,,,,,,,,
5/29/2025,0.16613,,,,,,,,
5/30/2025,0.16613,,,,,,,,
5/31/2025,0.16613,,,,,,,,
6/1/2025,0.20033,,,,,,,,
6/2/2025,0.20033,,,,,,,,
6/3/2025,0.20033,,,,,,,,
6/4/2025,0.20033,,,,,,,,
6/5/2025,0.20033,,,,,,,,
6/6/2025,0.20033,,,,,,,,
6/7/2025,0.20033,,,,,,,,
6/8/2025,0.20033,,,,,,,,
6/9/2025,0.20033,,,,,,,,
6/10/2025,0.20033,,,,,,,,
6/11/2025,0.20033,,,,,,,,
6/12/2025,0.20033,,,,,,,,
6/13/2025,0.20033,,,,,,,,
6/14/2025,0.20033,,,,,,,,
6/15/2025,0.20033,,,,,,,,
6/16/2025,0.20033,,,,,,,,
6/17/2025,0.20033,,,,,,,,
6/18/2025,0.20033,,,,,,,,
6/19/2025,0.20033,,,,,,,,
6/20/2025,0.20033,,,,,,,,
6/21/2025,0.20033,,,,,,,,
6/22/2025,0.20033,,,,,,,,
6/23/2025,0.20033,,,,,,,,
6/24/2025,0.20033,,,,,,,,
6/25/2025,0.20033,,,,,,,,
6/26/2025,0.20033,,,,,,,,
6/27/2025,0.20033,,,,,,,,
6/28/2025,0.20033,,,,,,,,
6/29/2025,0.20033,,,,,,,,
6/30/2025,0.20033,,,,,,,,
7/1/2025,0.23871,,,,,,,,
7/2/2025,0.23871,,,,,,,,
7/3/2025,0.23871,,,,,,,,
7/4/2025,0.23871,,,,,,,,
7/5/2025,0.23871,,,,,,,,
7/6/2025,0.23871,,,,,,,,
7/7/2025,0.23871,,,,,,,,
7/8/2025,0.23871,,,,,,,,
7/9/2025,0.23871,,,,,,,,
7/10/2025,0.23871,,,,,,,,
7/11/2025,0.23871,,,,,,,,
7/12/2025,0.23871,,,,,,,,
7/13/2025,0.23871,,,,,,,,
7/14/2025,0.23871,,,,,,,,
7/15/2025,0.23871,,,,,,,,
7/16/2025,0.23871,,,,,,,,
7/17/2025,0.23871,,,,,,,,
7/18/2025,0.23871,,,,,,,,
7/19/2025,0.23871,,,,,,,,
7/20/2025,0.23871,,,,,,,,
7/21/2025,0.23871,,,,,,,,
7/22/2025,0.23871,,,,,,,,
7/23/2025,0.23871,,,,,,,,
7/24/2025,0.23871,,,,,,,,
7/25/2025,0.23871,,,,,,,,
7/26/2025,0.23871,,,,,,,,
7/27/2025,0.23871,,,,,,,,
7/28/2025,0.23871,,,,,,,,
7/29/2025,0.23871,,,,,,,,
7/30/2025,0.23871,,,,,,,,
7/31/2025,0.23871,,,,,,,,
8/1/2025,0.21871,,,,,,,,
8/2/2025,0.21871,,,,,,,,
8/3/2025,0.21871,,,,,,,,
8/4/2025,0.21871,,,,,,,,
8/5/2025,0.21871,,,,,,,,
8/6/2025,0.21871,,,,,,,,
8/7/2025,0.21871,,,,,,,,
8/8/2025,0.21871,,,,,,,,
8/9/2025,0.21871,,,,,,,,
8/10/2025,0.21871,,,,,,,,
8/11/2025,0.21871,,,,,,,,
8/12/2025,0.21871,,,,,,,,
8/13/2025,0.21871,,,,,,,,
8/14/2025,0.21871,,,,,,,,
8/15/2025,0.21871,,,,,,,,
8/16/2025,0.21871,,,,,,,,
8/17/2025,0.21871,,,,,,,,
8/18/2025,0.21871,,,,,,,,
8/19/2025,0.21871,,,,,,,,
8/20/2025,0.21871,,,,,,,,
8/21/2025,0.21871,,,,,,,,
8/22/2025,0.21871,,,,,,,,
8/23/2025,0.21871,,,,,,,,
8/24/2025,0.21871,,,,,,,,
8/25/2025,0.21871,,,,,,,,
8/26/2025,0.21871,,,,,,,,
8/27/2025,0.21871,,,,,,,,
8/28/2025,0.21871,,,,,,,,
8/29/2025,0.21871,,,,,,,,
8/30/2025,0.21871,,,,,,,,
8/31/2025,0.21871,,,,,,,,
9/1/2025,0.156,,,,,,,,
9/2/2025,0.156,,,,,,,,
9/3/2025,0.156,,,,,,,,
9/4/2025,0.156,,,,,,,,
9/5/2025,0.156,,,,,,,,
9/6/2025,0.156,,,,,,,,
9/7/2025,0.156,,,,,,,,
9/8/2025,0.156,,,,,,,,
9/9/2025,0.156,,,,,,,,
9/10/2025,0.156,,,,,,,,
9/11/2025,0.156,,,,,,,,
9/12/2025,0.156,,,,,,,,
9/13/2025,0.156,,,,,,,,
9/14/2025,0.156,,,,,,,,
9/15/2025,0.156,,,,,,,,
9/16/2025,0.156,,,,,,,,
9/17/2025,0.156,,,,,,,,
9/18/2025,0.156,,,,,,,,
9/19/2025,0.156,,,,,,,,
9/20/2025,0.156,,,,,,,,
9/21/2025,0.156,,,,,,,,
9/22/2025,0.156,,,,,,,,
9/23/2025,0.156,,,,,,,,
9/24/2025,0.156,,,,,,,,
9/25/2025,0.156,,,,,,,,
9/26/2025,0.156,,,,,,,,
9/27/2025,0.156,,,,,,,,
9/28/2025,0.156,,,,,,,,
9/29/2025,0.156,,,,,,,,
9/30/2025,0.156,,,,,,,,
10/1/2025,0.0771,,,,,,,,
10/2/2025,0.0771,,,,,,,,
10/3/2025,0.0771,,,,,,,,
10/4/2025,0.0771,,,,,,,,
10/5/2025,0.0771,,,,,,,,
10/6/2025,0.0771,,,,,,,,
10/7/2025,0.0771,,,,,,,,
10/8/2025,0.0771,,,,,,,,
10/9/2025,0.0771,,,,,,,,
10/10/2025,0.0771,,,,,,,,
10/11/2025,0.0771,,,,,,,,
10/12/2025,0.0771,,,,,,,,
10/13/2025,0.0771,,,,,,,,
10/14/2025,0.0771,,,,,,,,
10/15/2025,0.0771,,,,,,,,
10/16/2025,0.0771,,,,,,,,
10/17/2025,0.0771,,,,,,,,
10/18/2025,0.0771,,,,,,,,
10/19/2025,0.0771,,,,,,,,
10/20/2025,0.0771,,,,,,,,
10/21/2025,0.0771,,,,,,,,
10/22/2025,0.0771,,,,,,,,
10/23/2025,0.0771,,,,,,,,
10/24/2025,0.0771,,,,,,,,
10/25/2025,0.0771,,,,,,,,
10/26/2025,0.0771,,,,,,,,
10/27/2025,0.0771,,,,,,,,
10/28/2025,0.0771,,,,,,,,
10/29/2025,0.0771,,,,,,,,
10/30/2025,0.0771,,,,,,,,
10/31/2025,0.0771,,,,,,,,
11/1/2025,0.035,,,,,,,,
11/2/2025,0.035,,,,,,,,
11/3/2025,0.035,,,,,,,,
11/4/2025,0.035,,,,,,,,
11/5/2025,0.035,,,,,,,,
11/6/2025,0.035,,,,,,,,
11/7/2025,0.035,,,,,,,,
11/8/2025,0.035,,,,,,,,
11/9/2025,0.035,,,,,,,,
11/10/2025,0.035,,,,,,,,
11/11/2025,0.035,,,,,,,,
11/12/2025,0.035,,,,,,,,
11/13/2025,0.035,,,,,,,,
11/14/2025,0.035,,,,,,,,
11/15/2025,0.035,,,,,,,,
11/16/2025,0.035,,,,,,,,
11/17/2025,0.035,,,,,,,,
11/18/2025,0.035,,,,,,,,
11/19/2025,0.035,,,,,,,,
11/20/2025,0.035,,,,,,,,
11/21/2025,0.035,,,,,,,,
11/22/2025,0.035,,,,,,,,
11/23/2025,0.035,,,,,,,,
11/24/2025,0.035,,,,,,,,
11/25/2025,0.035,,,,,,,,
11/26/2025,0.035,,,,,,,,
11/27/2025,0.035,,,,,,,,
11/28/2025,0.035,,,,,,,,
11/29/2025,0.035,,,,,,,,
11/30/2025,0.035,,,,,,,,
12/1/2025,0.01839,,,,,,,,
12/2/2025,0.01839,,,,,,,,
12/3/2025,0.01839,,,,,,,,
12/4/2025,0.01839,,,,,,,,
12/5/2025,0.01839,,,,,,,,
12/6/2025,0.01839,,,,,,,,
12/7/2025,0.01839,,,,,,,,
12/8/2025,0.01839,,,,,,,,
12/9/2025,0.01839,,,,,,,,
12/10/2025,0.01839,,,,,,,,
12/11/2025,0.01839,,,,,,,,
12/12/2025,0.01839,,,,,,,,
12/13/2025,0.01839,,,,,,,,
12/14/2025,0.01839,,,,,,,,
12/15/2025,0.01839,,,,,,,,
12/16/2025,0.01839,,,,,,,,
12/17/2025,0.01839,,,,,,,,
12/18/2025,0.01839,,,,,,,,
12/19/2025,0.01839,,,,,,,,
12/20/2025,0.01839,,,,,,,,
12/21/2025,0.01839,,,,,,,,
12/22/2025,0.01839,,,,,,,,
12/23/2025,0.01839,,,,,,,,
12/24/2025,0.01839,,,,,,,,
12/25/2025,0.01839,,,,,,,,
12/26/2025,0.01839,,,,,,,,
12/27/2025,0.01839,,,,,,,,
12/28/2025,0.01839,,,,,,,,
12/29/2025,0.01839,,,,,,,,
12/30/2025,0.01839,,,,,,,,
12/31/2025,0.01839,,,,,,,,
1/1/2026,0.02032,,,,,,,,
1/2/2026,0.02032,,,,,,,,
1/3/2026,0.02032,,,,,,,,
1/4/2026,0.02032,,,,,,,,
1/5/2026,0.02032,,,,,,,,
1/6/2026,0.02032,,,,,,,,
1/7/2026,0.02032,,,,,,,,
1/8/2026,0.02032,,,,,,,,
1/9/2026,0.02032,,,,,,,,
1/10/2026,0.02032,,,,,,,,
1/11/2026,0.02032,,,,,,,,
1/12/2026,0.02032,,,,,,,,
1/13/2026,0.02032,,,,,,,,
1/14/2026,0.02032,,,,,,,,
1/15/2026,0.02032,,,,,,,,
1/16/2026,0.02032,,,,,,,,
1/17/2026,0.02032,,,,,,,,
1/18/2026,0.02032,,,,,,,,
1/19/2026,0.02032,,,,,,,,
1/20/2026,0.02032,,,,,,,,
1/21/2026,0.02032,,,,,,,,
1/22/2026,0.02032,,,,,,,,
1/23/2026,0.02032,,,,,,,,
1/24/2026,0.02032,,,,,,,,
1/25/2026,0.02032,,,,,,,,
1/26/2026,0.02032,,,,,,,,
1/27/2026,0.02032,,,,,,,,
1/28/2026,0.02032,,,,,,,,
1/29/2026,0.02032,,,,,,,,
1/30/2026,0.02032,,,,,,,,
1/31/2026,0.02032,,,,,,,,
2/1/2026,0.04214,,,,,,,,
2/2/2026,0.04214,,,,,,,,
2/3/2026,0.04214,,,,,,,,
2/4/2026,0.04214,,,,,,,,
2/5/2026,0.04214,,,,,,,,
2/6/2026,0.04214,,,,,,,,
2/7/2026,0.04214,,,,,,,,
2/8/2026,0.04214,,,,,,,,
2/9/2026,0.04214,,,,,,,,
2/10/2026,0.04214,,,,,,,,
2/11/2026,0.04214,,,,,,,,
2/12/2026,0.04214,,,,,,,,
2/13/2026,0.04214,,,,,,,,
2/14/2026,0.04214,,,,,,,,
2/15/2026,0.04214,,,,,,,,
2/16/2026,0.04214,,,,,,,,
2/17/2026,0.04214,,,,,,,,
2/18/2026,0.04214,,,,,,,,
2/19/2026,0.04214,,,,,,,,
2/20/2026,0.04214,,,,,,,,
2/21/2026,0.04214,,,,,,,,
2/22/2026,0.04214,,,,,,,,
2/23/2026,0.04214,,,,,,,,
2/24/2026,0.04214,,,,,,,,
2/25/2026,0.04214,,,,,,,,
2/26/2026,0.04214,,,,,,,,
2/27/2026,0.04214,,,,,,,,
2/28/2026,0.04214,,,,,,,,
3/1/2026,0.07387,,,,,,,,
3/2/2026,0.07387,,,,,,,,
3/3/2026,0.07387,,,,,,,,
3/4/2026,0.07387,,,,,,,,
3/5/2026,0.07387,,,,,,,,
3/6/2026,0.07387,,,,,,,,
3/7/2026,0.07387,,,,,,,,
3/8/2026,0.07387,,,,,,,,
3/9/2026,0.07387,,,,,,,,
3/10/2026,0.07387,,,,,,,,
3/11/2026,0.07387,,,,,,,,
3/12/2026,0.07387,,,,,,,,
3/13/2026,0.07387,,,,,,,,
3/14/2026,0.07387,,,,,,,,
3/15/2026,0.07387,,,,,,,,
3/16/2026,0.07387,,,,,,,,
3/17/2026,0.07387,,,,,,,,
3/18/2026,0.07387,,,,,,,,
3/19/2026,0.07387,,,,,,,,
3/20/2026,0.07387,,,,,,,,
3/21/2026,0.07387,,,,,,,,
3/22/2026,0.07387,,,,,,,,
3/23/2026,0.07387,,,,,,,,
3/24/2026,0.07387,,,,,,,,
3/25/2026,0.07387,,,,,,,,
3/26/2026,0.07387,,,,,,,,
3/27/2026,0.07387,,,,,,,,
3/28/2026,0.07387,,,,,,,,
3/29/2026,0.07387,,,,,,,,
3/30/2026,0.07387,,,,,,,,
3/31/2026,0.07387,,,,,,,,
4/1/2026,0.11033,,,,,,,,
4/2/2026,0.11033,,,,,,,,
4/3/2026,0.11033,,,,,,,,
4/4/2026,0.11033,,,,,,,,
4/5/2026,0.11033,,,,,,,,
4/6/2026,0.11033,,,,,,,,
4/7/2026,0.11033,,,,,,,,
4/8/2026,0.11033,,,,,,,,
4/9/2026,0.11033,,,,,,,,
4/10/2026,0.11033,,,,,,,,
4/11/2026,0.11033,,,,,,,,
4/12/2026,0.11033,,,,,,,,
4/13/2026,0.11033,,,,,,,,
4/14/2026,0.11033,,,,,,,,
4/15/2026,0.11033,,,,,,,,
4/16/2026,0.11033,,,,,,,,
4/17/2026,0.11033,,,,,,,,
4/18/2026,0.11033,,,,,,,,
4/19/2026,0.11033,,,,,,,,
4/20/2026,0.11033,,,,,,,,
4/21/2026,0.11033,,,,,,,,
4/22/2026,0.11033,,,,,,,,
4/23/2026,0.11033,,,,,,,,
4/24/2026,0.11033,,,,,,,,
4/25/2026,0.11033,,,,,,,,
4/26/2026,0.11033,,,,,,,,
4/27/2026,0.11033,,,,,,,,
4/28/2026,0.11033,,,,,,,,
4/29/2026,0.11033,,,,,,,,
4/30/2026,0.11033,,,,,,,,
5/1/2026,0.16613,,,,,,,,
5/2/2026,0.16613,,,,,,,,
5/3/2026,0.16613,,,,,,,,
5/4/2026,0.16613,,,,,,,,
5/5/2026,0.16613,,,,,,,,
5/6/2026,0.16613,,,,,,,,
5/7/2026,0.16613,,,,,,,,
5/8/2026,0.16613,,,,,,,,
5/9/2026,0.16613,,,,,,,,
5/10/2026,0.16613,,,,,,,,
5/11/2026,0.16613,,,,,,,,
5/12/2026,0.16613,,,,,,,,
5/13/2026,0.16613,,,,,,,,
5/14/2026,0.16613,,,,,,,,
5/15/2026,0.16613,,,,,,,,
5/16/2026,0.16613,,,,,,,,
5/17/2026,0.16613,,,,,,,,
5/18/2026,0.16613,,,,,,,,
5/19/2026,0.16613,,,,,,,,
5/20/2026,0.16613,,,,,,,,
5/21/2026,0.16613,,,,,,,,
5/22/2026,0.16613,,,,,,,,
5/23/2026,0.16613,,,,,,,,
5/24/2026,0.16613,,,,,,,,
5/25/2026,0.16613,,,,,,,,
5/26/2026,0.16613,,,,,,,,
5/27/2026,0.16613,,,,,,,,
5/28/2026,0.16613,,,,,,,,
5/29/2026,0.16613,,,,,,,,
5/30/2026,0.16613,,,,,,,,
5/31/2026,0.16613,,,,,,,,
6/1/2026,0.20033,,,,,,,,
6/2/2026,0.20033,,,,,,,,
6/3/2026,0.20033,,,,,,,,
6/4/2026,0.20033,,,,,,,,
6/5/2026,0.20033,,,,,,,,
6/6/2026,0.20033,,,,,,,,
6/7/2026,0.20033,,,,,,,,
6/8/2026,0.20033,,,,,,,,
6/9/2026,0.20033,,,,,,,,
6/10/2026,0.20033,,,,,,,,
6/11/2026,0.20033,,,,,,,,
6/12/2026,0.20033,,,,,,,,
6/13/2026,0.20033,,,,,,,,
6/14/2026,0.20033,,,,,,,,
6/15/2026,0.20033,,,,,,,,
6/16/2026,0.20033,,,,,,,,
6/17/2026,0.20033,,,,,,,,
6/18/2026,0.20033,,,,,,,,
6/19/2026,0.20033,,,,,,,,
6/20/2026,0.20033,,,,,,,,
6/21/2026,0.20033,,,,,,,,
6/22/2026,0.20033,,,,,,,,
6/23/2026,0.20033,,,,,,,,
6/24/2026,0.20033,,,,,,,,
6/25/2026,0.20033,,,,,,,,
6/26/2026,0.20033,,,,,,,,
6/27/2026,0.20033,,,,,,,,
6/28/2026,0.20033,,,,,,,,
6/29/2026,0.20033,,,,,,,,
6/30/2026,0.20033,,,,,,,,
7/1/2026,0.23871,,,,,,,,
7/2/2026,0.23871,,,,,,,,
7/3/2026,0.23871,,,,,,,,
7/4/2026,0.23871,,,,,,,,
7/5/2026,0.23871,,,,,,,,
7/6/2026,0.23871,,,,,,,,
7/7/2026,0.23871,,,,,,,,
7/8/2026,0.23871,,,,,,,,
7/9/2026,0.23871,,,,,,,,
7/10/2026,0.23871,,,,,,,,
7/11/2026,0.23871,,,,,,,,
7/12/2026,0.23871,,,,,,,,
7/13/2026,0.23871,,,,,,,,
7/14/2026,0.23871,,,,,,,,
7/15/2026,0.23871,,,,,,,,
7/16/2026,0.23871,,,,,,,,
7/17/2026,0.23871,,,,,,,,
7/18/2026,0.23871,,,,,,,,
7/19/2026,0.23871,,,,,,,,
7/20/2026,0.23871,,,,,,,,
7/21/2026,0.23871,,,,,,,,
7/22/2026,0.23871,,,,,,,,
7/23/2026,0.23871,,,,,,,,
7/24/2026,0.23871,,,,,,,,
7/25/2026,0.23871,,,,,,,,
7/26/2026,0.23871,,,,,,,,
7/27/2026,0.23871,,,,,,,,
7/28/2026,0.23871,,,,,,,,
7/29/2026,0.23871,,,,,,,,
7/30/2026,0.23871,,,,,,,,
7/31/2026,0.23871,,,,,,,,
8/1/2026,0.21871,,,,,,,,
8/2/2026,0.21871,,,,,,,,
8/3/2026,0.21871,,,,,,,,
8/4/2026,0.21871,,,,,,,,
8/5/2026,0.21871,,,,,,,,
8/6/2026,0.21871,,,,,,,,
8/7/2026,0.21871,,,,,,,,
8/8/2026,0.21871,,,,,,,,
8/9/2026,0.21871,,,,,,,,
8/10/2026,0.21871,,,,,,,,
8/11/2026,0.21871,,,,,,,,
8/12/2026,0.21871,,,,,,,,
8/13/2026,0.21871,,,,,,,,
8/14/2026,0.21871,,,,,,,,
8/15/2026,0.21871,,,,,,,,
8/16/2026,0.21871,,,,,,,,
8/17/2026,0.21871,,,,,,,,
8/18/2026,0.21871,,,,,,,,
8/19/2026,0.21871,,,,,,,,
8/20/2026,0.21871,,,,,,,,
8/21/2026,0.21871,,,,,,,,
8/22/2026,0.21871,,,,,,,,
8/23/2026,0.21871,,,,,,,,
8/24/2026,0.21871,,,,,,,,
8/25/2026,0.21871,,,,,,,,
8/26/2026,0.21871,,,,,,,,
8/27/2026,0.21871,,,,,,,,
8/28/2026,0.21871,,,,,,,,
8/29/2026,0.21871,,,,,,,,
8/30/2026,0.21871,,,,,,,,
8/31/2026,0.21871,,,,,,,,
9/1/2026,0.156,,,,,,,,
9/2/2026,0.156,,,,,,,,
9/3/2026,0.156,,,,,,,,
9/4/2026,0.156,,,,,,,,
9/5/2026,0.156,,,,,,,,
9/6/2026,0.156,,,,,,,,
9/7/2026,0.156,,,,,,,,
9/8/2026,0.156,,,,,,,,
9/9/2026,0.156,,,,,,,,
9/10/2026,0.156,,,,,,,,
9/11/2026,0.156,,,,,,,,
9/12/2026,0.156,,,,,,,,
9/13/2026,0.156,,,,,,,,
9/14/2026,0.156,,,,,,,,
9/15/2026,0.156,,,,,,,,
9/16/2026,0.156,,,,,,,,
9/17/2026,0.156,,,,,,,,
9/18/2026,0.156,,,,,,,,
9/19/2026,0.156,,,,,,,,
9/20/2026,0.156,,,,,,,,
9/21/2026,0.156,,,,,,,,
9/22/2026,0.156,,,,,,,,
9/23/2026,0.156,,,,,,,,
9/24/2026,0.156,,,,,,,,
9/25/2026,0.156,,,,,,,,
9/26/2026,0.156,,,,,,,,
9/27/2026,0.156,,,,,,,,
9/28/2026,0.156,,,,,,,,
9/29/2026,0.156,,,,,,,,
9/30/2026,0.156,,,,,,,,